cdn-manifest.json	7247
kol-vault-mgmt/.bzempty	0
kolkrabbi/.bzEmpty	0
website/art-prints/.DS_Store	6148
website/art-prints/manifest.yaml	3808
website/art-prints/print-blokk/artwork/blokk-artwork-1132.jpg	100595
website/art-prints/print-blokk/artwork/blokk-artwork-1700.jpg	238353
website/art-prints/print-blokk/artwork/blokk-artwork-2840.jpg	735193
website/art-prints/print-blokk/artwork/blokk-artwork-566.jpg	27426
website/art-prints/print-blokk/blokk-certificate.jpg	832661
website/art-prints/print-blokk/data.yaml	446
website/art-prints/print-blokk/print/blokk-print-1132.jpg	82284
website/art-prints/print-blokk/print/blokk-print-1700.jpg	199030
website/art-prints/print-blokk/print/blokk-print-2840.jpg	647649
website/art-prints/print-blokk/print/blokk-print-566.jpg	20847
website/art-prints/print-borg/artwork/borg-artwork-1132.jpg	69682
website/art-prints/print-borg/artwork/borg-artwork-1700.jpg	146618
website/art-prints/print-borg/artwork/borg-artwork-2840.jpg	392957
website/art-prints/print-borg/artwork/borg-artwork-566.jpg	20643
website/art-prints/print-borg/borg-certificate.jpg	689841
website/art-prints/print-borg/data.yaml	442
website/art-prints/print-borg/print/borg-print-1132.jpg	74939
website/art-prints/print-borg/print/borg-print-1700.jpg	183438
website/art-prints/print-borg/print/borg-print-2840.jpg	592503
website/art-prints/print-borg/print/borg-print-566.jpg	18899
website/art-prints/print-faust/artwork/faust-artwork-1132.jpg	116426
website/art-prints/print-faust/artwork/faust-artwork-1700.jpg	294485
website/art-prints/print-faust/artwork/faust-artwork-2840.jpg	906087
website/art-prints/print-faust/artwork/faust-artwork-566.jpg	23254
website/art-prints/print-faust/data.yaml	446
website/art-prints/print-faust/faust-certificate.jpg	691436
website/art-prints/print-faust/print/faust-print-1132.jpg	118647
website/art-prints/print-faust/print/faust-print-1700.jpg	298436
website/art-prints/print-faust/print/faust-print-2840.jpg	912965
website/art-prints/print-faust/print/faust-print-566.jpg	24256
website/art-prints/print-frank/artwork/frank-artwork-1132.jpg	96997
website/art-prints/print-frank/artwork/frank-artwork-1700.jpg	204275
website/art-prints/print-frank/artwork/frank-artwork-2840.jpg	562785
website/art-prints/print-frank/artwork/frank-artwork-566.jpg	26990
website/art-prints/print-frank/data.yaml	446
website/art-prints/print-frank/frank-certificate.jpg	832419
website/art-prints/print-frank/print/frank-print-1132.jpg	75246
website/art-prints/print-frank/print/frank-print-1700.jpg	186801
website/art-prints/print-frank/print/frank-print-2840.jpg	585812
website/art-prints/print-frank/print/frank-print-566.jpg	17277
website/art-prints/print-fvv/artwork/fvv-artwork-1132.jpg	171706
website/art-prints/print-fvv/artwork/fvv-artwork-1700.jpg	390281
website/art-prints/print-fvv/artwork/fvv-artwork-2840.jpg	1076471
website/art-prints/print-fvv/artwork/fvv-artwork-566.jpg	42506
website/art-prints/print-fvv/data.yaml	438
website/art-prints/print-fvv/fvv-certificate.jpg	690878
website/art-prints/print-fvv/print/fvv-print-1132.jpg	141115
website/art-prints/print-fvv/print/fvv-print-1700.jpg	337923
website/art-prints/print-fvv/print/fvv-print-2840.jpg	992014
website/art-prints/print-fvv/print/fvv-print-566.jpg	32041
website/art-prints/print-himbrak/artwork/himbrak-artwork-1132.jpg	49076
website/art-prints/print-himbrak/artwork/himbrak-artwork-1700.jpg	123106
website/art-prints/print-himbrak/artwork/himbrak-artwork-2840.jpg	412319
website/art-prints/print-himbrak/artwork/himbrak-artwork-566.jpg	13348
website/art-prints/print-himbrak/data.yaml	454
website/art-prints/print-himbrak/himbrak-certificate.jpg	832702
website/art-prints/print-himbrak/print/himbrak-print-1132.jpg	55803
website/art-prints/print-himbrak/print/himbrak-print-1700.jpg	153375
website/art-prints/print-himbrak/print/himbrak-print-2840.jpg	539623
website/art-prints/print-himbrak/print/himbrak-print-566.jpg	12899
website/art-prints/print-himnuhorn/artwork/himnuhorn-artwork-1132.jpg	70891
website/art-prints/print-himnuhorn/artwork/himnuhorn-artwork-1700.jpg	170844
website/art-prints/print-himnuhorn/artwork/himnuhorn-artwork-2840.jpg	547240
website/art-prints/print-himnuhorn/artwork/himnuhorn-artwork-566.jpg	20387
website/art-prints/print-himnuhorn/data.yaml	462
website/art-prints/print-himnuhorn/himnuhorn-certificate.jpg	833004
website/art-prints/print-himnuhorn/print/himnuhorn-print-1132.jpg	64621
website/art-prints/print-himnuhorn/print/himnuhorn-print-1700.jpg	172228
website/art-prints/print-himnuhorn/print/himnuhorn-print-2840.jpg	599785
website/art-prints/print-himnuhorn/print/himnuhorn-print-566.jpg	15227
website/art-prints/print-hornhimna/artwork/hornhimna-artwork-1132.jpg	141618
website/art-prints/print-hornhimna/artwork/hornhimna-artwork-1700.jpg	283402
website/art-prints/print-hornhimna/artwork/hornhimna-artwork-2840.jpg	741427
website/art-prints/print-hornhimna/artwork/hornhimna-artwork-566.jpg	46259
website/art-prints/print-hornhimna/data.yaml	462
website/art-prints/print-hornhimna/hornhimna-certificate.jpg	833094
website/art-prints/print-hornhimna/print/hornhimna-print-1132.jpg	109334
website/art-prints/print-hornhimna/print/hornhimna-print-1700.jpg	248616
website/art-prints/print-hornhimna/print/hornhimna-print-2840.jpg	736939
website/art-prints/print-hornhimna/print/hornhimna-print-566.jpg	29645
website/art-prints/print-launrad/artwork/launrad-artwork-1132.jpg	166663
website/art-prints/print-launrad/artwork/launrad-artwork-1700.jpg	348565
website/art-prints/print-launrad/artwork/launrad-artwork-2840.jpg	885919
website/art-prints/print-launrad/artwork/launrad-artwork-566.jpg	52420
website/art-prints/print-launrad/data.yaml	456
website/art-prints/print-launrad/launrad-certificate.jpg	833041
website/art-prints/print-launrad/print/launrad-print-1132.jpg	129206
website/art-prints/print-launrad/print/launrad-print-1700.jpg	290281
website/art-prints/print-launrad/print/launrad-print-2840.jpg	827889
website/art-prints/print-launrad/print/launrad-print-566.jpg	38030
website/art-prints/print-midday/artwork/midday-artwork-1132.jpg	87982
website/art-prints/print-midday/artwork/midday-artwork-1700.jpg	169725
website/art-prints/print-midday/artwork/midday-artwork-2840.jpg	419875
website/art-prints/print-midday/artwork/midday-artwork-566.jpg	29753
website/art-prints/print-midday/data.yaml	450
website/art-prints/print-midday/midday-certificate.jpg	710483
website/art-prints/print-midday/print/midday-print-1132.jpg	86739
website/art-prints/print-midday/print/midday-print-1700.jpg	201205
website/art-prints/print-midday/print/midday-print-2840.jpg	613750
website/art-prints/print-midday/print/midday-print-566.jpg	23273
website/art-prints/print-midnight/artwork/midnight-artwork-1132.jpg	105719
website/art-prints/print-midnight/artwork/midnight-artwork-1700.jpg	217864
website/art-prints/print-midnight/artwork/midnight-artwork-2840.jpg	560156
website/art-prints/print-midnight/artwork/midnight-artwork-566.jpg	35006
website/art-prints/print-midnight/data.yaml	458
website/art-prints/print-midnight/midnight-certificate.jpg	710384
website/art-prints/print-midnight/print/midnight-print-1132.jpg	98947
website/art-prints/print-midnight/print/midnight-print-1700.jpg	223087
website/art-prints/print-midnight/print/midnight-print-2840.jpg	674665
website/art-prints/print-midnight/print/midnight-print-566.jpg	26461
website/art-prints/print-myrkvi/artwork/myrkvi-artwork-1132.jpg	102969
website/art-prints/print-myrkvi/artwork/myrkvi-artwork-1700.jpg	228654
website/art-prints/print-myrkvi/artwork/myrkvi-artwork-2840.jpg	591893
website/art-prints/print-myrkvi/artwork/myrkvi-artwork-566.jpg	26349
website/art-prints/print-myrkvi/data.yaml	450
website/art-prints/print-myrkvi/myrkvi-certificate.jpg	832840
website/art-prints/print-myrkvi/print/myrkvi-print-1132.jpg	78451
website/art-prints/print-myrkvi/print/myrkvi-print-1700.jpg	200566
website/art-prints/print-myrkvi/print/myrkvi-print-2840.jpg	632353
website/art-prints/print-myrkvi/print/myrkvi-print-566.jpg	17080
website/art-prints/print-mytar/artwork/mytar-artwork-1132.jpg	110814
website/art-prints/print-mytar/artwork/mytar-artwork-1700.jpg	257241
website/art-prints/print-mytar/artwork/mytar-artwork-2840.jpg	762358
website/art-prints/print-mytar/artwork/mytar-artwork-566.jpg	26182
website/art-prints/print-mytar/data.yaml	447
website/art-prints/print-mytar/mytar-certificate.jpg	690237
website/art-prints/print-mytar/print/mytar-print-1132.jpg	84174
website/art-prints/print-mytar/print/mytar-print-1700.jpg	221916
website/art-prints/print-mytar/print/mytar-print-2840.jpg	716787
website/art-prints/print-mytar/print/mytar-print-566.jpg	17280
website/art-prints/print-skinnalon/artwork/skinnalon-artwork-1132.jpg	70576
website/art-prints/print-skinnalon/artwork/skinnalon-artwork-1700.jpg	185856
website/art-prints/print-skinnalon/artwork/skinnalon-artwork-2840.jpg	637415
website/art-prints/print-skinnalon/artwork/skinnalon-artwork-566.jpg	17381
website/art-prints/print-skinnalon/data.yaml	463
website/art-prints/print-skinnalon/print/skinnalon-print-1132.jpg	71159
website/art-prints/print-skinnalon/print/skinnalon-print-1700.jpg	186809
website/art-prints/print-skinnalon/print/skinnalon-print-2840.jpg	646406
website/art-prints/print-skinnalon/print/skinnalon-print-566.jpg	17318
website/art-prints/print-skinnalon/skinnalon-certificate.jpg	691361
website/art-prints/print-skovia/artwork/skovia-artwork-1132.jpg	98847
website/art-prints/print-skovia/artwork/skovia-artwork-1700.jpg	233591
website/art-prints/print-skovia/artwork/skovia-artwork-2840.jpg	682422
website/art-prints/print-skovia/artwork/skovia-artwork-566.jpg	26386
website/art-prints/print-skovia/data.yaml	450
website/art-prints/print-skovia/print/skovia-print-1132.jpg	84973
website/art-prints/print-skovia/print/skovia-print-1700.jpg	212998
website/art-prints/print-skovia/print/skovia-print-2840.jpg	683579
website/art-prints/print-skovia/print/skovia-print-566.jpg	20591
website/art-prints/print-skovia/skovia-certificate.jpg	3648141
website/art-prints/print-tangents/artwork/tangents-artwork-1132.jpg	66893
website/art-prints/print-tangents/artwork/tangents-artwork-1700.jpg	182139
website/art-prints/print-tangents/artwork/tangents-artwork-2840.jpg	621718
website/art-prints/print-tangents/artwork/tangents-artwork-566.jpg	13083
website/art-prints/print-tangents/data.yaml	458
website/art-prints/print-tangents/print/tangents-print-1132.jpg	57511
website/art-prints/print-tangents/print/tangents-print-1700.jpg	167678
website/art-prints/print-tangents/print/tangents-print-2840.jpg	606231
website/art-prints/print-tangents/print/tangents-print-566.jpg	10933
website/art-prints/print-tangents/tangents-certificate.jpg	692266
website/art-prints/print-timi-01/artwork/timi-01-artwork-1132.jpg	46397
website/art-prints/print-timi-01/artwork/timi-01-artwork-1700.jpg	91100
website/art-prints/print-timi-01/artwork/timi-01-artwork-2840.jpg	231874
website/art-prints/print-timi-01/artwork/timi-01-artwork-566.jpg	14655
website/art-prints/print-timi-01/data.yaml	452
website/art-prints/print-timi-01/print/timi-01-print-1132.jpg	65626
website/art-prints/print-timi-01/print/timi-01-print-1700.jpg	161385
website/art-prints/print-timi-01/print/timi-01-print-2840.jpg	509441
website/art-prints/print-timi-01/print/timi-01-print-566.jpg	15711
website/art-prints/print-timi-01/timi-01-certificate.jpg	691377
website/art-prints/print-timi-02/artwork/timi-02-artwork-1132.jpg	53366
website/art-prints/print-timi-02/artwork/timi-02-artwork-1700.jpg	126119
website/art-prints/print-timi-02/artwork/timi-02-artwork-2840.jpg	401229
website/art-prints/print-timi-02/artwork/timi-02-artwork-566.jpg	14720
website/art-prints/print-timi-02/data.yaml	455
website/art-prints/print-timi-02/print/timi-02-print-1132.jpg	61263
website/art-prints/print-timi-02/print/timi-02-print-1700.jpg	161988
website/art-prints/print-timi-02/print/timi-02-print-2840.jpg	553135
website/art-prints/print-timi-02/print/timi-02-print-566.jpg	13780
website/art-prints/print-timi-02/timi-02-certificate.jpg	690237
website/art-prints/print-timi-03/artwork/timi-03-artwork-1132.jpg	84624
website/art-prints/print-timi-03/artwork/timi-03-artwork-1700.jpg	166161
website/art-prints/print-timi-03/artwork/timi-03-artwork-2840.jpg	406520
website/art-prints/print-timi-03/artwork/timi-03-artwork-566.jpg	29384
website/art-prints/print-timi-03/data.yaml	458
website/art-prints/print-timi-03/print/timi-03-print-1132.jpg	81865
website/art-prints/print-timi-03/print/timi-03-print-1700.jpg	190922
website/art-prints/print-timi-03/print/timi-03-print-2840.jpg	585599
website/art-prints/print-timi-03/print/timi-03-print-566.jpg	23242
website/art-prints/print-timi-03/timi-03-certificate.jpg	690469
website/art-prints/print-timi-04/artwork/timi-04-artwork-1132.jpg	70473
website/art-prints/print-timi-04/artwork/timi-04-artwork-1700.jpg	187432
website/art-prints/print-timi-04/artwork/timi-04-artwork-2840.jpg	642187
website/art-prints/print-timi-04/artwork/timi-04-artwork-566.jpg	17196
website/art-prints/print-timi-04/data.yaml	455
website/art-prints/print-timi-04/print/timi-04-print-1132.jpg	64543
website/art-prints/print-timi-04/print/timi-04-print-1700.jpg	174928
website/art-prints/print-timi-04/print/timi-04-print-2840.jpg	613386
website/art-prints/print-timi-04/print/timi-04-print-566.jpg	14554
website/art-prints/print-timi-04/timi-04-certificate.jpg	690443
website/art-prints/print-traum/artwork/traum-artwork-1132.jpg	104808
website/art-prints/print-traum/artwork/traum-artwork-1700.jpg	234695
website/art-prints/print-traum/artwork/traum-artwork-2840.jpg	681709
website/art-prints/print-traum/artwork/traum-artwork-566.jpg	30926
website/art-prints/print-traum/data.yaml	446
website/art-prints/print-traum/print/traum-print-1132.jpg	88840
website/art-prints/print-traum/print/traum-print-1700.jpg	214773
website/art-prints/print-traum/print/traum-print-2840.jpg	678161
website/art-prints/print-traum/print/traum-print-566.jpg	23993
website/art-prints/print-traum/traum-certificate.jpg	690163
website/art-prints/print-trolla/artwork/trolla-artwork-1132.jpg	24322
website/art-prints/print-trolla/artwork/trolla-artwork-1700.jpg	48373
website/art-prints/print-trolla/artwork/trolla-artwork-2840.jpg	137724
website/art-prints/print-trolla/artwork/trolla-artwork-566.jpg	9503
website/art-prints/print-trolla/data.yaml	451
website/art-prints/print-trolla/print/trolla-print-1132.jpg	65581
website/art-prints/print-trolla/print/trolla-print-1700.jpg	169234
website/art-prints/print-trolla/print/trolla-print-2840.jpg	576596
website/art-prints/print-trolla/print/trolla-print-566.jpg	16686
website/art-prints/print-trolla/trolla-certificate.jpg	832587
website/art-prints/print-uburoi/artwork/uburoi-artwork-1132.jpg	124067
website/art-prints/print-uburoi/artwork/uburoi-artwork-1700.jpg	265332
website/art-prints/print-uburoi/artwork/uburoi-artwork-2840.jpg	726792
website/art-prints/print-uburoi/artwork/uburoi-artwork-566.jpg	37019
website/art-prints/print-uburoi/data.yaml	451
website/art-prints/print-uburoi/print/uburoi-print-1132.jpg	106800
website/art-prints/print-uburoi/print/uburoi-print-1700.jpg	246251
website/art-prints/print-uburoi/print/uburoi-print-2840.jpg	745489
website/art-prints/print-uburoi/print/uburoi-print-566.jpg	28107
website/art-prints/print-uburoi/uburoi-certificate.jpg	691541
website/art-prints/print-weissensee/artwork/weissensee-artwork-1132.jpg	168355
website/art-prints/print-weissensee/artwork/weissensee-artwork-1700.jpg	317520
website/art-prints/print-weissensee/artwork/weissensee-artwork-2840.jpg	737705
website/art-prints/print-weissensee/artwork/weissensee-artwork-566.jpg	53363
website/art-prints/print-weissensee/data.yaml	466
website/art-prints/print-weissensee/print/weissensee-print-1132.jpg	130665
website/art-prints/print-weissensee/print/weissensee-print-1700.jpg	297047
website/art-prints/print-weissensee/print/weissensee-print-2840.jpg	826690
website/art-prints/print-weissensee/print/weissensee-print-566.jpg	32937
website/art-prints/print-weissensee/weissensee-certificate.jpg	692635
website/asset-library/.DS_Store	6148
website/asset-library/cms/stack/mood/mood-01-1200.jpg	28779
website/asset-library/cms/stack/mood/mood-01-1600.jpg	56459
website/asset-library/cms/stack/mood/mood-01-2560.jpg	194230
website/asset-library/cms/stack/mood/mood-01-400.jpg	4791
website/asset-library/cms/stack/mood/mood-01-800.jpg	13848
website/asset-library/cms/stack/mood/mood-02-1200.jpg	52152
website/asset-library/cms/stack/mood/mood-02-1600.jpg	90723
website/asset-library/cms/stack/mood/mood-02-2560.jpg	225454
website/asset-library/cms/stack/mood/mood-02-400.jpg	8760
website/asset-library/cms/stack/mood/mood-02-800.jpg	26980
website/asset-library/cms/stack/mood/mood-03-1200.jpg	32173
website/asset-library/cms/stack/mood/mood-03-1600.jpg	51368
website/asset-library/cms/stack/mood/mood-03-2560.jpg	118728
website/asset-library/cms/stack/mood/mood-03-400.jpg	5637
website/asset-library/cms/stack/mood/mood-03-800.jpg	16146
website/asset-library/cms/stack/mood/mood-04-1200.jpg	98131
website/asset-library/cms/stack/mood/mood-04-1600.jpg	148852
website/asset-library/cms/stack/mood/mood-04-2560.jpg	307624
website/asset-library/cms/stack/mood/mood-04-400.jpg	17036
website/asset-library/cms/stack/mood/mood-04-800.jpg	52138
website/asset-library/cms/stack/mood/mood-05-1200.jpg	255600
website/asset-library/cms/stack/mood/mood-05-1600.jpg	296177
website/asset-library/cms/stack/mood/mood-05-400.jpg	19337
website/asset-library/cms/stack/mood/mood-05-800.jpg	113294
website/asset-library/cms/stack/stack-hero/stack-hero-1200.jpg	83663
website/asset-library/cms/stack/stack-hero/stack-hero-1600.jpg	142849
website/asset-library/cms/stack/stack-hero/stack-hero-2560.jpg	337348
website/asset-library/cms/stack/stack-hero/stack-hero-400.jpg	15311
website/asset-library/cms/stack/stack-hero/stack-hero-800.jpg	42346
website/asset-library/cms/work/work-hero/work-1200.jpg	50979
website/asset-library/cms/work/work-hero/work-1600.jpg	75691
website/asset-library/cms/work/work-hero/work-2560.jpg	135557
website/asset-library/cms/work/work-hero/work-400.jpg	7609
website/asset-library/cms/work/work-hero/work-800.jpg	26331
website/asset-library/collections/collection-grids/grids-featured.png	1540856
website/asset-library/collections/collection-grids/grids-featured/grids-featured-1200.jpg	25967
website/asset-library/collections/collection-grids/grids-featured/grids-featured-1600.jpg	61189
website/asset-library/collections/collection-grids/grids-featured/grids-featured-400.jpg	5011
website/asset-library/collections/collection-grids/grids-featured/grids-featured-800.jpg	12876
website/asset-library/collections/collection-grids/grids-svg/grid-01.svg	5190
website/asset-library/collections/collection-grids/grids-svg/grid-02.svg	3812
website/asset-library/collections/collection-grids/grids-svg/grid-03.svg	1469
website/asset-library/collections/collection-grids/grids-svg/grid-04.svg	5816
website/asset-library/collections/collection-grids/grids-svg/grid-05.svg	17378
website/asset-library/collections/collection-grids/grids-svg/grid-06.svg	6224
website/asset-library/collections/collection-grids/grids-svg/grid-07.svg	36158
website/asset-library/collections/collection-grids/grids-svg/grid-08.svg	3481
website/asset-library/collections/collection-grids/grids-svg/grid-09.svg	17030
website/asset-library/collections/collection-grids/grids-svg/grid-10.svg	6725
website/asset-library/collections/collection-grids/grids-svg/grid-11.svg	7544
website/asset-library/collections/collection-grids/grids-svg/grid-12.svg	2633
website/asset-library/collections/collection-grids/grids-svg/grid-13.svg	2797
website/asset-library/collections/collection-grids/grids-svg/grid-14.svg	271494
website/asset-library/collections/collection-grids/grids-svg/grid-15.svg	10080
website/asset-library/collections/collection-grids/grids-svg/grid-16.svg	10896
website/asset-library/collections/collection-grids/grids-svg/grid-17.svg	39580
website/asset-library/collections/collection-grids/grids-svg/grid-18.svg	33320
website/asset-library/collections/collection-grids/grids-svg/grid-19.svg	24300
website/asset-library/collections/collection-grids/grids-svg/grid-20.svg	5045
website/asset-library/collections/collection-grids/grids-svg/grid-21.svg	12110
website/asset-library/collections/collection-grids/grids-svg/grid-22.svg	12567
website/asset-library/collections/collection-grids/grids-svg/grid-23.svg	13157
website/asset-library/collections/collection-grids/grids-svg/grid-24.svg	2111
website/asset-library/collections/collection-grids/grids-svg/grid-25.svg	10595
website/asset-library/collections/collection-grids/grids-svg/grid-26.svg	13586
website/asset-library/collections/collection-grids/grids-svg/grid-27.svg	6741
website/asset-library/collections/collection-grids/grids-svg/grid-28.svg	10667
website/asset-library/collections/collection-grids/grids-svg/grid-29.svg	1318
website/asset-library/collections/collection-grids/grids-svg/grid-30.svg	1711
website/asset-library/collections/collection-grids/grids-svg/grid-31.svg	8686
website/asset-library/collections/collection-grids/grids-svg/grid-32.svg	2858
website/asset-library/collections/collection-grids/grids-svg/grid-33.svg	18203
website/asset-library/collections/collection-grids/grids-svg/grid-34.svg	10270
website/asset-library/collections/collection-grids/grids-svg/grid-35.svg	2721
website/asset-library/collections/collection-grids/grids-svg/grid-36.svg	1109
website/asset-library/collections/collection-grids/grids-svg/grid-37.svg	2150
website/asset-library/collections/collection-grids/grids-svg/grid-38.svg	2973
website/asset-library/collections/collection-grids/grids-svg/grid-39.svg	1969
website/asset-library/collections/collection-grids/grids-svg/grid-40.svg	996
website/asset-library/collections/collection-grids/grids-svg/grid-41.svg	108464
website/asset-library/collections/collection-grids/grids-svg/grid-42.svg	285220
website/asset-library/collections/collection-grids/grids-svg/grid-43.svg	101768
website/asset-library/collections/collection-illustrations/illustrations-featured.png	2331071
website/asset-library/collections/collection-illustrations/illustrations-featured/illustrations-featured-1200.jpg	126219
website/asset-library/collections/collection-illustrations/illustrations-featured/illustrations-featured-1600.jpg	216119
website/asset-library/collections/collection-illustrations/illustrations-featured/illustrations-featured-400.jpg	17461
website/asset-library/collections/collection-illustrations/illustrations-featured/illustrations-featured-800.jpg	61755
website/asset-library/collections/collection-illustrations/illustrations-svg/illustration-01.svg	8602
website/asset-library/collections/collection-illustrations/illustrations-svg/illustration-02.svg	49238
website/asset-library/collections/collection-illustrations/illustrations-svg/illustration-03.svg	1860
website/asset-library/collections/collection-illustrations/illustrations-svg/illustration-04.svg	5890
website/asset-library/collections/collection-illustrations/illustrations-svg/illustration-05.svg	2754
website/asset-library/collections/collection-illustrations/illustrations-svg/illustration-06.svg	1905
website/asset-library/collections/collection-illustrations/illustrations-svg/illustration-07.svg	1690
website/asset-library/collections/collection-illustrations/illustrations-svg/illustration-08.svg	47809
website/asset-library/collections/collection-illustrations/illustrations-svg/illustration-09.svg	35132
website/asset-library/collections/collection-illustrations/illustrations-svg/illustration-10.svg	2671
website/asset-library/collections/collection-illustrations/illustrations-svg/illustration-11.svg	3266
website/asset-library/collections/collection-illustrations/illustrations-svg/illustration-12.svg	19395
website/asset-library/collections/collection-illustrations/illustrations-svg/illustration-13.svg	14276
website/asset-library/collections/collection-illustrations/illustrations-svg/illustration-14.svg	515555
website/asset-library/collections/collection-illustrations/illustrations-svg/illustration-15.svg	23827
website/asset-library/collections/collection-illustrations/illustrations-svg/illustration-16.svg	4774
website/asset-library/collections/collection-illustrations/illustrations-svg/illustration-17.svg	1228
website/asset-library/collections/collection-illustrations/illustrations-svg/illustration-18.svg	6699
website/asset-library/collections/collection-illustrations/illustrations-svg/illustration-19.svg	3953
website/asset-library/collections/collection-illustrations/illustrations-svg/illustration-20.svg	2390
website/asset-library/collections/collection-illustrations/illustrations-svg/illustration-21.svg	11466
website/asset-library/collections/collection-illustrations/illustrations-svg/illustration-22.svg	9336
website/asset-library/collections/collection-illustrations/illustrations-svg/illustration-23.svg	14394
website/asset-library/collections/collection-illustrations/illustrations-svg/illustration-24.svg	41306
website/asset-library/collections/collection-illustrations/illustrations-svg/illustration-25.svg	3505
website/asset-library/collections/collection-illustrations/illustrations-svg/illustration-26.svg	10697
website/asset-library/collections/collection-illustrations/illustrations-svg/illustration-27.svg	1291
website/asset-library/collections/collection-illustrations/illustrations-svg/illustration-28.svg	7796
website/asset-library/collections/collection-illustrations/illustrations-svg/illustration-29.svg	8632
website/asset-library/collections/collection-illustrations/illustrations-svg/illustration-30.svg	4293
website/asset-library/collections/collection-illustrations/illustrations-svg/illustration-31.svg	18233
website/asset-library/collections/collection-illustrations/illustrations-svg/illustration-32.svg	83583
website/asset-library/collections/collection-illustrations/illustrations-svg/illustration-33.svg	2689
website/asset-library/collections/collection-illustrations/illustrations-svg/illustration-34.svg	19019
website/asset-library/collections/collection-illustrations/illustrations-svg/illustration-35.svg	26456
website/asset-library/collections/collection-illustrations/illustrations-svg/illustration-36.svg	10845
website/asset-library/collections/collection-illustrations/illustrations-svg/illustration-37.svg	7559
website/asset-library/collections/collection-illustrations/illustrations-svg/illustration-38.svg	103615
website/asset-library/collections/collection-illustrations/illustrations-svg/illustration-39.svg	2545
website/asset-library/collections/collection-logomarks/logomarks-featured.png	2513450
website/asset-library/collections/collection-logomarks/logomarks-featured/logomarks-featured-1200.jpg	83389
website/asset-library/collections/collection-logomarks/logomarks-featured/logomarks-featured-1600.jpg	142055
website/asset-library/collections/collection-logomarks/logomarks-featured/logomarks-featured-400.jpg	16278
website/asset-library/collections/collection-logomarks/logomarks-featured/logomarks-featured-800.jpg	43962
website/asset-library/collections/collection-logomarks/logomarks-svg/logo-bf.svg	2141
website/asset-library/collections/collection-logomarks/logomarks-svg/logo-biskup.svg	1115
website/asset-library/collections/collection-logomarks/logomarks-svg/logo-black-house.svg	574
website/asset-library/collections/collection-logomarks/logomarks-svg/logo-canalix.svg	753
website/asset-library/collections/collection-logomarks/logomarks-svg/logo-carrow.svg	5791
website/asset-library/collections/collection-logomarks/logomarks-svg/logo-casedoc.svg	721
website/asset-library/collections/collection-logomarks/logomarks-svg/logo-exmon.svg	757
website/asset-library/collections/collection-logomarks/logomarks-svg/logo-flik.svg	775
website/asset-library/collections/collection-logomarks/logomarks-svg/logo-foto.svg	1236
website/asset-library/collections/collection-logomarks/logomarks-svg/logo-greind.svg	1942
website/asset-library/collections/collection-logomarks/logomarks-svg/logo-hidash.svg	3953
website/asset-library/collections/collection-logomarks/logomarks-svg/logo-kaffistofan.svg	2261
website/asset-library/collections/collection-logomarks/logomarks-svg/logo-kolkrabbi.svg	9352
website/asset-library/collections/collection-logomarks/logomarks-svg/logo-konsulat.svg	4093
website/asset-library/collections/collection-logomarks/logomarks-svg/logo-likhamur.svg	18474
website/asset-library/collections/collection-logomarks/logomarks-svg/logo-mbsk.svg	1991
website/asset-library/collections/collection-logomarks/logomarks-svg/logo-microgroove.svg	2088
website/asset-library/collections/collection-logomarks/logomarks-svg/logo-mobe.svg	1085
website/asset-library/collections/collection-logomarks/logomarks-svg/logo-servado.svg	628
website/asset-library/collections/collection-logomarks/logomarks-svg/logo-snjallingur.svg	2093
website/asset-library/collections/collection-logomarks/logomarks-svg/logo-type-1.svg	512
website/asset-library/collections/collection-logomarks/logomarks-svg/logo-type-2.svg	663
website/asset-library/collections/collection-logomarks/logomarks-svg/logo-type-3.svg	1132
website/asset-library/collections/collection-logomarks/logomarks-svg/logo-type-4.svg	1942
website/asset-library/collections/collection-logomarks/logomarks-svg/logo-type-5.svg	626
website/asset-library/collections/collection-logomarks/logomarks.json	5145
website/asset-library/collections/collection-motion-graphics/01-mg-type-abstract/01-mg-type-abstract-1200.jpg	105127
website/asset-library/collections/collection-motion-graphics/01-mg-type-abstract/01-mg-type-abstract-1600.jpg	153763
website/asset-library/collections/collection-motion-graphics/01-mg-type-abstract/01-mg-type-abstract-400.jpg	24910
website/asset-library/collections/collection-motion-graphics/01-mg-type-abstract/01-mg-type-abstract-800.jpg	61440
website/asset-library/collections/collection-motion-graphics/02-mg-type-trolla/02-mg-type-trolla-1200.jpg	24583
website/asset-library/collections/collection-motion-graphics/02-mg-type-trolla/02-mg-type-trolla-1600.jpg	37150
website/asset-library/collections/collection-motion-graphics/02-mg-type-trolla/02-mg-type-trolla-400.jpg	5170
website/asset-library/collections/collection-motion-graphics/02-mg-type-trolla/02-mg-type-trolla-800.jpg	14136
website/asset-library/collections/collection-motion-graphics/03-mg-dust/03-mg-dust-1200.jpg	18283
website/asset-library/collections/collection-motion-graphics/03-mg-dust/03-mg-dust-1600.jpg	28843
website/asset-library/collections/collection-motion-graphics/03-mg-dust/03-mg-dust-400.jpg	2899
website/asset-library/collections/collection-motion-graphics/03-mg-dust/03-mg-dust-800.jpg	9410
website/asset-library/collections/collection-motion-graphics/04-mg-sanid/04-mg-sanid-1200.jpg	108698
website/asset-library/collections/collection-motion-graphics/04-mg-sanid/04-mg-sanid-1600.jpg	165314
website/asset-library/collections/collection-motion-graphics/04-mg-sanid/04-mg-sanid-400.jpg	15182
website/asset-library/collections/collection-motion-graphics/04-mg-sanid/04-mg-sanid-800.jpg	57088
website/asset-library/collections/collection-motion-graphics/05-mg-aftra/05-mg-aftra-1200.jpg	18933
website/asset-library/collections/collection-motion-graphics/05-mg-aftra/05-mg-aftra-1600.jpg	30659
website/asset-library/collections/collection-motion-graphics/05-mg-aftra/05-mg-aftra-400.jpg	2459
website/asset-library/collections/collection-motion-graphics/05-mg-aftra/05-mg-aftra-800.jpg	9020
website/asset-library/collections/collection-motion-graphics/06-mg-field/06-mg-field-1200.jpg	122895
website/asset-library/collections/collection-motion-graphics/06-mg-field/06-mg-field-1600.jpg	179974
website/asset-library/collections/collection-motion-graphics/06-mg-field/06-mg-field-400.jpg	26168
website/asset-library/collections/collection-motion-graphics/06-mg-field/06-mg-field-800.jpg	72867
website/asset-library/collections/collection-motion-graphics/07-mg-vatn/07-mg-vatn-1200.jpg	97904
website/asset-library/collections/collection-motion-graphics/07-mg-vatn/07-mg-vatn-1600.jpg	147782
website/asset-library/collections/collection-motion-graphics/07-mg-vatn/07-mg-vatn-400.jpg	17864
website/asset-library/collections/collection-motion-graphics/07-mg-vatn/07-mg-vatn-800.jpg	54779
website/asset-library/collections/collection-motion-graphics/08-mg-type-gr/08-mg-type-gr-1200.jpg	8456
website/asset-library/collections/collection-motion-graphics/08-mg-type-gr/08-mg-type-gr-1600.jpg	13849
website/asset-library/collections/collection-motion-graphics/08-mg-type-gr/08-mg-type-gr-400.jpg	1292
website/asset-library/collections/collection-motion-graphics/08-mg-type-gr/08-mg-type-gr-800.jpg	4098
website/asset-library/collections/collection-motion-graphics/09-mg-textblock/09-mg-textblock-1200.jpg	39044
website/asset-library/collections/collection-motion-graphics/09-mg-textblock/09-mg-textblock-1600.jpg	57811
website/asset-library/collections/collection-motion-graphics/09-mg-textblock/09-mg-textblock-400.jpg	7975
website/asset-library/collections/collection-motion-graphics/09-mg-textblock/09-mg-textblock-800.jpg	22066
website/asset-library/collections/collection-overview/carousel-grid/01-carousel-grid/01-carousel-grid-1200.jpg	39670
website/asset-library/collections/collection-overview/carousel-grid/01-carousel-grid/01-carousel-grid-1600.jpg	62582
website/asset-library/collections/collection-overview/carousel-grid/01-carousel-grid/01-carousel-grid-400.jpg	8034
website/asset-library/collections/collection-overview/carousel-grid/01-carousel-grid/01-carousel-grid-800.jpg	21625
website/asset-library/collections/collection-overview/carousel-grid/02-carousel-grid/02-carousel-grid-1200.jpg	38475
website/asset-library/collections/collection-overview/carousel-grid/02-carousel-grid/02-carousel-grid-1600.jpg	58089
website/asset-library/collections/collection-overview/carousel-grid/02-carousel-grid/02-carousel-grid-400.jpg	9214
website/asset-library/collections/collection-overview/carousel-grid/02-carousel-grid/02-carousel-grid-800.jpg	22208
website/asset-library/collections/collection-overview/carousel-grid/03-carousel-grid/03-carousel-grid-1200.jpg	34497
website/asset-library/collections/collection-overview/carousel-grid/03-carousel-grid/03-carousel-grid-1600.jpg	51993
website/asset-library/collections/collection-overview/carousel-grid/03-carousel-grid/03-carousel-grid-400.jpg	8571
website/asset-library/collections/collection-overview/carousel-grid/03-carousel-grid/03-carousel-grid-800.jpg	20153
website/asset-library/collections/collection-overview/carousel-grid/04-carousel-grid/04-carousel-grid-1200.jpg	37211
website/asset-library/collections/collection-overview/carousel-grid/04-carousel-grid/04-carousel-grid-1600.jpg	58645
website/asset-library/collections/collection-overview/carousel-grid/04-carousel-grid/04-carousel-grid-400.jpg	7722
website/asset-library/collections/collection-overview/carousel-grid/04-carousel-grid/04-carousel-grid-800.jpg	20771
website/asset-library/collections/collection-overview/carousel-illustration/01-carousel-illustration/01-carousel-illustration-1200.jpg	41290
website/asset-library/collections/collection-overview/carousel-illustration/01-carousel-illustration/01-carousel-illustration-1600.jpg	79623
website/asset-library/collections/collection-overview/carousel-illustration/01-carousel-illustration/01-carousel-illustration-400.jpg	6327
website/asset-library/collections/collection-overview/carousel-illustration/01-carousel-illustration/01-carousel-illustration-800.jpg	17499
website/asset-library/collections/collection-overview/carousel-illustration/02-carousel-illustration/02-carousel-illustration-1200.jpg	40319
website/asset-library/collections/collection-overview/carousel-illustration/02-carousel-illustration/02-carousel-illustration-1600.jpg	75414
website/asset-library/collections/collection-overview/carousel-illustration/02-carousel-illustration/02-carousel-illustration-400.jpg	7789
website/asset-library/collections/collection-overview/carousel-illustration/02-carousel-illustration/02-carousel-illustration-800.jpg	21528
website/asset-library/collections/collection-overview/carousel-illustration/03-carousel-illustration/03-carousel-illustration-1200.jpg	125886
website/asset-library/collections/collection-overview/carousel-illustration/03-carousel-illustration/03-carousel-illustration-1600.jpg	214451
website/asset-library/collections/collection-overview/carousel-illustration/03-carousel-illustration/03-carousel-illustration-400.jpg	17469
website/asset-library/collections/collection-overview/carousel-illustration/03-carousel-illustration/03-carousel-illustration-800.jpg	61746
website/asset-library/collections/collection-overview/carousel-logomark/carousel-canalix/carousel-canalix-1200.jpg	52332
website/asset-library/collections/collection-overview/carousel-logomark/carousel-canalix/carousel-canalix-1600.jpg	81464
website/asset-library/collections/collection-overview/carousel-logomark/carousel-canalix/carousel-canalix-400.jpg	11018
website/asset-library/collections/collection-overview/carousel-logomark/carousel-canalix/carousel-canalix-800.jpg	29730
website/asset-library/collections/collection-overview/carousel-logomark/carousel-exmon/carousel-exmon-1200.jpg	69990
website/asset-library/collections/collection-overview/carousel-logomark/carousel-exmon/carousel-exmon-1600.jpg	110600
website/asset-library/collections/collection-overview/carousel-logomark/carousel-exmon/carousel-exmon-400.jpg	14924
website/asset-library/collections/collection-overview/carousel-logomark/carousel-exmon/carousel-exmon-800.jpg	39256
website/asset-library/collections/collection-overview/carousel-logomark/carousel-flik/carousel-flik-1200.jpg	27770
website/asset-library/collections/collection-overview/carousel-logomark/carousel-flik/carousel-flik-1600.jpg	41329
website/asset-library/collections/collection-overview/carousel-logomark/carousel-flik/carousel-flik-400.jpg	6689
website/asset-library/collections/collection-overview/carousel-logomark/carousel-flik/carousel-flik-800.jpg	16221
website/asset-library/collections/collection-overview/carousel-logomark/carousel-kaffistofan/carousel-kaffistofan-1200.jpg	51317
website/asset-library/collections/collection-overview/carousel-logomark/carousel-kaffistofan/carousel-kaffistofan-1600.jpg	89321
website/asset-library/collections/collection-overview/carousel-logomark/carousel-kaffistofan/carousel-kaffistofan-400.jpg	8927
website/asset-library/collections/collection-overview/carousel-logomark/carousel-kaffistofan/carousel-kaffistofan-800.jpg	25819
website/asset-library/collections/collection-overview/ql-card/ql-grid/ql-dark/ql-dark.png	23993
website/asset-library/collections/collection-overview/ql-card/ql-grid/ql-dark/ql-dark.svg	22863
website/asset-library/collections/collection-overview/ql-card/ql-grid/ql-light/ql-light.png	25721
website/asset-library/collections/collection-overview/ql-card/ql-grid/ql-light/ql-light.svg	22851
website/asset-library/collections/collection-overview/ql-card/ql-illustration/ql-dark/ql-dark.png	23541
website/asset-library/collections/collection-overview/ql-card/ql-illustration/ql-dark/ql-dark.svg	14286
website/asset-library/collections/collection-overview/ql-card/ql-illustration/ql-light/ql-light.png	25384
website/asset-library/collections/collection-overview/ql-card/ql-illustration/ql-light/ql-light.svg	14286
website/asset-library/collections/collection-overview/ql-card/ql-logomark/ql-dark/ql-dark.png	94345
website/asset-library/collections/collection-overview/ql-card/ql-logomark/ql-dark/ql-dark.svg	47760
website/asset-library/collections/collection-overview/ql-card/ql-logomark/ql-light/ql-light.png	112116
website/asset-library/collections/collection-overview/ql-card/ql-logomark/ql-light/ql-light.svg	47764
website/asset-library/collections/collection-overview/ql-card/ql-motion-graphics/ql-dark/ql-dark.png	55283
website/asset-library/collections/collection-overview/ql-card/ql-motion-graphics/ql-dark/ql-dark.svg	8345
website/asset-library/collections/collection-overview/ql-card/ql-motion-graphics/ql-light/ql-light.png	60818
website/asset-library/collections/collection-overview/ql-card/ql-motion-graphics/ql-light/ql-light.svg	8369
website/asset-library/foundry/.DS_Store	6148
website/asset-library/foundry/foundry-global/.DS_Store	6148
website/asset-library/foundry/foundry-global/01-carousel/.DS_Store	6148
website/asset-library/foundry/foundry-global/01-carousel/carousel-dylgjur/carousel-dylgjur-1200.jpg	73229
website/asset-library/foundry/foundry-global/01-carousel/carousel-dylgjur/carousel-dylgjur-1600.jpg	111535
website/asset-library/foundry/foundry-global/01-carousel/carousel-dylgjur/carousel-dylgjur-400.jpg	9420
website/asset-library/foundry/foundry-global/01-carousel/carousel-dylgjur/carousel-dylgjur-800.jpg	36325
website/asset-library/foundry/foundry-global/01-carousel/carousel-gullhamrar/carousel-gullhamrar-1200.jpg	12527
website/asset-library/foundry/foundry-global/01-carousel/carousel-gullhamrar/carousel-gullhamrar-1600.jpg	18918
website/asset-library/foundry/foundry-global/01-carousel/carousel-gullhamrar/carousel-gullhamrar-400.jpg	3257
website/asset-library/foundry/foundry-global/01-carousel/carousel-gullhamrar/carousel-gullhamrar-800.jpg	7429
website/asset-library/foundry/foundry-global/01-carousel/carousel-malromur/carousel-malromur-1200.jpg	14127
website/asset-library/foundry/foundry-global/01-carousel/carousel-malromur/carousel-malromur-1600.jpg	21578
website/asset-library/foundry/foundry-global/01-carousel/carousel-malromur/carousel-malromur-400.jpg	3229
website/asset-library/foundry/foundry-global/01-carousel/carousel-malromur/carousel-malromur-800.jpg	7897
website/asset-library/foundry/foundry-global/01-carousel/carousel-raetur/carousel-raetur-1200.jpg	63404
website/asset-library/foundry/foundry-global/01-carousel/carousel-raetur/carousel-raetur-1600.jpg	130551
website/asset-library/foundry/foundry-global/01-carousel/carousel-raetur/carousel-raetur-400.jpg	6143
website/asset-library/foundry/foundry-global/01-carousel/carousel-raetur/carousel-raetur-800.jpg	23897
website/asset-library/foundry/foundry-global/01-carousel/carousel-trollatunga/carousel-trollatunga-1200.jpg	18986
website/asset-library/foundry/foundry-global/01-carousel/carousel-trollatunga/carousel-trollatunga-1600.jpg	26430
website/asset-library/foundry/foundry-global/01-carousel/carousel-trollatunga/carousel-trollatunga-400.jpg	5525
website/asset-library/foundry/foundry-global/01-carousel/carousel-trollatunga/carousel-trollatunga-800.jpg	12399
website/asset-library/foundry/foundry-global/02-ql-navigation/.DS_Store	6148
website/asset-library/foundry/foundry-global/02-ql-navigation/ql-dark/.DS_Store	6148
website/asset-library/foundry/foundry-global/02-ql-navigation/ql-dark/ql-card-01/.DS_Store	6148
website/asset-library/foundry/foundry-global/02-ql-navigation/ql-dark/ql-card-01/ql-card-01.svg	22335
website/asset-library/foundry/foundry-global/02-ql-navigation/ql-dark/ql-card-01/ql-card-1200.jpg	22620
website/asset-library/foundry/foundry-global/02-ql-navigation/ql-dark/ql-card-01/ql-card-1600.jpg	35602
website/asset-library/foundry/foundry-global/02-ql-navigation/ql-dark/ql-card-01/ql-card-400.jpg	5488
website/asset-library/foundry/foundry-global/02-ql-navigation/ql-dark/ql-card-01/ql-card-800.jpg	13939
website/asset-library/foundry/foundry-global/02-ql-navigation/ql-dark/ql-card-02/.DS_Store	6148
website/asset-library/foundry/foundry-global/02-ql-navigation/ql-dark/ql-card-02/ql-card-02.svg	1753
website/asset-library/foundry/foundry-global/02-ql-navigation/ql-dark/ql-card-02/ql-card-1200.jpg	13509
website/asset-library/foundry/foundry-global/02-ql-navigation/ql-dark/ql-card-02/ql-card-1600.jpg	20533
website/asset-library/foundry/foundry-global/02-ql-navigation/ql-dark/ql-card-02/ql-card-400.jpg	3609
website/asset-library/foundry/foundry-global/02-ql-navigation/ql-dark/ql-card-02/ql-card-800.jpg	8108
website/asset-library/foundry/foundry-global/02-ql-navigation/ql-dark/ql-card-03/.DS_Store	6148
website/asset-library/foundry/foundry-global/02-ql-navigation/ql-dark/ql-card-03/ql-card-03.svg	1619
website/asset-library/foundry/foundry-global/02-ql-navigation/ql-dark/ql-card-03/ql-card-1200.jpg	20742
website/asset-library/foundry/foundry-global/02-ql-navigation/ql-dark/ql-card-03/ql-card-1600.jpg	30509
website/asset-library/foundry/foundry-global/02-ql-navigation/ql-dark/ql-card-03/ql-card-400.jpg	5147
website/asset-library/foundry/foundry-global/02-ql-navigation/ql-dark/ql-card-03/ql-card-800.jpg	12311
website/asset-library/foundry/foundry-global/02-ql-navigation/ql-dark/ql-card-04/.DS_Store	6148
website/asset-library/foundry/foundry-global/02-ql-navigation/ql-dark/ql-card-04/ql-card-04.svg	2211
website/asset-library/foundry/foundry-global/02-ql-navigation/ql-dark/ql-card-04/ql-card-1200.jpg	24056
website/asset-library/foundry/foundry-global/02-ql-navigation/ql-dark/ql-card-04/ql-card-1600.jpg	35065
website/asset-library/foundry/foundry-global/02-ql-navigation/ql-dark/ql-card-04/ql-card-400.jpg	6207
website/asset-library/foundry/foundry-global/02-ql-navigation/ql-dark/ql-card-04/ql-card-800.jpg	14553
website/asset-library/foundry/foundry-global/02-ql-navigation/ql-light/.DS_Store	6148
website/asset-library/foundry/foundry-global/02-ql-navigation/ql-light/ql-card-01/.DS_Store	6148
website/asset-library/foundry/foundry-global/02-ql-navigation/ql-light/ql-card-01/ql-card-01.svg	22331
website/asset-library/foundry/foundry-global/02-ql-navigation/ql-light/ql-card-01/ql-card-1200.jpg	24521
website/asset-library/foundry/foundry-global/02-ql-navigation/ql-light/ql-card-01/ql-card-1600.jpg	39133
website/asset-library/foundry/foundry-global/02-ql-navigation/ql-light/ql-card-01/ql-card-400.jpg	6153
website/asset-library/foundry/foundry-global/02-ql-navigation/ql-light/ql-card-01/ql-card-800.jpg	15334
website/asset-library/foundry/foundry-global/02-ql-navigation/ql-light/ql-card-02/.DS_Store	6148
website/asset-library/foundry/foundry-global/02-ql-navigation/ql-light/ql-card-02/ql-card-02.svg	1753
website/asset-library/foundry/foundry-global/02-ql-navigation/ql-light/ql-card-02/ql-card-1200.jpg	13505
website/asset-library/foundry/foundry-global/02-ql-navigation/ql-light/ql-card-02/ql-card-1600.jpg	20528
website/asset-library/foundry/foundry-global/02-ql-navigation/ql-light/ql-card-02/ql-card-400.jpg	3618
website/asset-library/foundry/foundry-global/02-ql-navigation/ql-light/ql-card-02/ql-card-800.jpg	8094
website/asset-library/foundry/foundry-global/02-ql-navigation/ql-light/ql-card-03/.DS_Store	6148
website/asset-library/foundry/foundry-global/02-ql-navigation/ql-light/ql-card-03/ql-card-03.svg	1617
website/asset-library/foundry/foundry-global/02-ql-navigation/ql-light/ql-card-03/ql-card-1200.jpg	20742
website/asset-library/foundry/foundry-global/02-ql-navigation/ql-light/ql-card-03/ql-card-1600.jpg	30496
website/asset-library/foundry/foundry-global/02-ql-navigation/ql-light/ql-card-03/ql-card-400.jpg	5139
website/asset-library/foundry/foundry-global/02-ql-navigation/ql-light/ql-card-03/ql-card-800.jpg	12304
website/asset-library/foundry/foundry-global/02-ql-navigation/ql-light/ql-card-04/.DS_Store	6148
website/asset-library/foundry/foundry-global/02-ql-navigation/ql-light/ql-card-04/ql-card-04.svg	2209
website/asset-library/foundry/foundry-global/02-ql-navigation/ql-light/ql-card-04/ql-card-1200.jpg	24065
website/asset-library/foundry/foundry-global/02-ql-navigation/ql-light/ql-card-04/ql-card-1600.jpg	35057
website/asset-library/foundry/foundry-global/02-ql-navigation/ql-light/ql-card-04/ql-card-400.jpg	6215
website/asset-library/foundry/foundry-global/02-ql-navigation/ql-light/ql-card-04/ql-card-800.jpg	14511
website/asset-library/foundry/foundry-global/03-overview-card/.DS_Store	6148
website/asset-library/foundry/foundry-global/03-overview-card/card-dark/foundry-card-1200.jpg	29211
website/asset-library/foundry/foundry-global/03-overview-card/card-dark/foundry-card-1600.jpg	42650
website/asset-library/foundry/foundry-global/03-overview-card/card-dark/foundry-card-400.jpg	6594
website/asset-library/foundry/foundry-global/03-overview-card/card-dark/foundry-card-800.jpg	16859
website/asset-library/foundry/foundry-global/03-overview-card/card-dark/foundry-card.png	55042
website/asset-library/foundry/foundry-global/03-overview-card/card-light/foundry-card-1200.jpg	29769
website/asset-library/foundry/foundry-global/03-overview-card/card-light/foundry-card-1600.jpg	44163
website/asset-library/foundry/foundry-global/03-overview-card/card-light/foundry-card-400.jpg	6826
website/asset-library/foundry/foundry-global/03-overview-card/card-light/foundry-card-800.jpg	17035
website/asset-library/foundry/foundry-global/03-overview-card/card-light/foundry-card.png	55816
website/asset-library/foundry/foundry-global/04-ql-specimen/01-quick-access.svg	710
website/asset-library/foundry/foundry-global/04-ql-specimen/02-quick-access.svg	1144
website/asset-library/foundry/foundry-global/04-ql-specimen/03-quick-access.svg	557
website/asset-library/foundry/foundry-typefaces/.DS_Store	8196
website/asset-library/foundry/foundry-typefaces/01-malromur/.DS_Store	6148
website/asset-library/foundry/foundry-typefaces/01-malromur/card-malromur/.DS_Store	6148
website/asset-library/foundry/foundry-typefaces/01-malromur/card-malromur/01-card/.DS_Store	6148
website/asset-library/foundry/foundry-typefaces/01-malromur/card-malromur/01-card/specimen-card-1200.jpg	32717
website/asset-library/foundry/foundry-typefaces/01-malromur/card-malromur/01-card/specimen-card-1600.jpg	47769
website/asset-library/foundry/foundry-typefaces/01-malromur/card-malromur/01-card/specimen-card-400.jpg	7877
website/asset-library/foundry/foundry-typefaces/01-malromur/card-malromur/01-card/specimen-card-800.jpg	19100
website/asset-library/foundry/foundry-typefaces/01-malromur/card-malromur/02-card/.DS_Store	6148
website/asset-library/foundry/foundry-typefaces/01-malromur/card-malromur/02-card/specimen-card-1200.jpg	65129
website/asset-library/foundry/foundry-typefaces/01-malromur/card-malromur/02-card/specimen-card-1600.jpg	101788
website/asset-library/foundry/foundry-typefaces/01-malromur/card-malromur/02-card/specimen-card-400.jpg	12200
website/asset-library/foundry/foundry-typefaces/01-malromur/card-malromur/02-card/specimen-card-800.jpg	35097
website/asset-library/foundry/foundry-typefaces/01-malromur/card-malromur/03-card/.DS_Store	6148
website/asset-library/foundry/foundry-typefaces/01-malromur/card-malromur/03-card/specimen-card-1200.jpg	90439
website/asset-library/foundry/foundry-typefaces/01-malromur/card-malromur/03-card/specimen-card-1600.jpg	132900
website/asset-library/foundry/foundry-typefaces/01-malromur/card-malromur/03-card/specimen-card-400.jpg	22462
website/asset-library/foundry/foundry-typefaces/01-malromur/card-malromur/03-card/specimen-card-800.jpg	53924
website/asset-library/foundry/foundry-typefaces/01-malromur/specimen-malromur/.DS_Store	8196
website/asset-library/foundry/foundry-typefaces/01-malromur/specimen-malromur/01-specimen-hero/.DS_Store	6148
website/asset-library/foundry/foundry-typefaces/01-malromur/specimen-malromur/01-specimen-hero/specimen-hero-1200.jpg	18205
website/asset-library/foundry/foundry-typefaces/01-malromur/specimen-malromur/01-specimen-hero/specimen-hero-1600.jpg	27947
website/asset-library/foundry/foundry-typefaces/01-malromur/specimen-malromur/01-specimen-hero/specimen-hero-400.jpg	4082
website/asset-library/foundry/foundry-typefaces/01-malromur/specimen-malromur/01-specimen-hero/specimen-hero-800.jpg	10062
website/asset-library/foundry/foundry-typefaces/01-malromur/specimen-malromur/02-specimen-image/.DS_Store	6148
website/asset-library/foundry/foundry-typefaces/01-malromur/specimen-malromur/02-specimen-image/specimen-image-1200.jpg	63254
website/asset-library/foundry/foundry-typefaces/01-malromur/specimen-malromur/02-specimen-image/specimen-image-1600.jpg	99563
website/asset-library/foundry/foundry-typefaces/01-malromur/specimen-malromur/02-specimen-image/specimen-image-2560.jpg	231374
website/asset-library/foundry/foundry-typefaces/01-malromur/specimen-malromur/02-specimen-image/specimen-image-400.jpg	11438
website/asset-library/foundry/foundry-typefaces/01-malromur/specimen-malromur/02-specimen-image/specimen-image-800.jpg	33178
website/asset-library/foundry/foundry-typefaces/01-malromur/specimen-malromur/03-specimen-image/specimen-image-1200.jpg	37397
website/asset-library/foundry/foundry-typefaces/01-malromur/specimen-malromur/03-specimen-image/specimen-image-1600.jpg	57622
website/asset-library/foundry/foundry-typefaces/01-malromur/specimen-malromur/03-specimen-image/specimen-image-400.jpg	8638
website/asset-library/foundry/foundry-typefaces/01-malromur/specimen-malromur/03-specimen-image/specimen-image-800.jpg	21499
website/asset-library/foundry/foundry-typefaces/01-malromur/specimen-malromur/04-specimen-image/specimen-image-1200.jpg	53281
website/asset-library/foundry/foundry-typefaces/01-malromur/specimen-malromur/04-specimen-image/specimen-image-1600.jpg	79049
website/asset-library/foundry/foundry-typefaces/01-malromur/specimen-malromur/04-specimen-image/specimen-image-400.jpg	12356
website/asset-library/foundry/foundry-typefaces/01-malromur/specimen-malromur/04-specimen-image/specimen-image-800.jpg	30658
website/asset-library/foundry/foundry-typefaces/01-malromur/specimen-malromur/05-specimen-image/.DS_Store	6148
website/asset-library/foundry/foundry-typefaces/01-malromur/specimen-malromur/05-specimen-image/specimen-image-1200.jpg	28485
website/asset-library/foundry/foundry-typefaces/01-malromur/specimen-malromur/05-specimen-image/specimen-image-1600.jpg	42226
website/asset-library/foundry/foundry-typefaces/01-malromur/specimen-malromur/05-specimen-image/specimen-image-2560.jpg	79669
website/asset-library/foundry/foundry-typefaces/01-malromur/specimen-malromur/05-specimen-image/specimen-image-400.jpg	6651
website/asset-library/foundry/foundry-typefaces/01-malromur/specimen-malromur/05-specimen-image/specimen-image-800.jpg	17081
website/asset-library/foundry/foundry-typefaces/01-malromur/typefaces-malromur/.DS_Store	8196
website/asset-library/foundry/foundry-typefaces/01-malromur/typefaces-malromur/01-typefaces-hero/typefaces-hero-1200.jpg	63254
website/asset-library/foundry/foundry-typefaces/01-malromur/typefaces-malromur/01-typefaces-hero/typefaces-hero-1600.jpg	99563
website/asset-library/foundry/foundry-typefaces/01-malromur/typefaces-malromur/01-typefaces-hero/typefaces-hero-2560.jpg	231374
website/asset-library/foundry/foundry-typefaces/01-malromur/typefaces-malromur/01-typefaces-hero/typefaces-hero-400.jpg	11438
website/asset-library/foundry/foundry-typefaces/01-malromur/typefaces-malromur/01-typefaces-hero/typefaces-hero-800.jpg	33178
website/asset-library/foundry/foundry-typefaces/01-malromur/typefaces-malromur/02-typefaces-image/.DS_Store	6148
website/asset-library/foundry/foundry-typefaces/01-malromur/typefaces-malromur/02-typefaces-image/typefaces-image-1200.jpg	98015
website/asset-library/foundry/foundry-typefaces/01-malromur/typefaces-malromur/02-typefaces-image/typefaces-image-1600.jpg	149466
website/asset-library/foundry/foundry-typefaces/01-malromur/typefaces-malromur/02-typefaces-image/typefaces-image-2560.jpg	311066
website/asset-library/foundry/foundry-typefaces/01-malromur/typefaces-malromur/02-typefaces-image/typefaces-image-400.jpg	21934
website/asset-library/foundry/foundry-typefaces/01-malromur/typefaces-malromur/02-typefaces-image/typefaces-image-800.jpg	55825
website/asset-library/foundry/foundry-typefaces/01-malromur/typefaces-malromur/03-typefaces-image/.DS_Store	6148
website/asset-library/foundry/foundry-typefaces/01-malromur/typefaces-malromur/03-typefaces-image/typefaces-image-1200.jpg	56518
website/asset-library/foundry/foundry-typefaces/01-malromur/typefaces-malromur/03-typefaces-image/typefaces-image-1600.jpg	91412
website/asset-library/foundry/foundry-typefaces/01-malromur/typefaces-malromur/03-typefaces-image/typefaces-image-2560.jpg	196548
website/asset-library/foundry/foundry-typefaces/01-malromur/typefaces-malromur/03-typefaces-image/typefaces-image-400.jpg	11178
website/asset-library/foundry/foundry-typefaces/01-malromur/typefaces-malromur/03-typefaces-image/typefaces-image-800.jpg	29416
website/asset-library/foundry/foundry-typefaces/01-malromur/typefaces-malromur/04-typefaces-image/.DS_Store	6148
website/asset-library/foundry/foundry-typefaces/01-malromur/typefaces-malromur/04-typefaces-image/typefaces-image-1200.jpg	28485
website/asset-library/foundry/foundry-typefaces/01-malromur/typefaces-malromur/04-typefaces-image/typefaces-image-1600.jpg	42226
website/asset-library/foundry/foundry-typefaces/01-malromur/typefaces-malromur/04-typefaces-image/typefaces-image-2560.jpg	79669
website/asset-library/foundry/foundry-typefaces/01-malromur/typefaces-malromur/04-typefaces-image/typefaces-image-400.jpg	6651
website/asset-library/foundry/foundry-typefaces/01-malromur/typefaces-malromur/04-typefaces-image/typefaces-image-800.jpg	17081
website/asset-library/foundry/foundry-typefaces/01-malromur/typefaces-malromur/05-typefaces-image/.DS_Store	6148
website/asset-library/foundry/foundry-typefaces/01-malromur/typefaces-malromur/05-typefaces-image/typefaces-image-1200.jpg	53281
website/asset-library/foundry/foundry-typefaces/01-malromur/typefaces-malromur/05-typefaces-image/typefaces-image-1600.jpg	79049
website/asset-library/foundry/foundry-typefaces/01-malromur/typefaces-malromur/05-typefaces-image/typefaces-image-2560.jpg	156950
website/asset-library/foundry/foundry-typefaces/01-malromur/typefaces-malromur/05-typefaces-image/typefaces-image-400.jpg	12356
website/asset-library/foundry/foundry-typefaces/01-malromur/typefaces-malromur/05-typefaces-image/typefaces-image-800.jpg	30658
website/asset-library/foundry/foundry-typefaces/02-raetur/.DS_Store	6148
website/asset-library/foundry/foundry-typefaces/02-raetur/card-raetur/.DS_Store	6148
website/asset-library/foundry/foundry-typefaces/02-raetur/card-raetur/01-card/.DS_Store	6148
website/asset-library/foundry/foundry-typefaces/02-raetur/card-raetur/01-card/specimen-card-1200.jpg	75112
website/asset-library/foundry/foundry-typefaces/02-raetur/card-raetur/01-card/specimen-card-1600.jpg	133024
website/asset-library/foundry/foundry-typefaces/02-raetur/card-raetur/01-card/specimen-card-400.jpg	7423
website/asset-library/foundry/foundry-typefaces/02-raetur/card-raetur/01-card/specimen-card-800.jpg	30110
website/asset-library/foundry/foundry-typefaces/02-raetur/card-raetur/02-card/.DS_Store	6148
website/asset-library/foundry/foundry-typefaces/02-raetur/card-raetur/02-card/specimen-card-1200.jpg	79984
website/asset-library/foundry/foundry-typefaces/02-raetur/card-raetur/02-card/specimen-card-1600.jpg	141056
website/asset-library/foundry/foundry-typefaces/02-raetur/card-raetur/02-card/specimen-card-400.jpg	8316
website/asset-library/foundry/foundry-typefaces/02-raetur/card-raetur/02-card/specimen-card-800.jpg	33124
website/asset-library/foundry/foundry-typefaces/02-raetur/card-raetur/03-card/.DS_Store	6148
website/asset-library/foundry/foundry-typefaces/02-raetur/card-raetur/03-card/specimen-card-1200.jpg	137461
website/asset-library/foundry/foundry-typefaces/02-raetur/card-raetur/03-card/specimen-card-1600.jpg	229297
website/asset-library/foundry/foundry-typefaces/02-raetur/card-raetur/03-card/specimen-card-400.jpg	16744
website/asset-library/foundry/foundry-typefaces/02-raetur/card-raetur/03-card/specimen-card-800.jpg	64043
website/asset-library/foundry/foundry-typefaces/02-raetur/specimen-raetur/.DS_Store	8196
website/asset-library/foundry/foundry-typefaces/02-raetur/specimen-raetur/01-specimen-hero/specimen-hero-1200.jpg	73000
website/asset-library/foundry/foundry-typefaces/02-raetur/specimen-raetur/01-specimen-hero/specimen-hero-1600.jpg	146556
website/asset-library/foundry/foundry-typefaces/02-raetur/specimen-raetur/01-specimen-hero/specimen-hero-400.jpg	7725
website/asset-library/foundry/foundry-typefaces/02-raetur/specimen-raetur/01-specimen-hero/specimen-hero-800.jpg	28890
website/asset-library/foundry/foundry-typefaces/02-raetur/specimen-raetur/02-specimen-image/specimen-image-1200.jpg	65823
website/asset-library/foundry/foundry-typefaces/02-raetur/specimen-raetur/02-specimen-image/specimen-image-1600.jpg	131558
website/asset-library/foundry/foundry-typefaces/02-raetur/specimen-raetur/02-specimen-image/specimen-image-400.jpg	5872
website/asset-library/foundry/foundry-typefaces/02-raetur/specimen-raetur/02-specimen-image/specimen-image-800.jpg	23533
website/asset-library/foundry/foundry-typefaces/02-raetur/specimen-raetur/03-specimen-image/specimen-image-1200.jpg	124124
website/asset-library/foundry/foundry-typefaces/02-raetur/specimen-raetur/03-specimen-image/specimen-image-1600.jpg	229344
website/asset-library/foundry/foundry-typefaces/02-raetur/specimen-raetur/03-specimen-image/specimen-image-400.jpg	13216
website/asset-library/foundry/foundry-typefaces/02-raetur/specimen-raetur/03-specimen-image/specimen-image-800.jpg	52512
website/asset-library/foundry/foundry-typefaces/02-raetur/specimen-raetur/04-specimen-image/specimen-image-1200.jpg	68051
website/asset-library/foundry/foundry-typefaces/02-raetur/specimen-raetur/04-specimen-image/specimen-image-1600.jpg	121521
website/asset-library/foundry/foundry-typefaces/02-raetur/specimen-raetur/04-specimen-image/specimen-image-400.jpg	11096
website/asset-library/foundry/foundry-typefaces/02-raetur/specimen-raetur/04-specimen-image/specimen-image-800.jpg	31554
website/asset-library/foundry/foundry-typefaces/02-raetur/specimen-raetur/05-specimen-image/specimen-image-1200.jpg	90589
website/asset-library/foundry/foundry-typefaces/02-raetur/specimen-raetur/05-specimen-image/specimen-image-1600.jpg	180726
website/asset-library/foundry/foundry-typefaces/02-raetur/specimen-raetur/05-specimen-image/specimen-image-400.jpg	8722
website/asset-library/foundry/foundry-typefaces/02-raetur/specimen-raetur/05-specimen-image/specimen-image-800.jpg	35024
website/asset-library/foundry/foundry-typefaces/02-raetur/typefaces-raetur/.DS_Store	6148
website/asset-library/foundry/foundry-typefaces/02-raetur/typefaces-raetur/01-typefaces-hero/typefaces-hero-1200.jpg	58235
website/asset-library/foundry/foundry-typefaces/02-raetur/typefaces-raetur/01-typefaces-hero/typefaces-hero-1600.jpg	111324
website/asset-library/foundry/foundry-typefaces/02-raetur/typefaces-raetur/01-typefaces-hero/typefaces-hero-400.jpg	8029
website/asset-library/foundry/foundry-typefaces/02-raetur/typefaces-raetur/01-typefaces-hero/typefaces-hero-800.jpg	25176
website/asset-library/foundry/foundry-typefaces/02-raetur/typefaces-raetur/02-typefaces-image/typefaces-image-1200.jpg	44906
website/asset-library/foundry/foundry-typefaces/02-raetur/typefaces-raetur/02-typefaces-image/typefaces-image-1600.jpg	86267
website/asset-library/foundry/foundry-typefaces/02-raetur/typefaces-raetur/02-typefaces-image/typefaces-image-400.jpg	6680
website/asset-library/foundry/foundry-typefaces/02-raetur/typefaces-raetur/02-typefaces-image/typefaces-image-800.jpg	19633
website/asset-library/foundry/foundry-typefaces/02-raetur/typefaces-raetur/03-typefaces-image/typefaces-image-1200.jpg	70180
website/asset-library/foundry/foundry-typefaces/02-raetur/typefaces-raetur/03-typefaces-image/typefaces-image-1600.jpg	127732
website/asset-library/foundry/foundry-typefaces/02-raetur/typefaces-raetur/03-typefaces-image/typefaces-image-400.jpg	9925
website/asset-library/foundry/foundry-typefaces/02-raetur/typefaces-raetur/03-typefaces-image/typefaces-image-800.jpg	31951
website/asset-library/foundry/foundry-typefaces/02-raetur/typefaces-raetur/04-typefaces-image/typefaces-image-1200.jpg	63409
website/asset-library/foundry/foundry-typefaces/02-raetur/typefaces-raetur/04-typefaces-image/typefaces-image-1600.jpg	130575
website/asset-library/foundry/foundry-typefaces/02-raetur/typefaces-raetur/04-typefaces-image/typefaces-image-400.jpg	6137
website/asset-library/foundry/foundry-typefaces/02-raetur/typefaces-raetur/04-typefaces-image/typefaces-image-800.jpg	23876
website/asset-library/foundry/foundry-typefaces/02-raetur/typefaces-raetur/05-typefaces-image/typefaces-image-1200.jpg	79440
website/asset-library/foundry/foundry-typefaces/02-raetur/typefaces-raetur/05-typefaces-image/typefaces-image-1600.jpg	138651
website/asset-library/foundry/foundry-typefaces/02-raetur/typefaces-raetur/05-typefaces-image/typefaces-image-400.jpg	12095
website/asset-library/foundry/foundry-typefaces/02-raetur/typefaces-raetur/05-typefaces-image/typefaces-image-800.jpg	35802
website/asset-library/foundry/foundry-typefaces/03-dylgjur/.DS_Store	6148
website/asset-library/foundry/foundry-typefaces/03-dylgjur/card-dylgjur/.DS_Store	6148
website/asset-library/foundry/foundry-typefaces/03-dylgjur/card-dylgjur/01-card/.DS_Store	6148
website/asset-library/foundry/foundry-typefaces/03-dylgjur/card-dylgjur/01-card/specimen-card-1200.jpg	61431
website/asset-library/foundry/foundry-typefaces/03-dylgjur/card-dylgjur/01-card/specimen-card-1600.jpg	90845
website/asset-library/foundry/foundry-typefaces/03-dylgjur/card-dylgjur/01-card/specimen-card-400.jpg	13291
website/asset-library/foundry/foundry-typefaces/03-dylgjur/card-dylgjur/01-card/specimen-card-800.jpg	35349
website/asset-library/foundry/foundry-typefaces/03-dylgjur/card-dylgjur/02-card/.DS_Store	6148
website/asset-library/foundry/foundry-typefaces/03-dylgjur/card-dylgjur/02-card/specimen-card-1200.jpg	72838
website/asset-library/foundry/foundry-typefaces/03-dylgjur/card-dylgjur/02-card/specimen-card-1600.jpg	106752
website/asset-library/foundry/foundry-typefaces/03-dylgjur/card-dylgjur/02-card/specimen-card-400.jpg	16856
website/asset-library/foundry/foundry-typefaces/03-dylgjur/card-dylgjur/02-card/specimen-card-800.jpg	42827
website/asset-library/foundry/foundry-typefaces/03-dylgjur/card-dylgjur/03-card/.DS_Store	6148
website/asset-library/foundry/foundry-typefaces/03-dylgjur/card-dylgjur/03-card/specimen-card-1200.jpg	85338
website/asset-library/foundry/foundry-typefaces/03-dylgjur/card-dylgjur/03-card/specimen-card-1600.jpg	126800
website/asset-library/foundry/foundry-typefaces/03-dylgjur/card-dylgjur/03-card/specimen-card-400.jpg	15887
website/asset-library/foundry/foundry-typefaces/03-dylgjur/card-dylgjur/03-card/specimen-card-800.jpg	47277
website/asset-library/foundry/foundry-typefaces/03-dylgjur/specimen-dylgjur/.DS_Store	8196
website/asset-library/foundry/foundry-typefaces/03-dylgjur/specimen-dylgjur/01-specimen-hero/.DS_Store	6148
website/asset-library/foundry/foundry-typefaces/03-dylgjur/specimen-dylgjur/01-specimen-hero/specimen-hero-1200.jpg	73229
website/asset-library/foundry/foundry-typefaces/03-dylgjur/specimen-dylgjur/01-specimen-hero/specimen-hero-1600.jpg	111535
website/asset-library/foundry/foundry-typefaces/03-dylgjur/specimen-dylgjur/01-specimen-hero/specimen-hero-400.jpg	9420
website/asset-library/foundry/foundry-typefaces/03-dylgjur/specimen-dylgjur/01-specimen-hero/specimen-hero-800.jpg	36325
website/asset-library/foundry/foundry-typefaces/03-dylgjur/specimen-dylgjur/02-specimen-image/.DS_Store	6148
website/asset-library/foundry/foundry-typefaces/03-dylgjur/specimen-dylgjur/02-specimen-image/specimen-image-1200.jpg	69817
website/asset-library/foundry/foundry-typefaces/03-dylgjur/specimen-dylgjur/02-specimen-image/specimen-image-1600.jpg	101162
website/asset-library/foundry/foundry-typefaces/03-dylgjur/specimen-dylgjur/02-specimen-image/specimen-image-400.jpg	15697
website/asset-library/foundry/foundry-typefaces/03-dylgjur/specimen-dylgjur/02-specimen-image/specimen-image-800.jpg	40987
website/asset-library/foundry/foundry-typefaces/03-dylgjur/specimen-dylgjur/03-specimen-image/.DS_Store	6148
website/asset-library/foundry/foundry-typefaces/03-dylgjur/specimen-dylgjur/03-specimen-image/specimen-image-1200.jpg	90095
website/asset-library/foundry/foundry-typefaces/03-dylgjur/specimen-dylgjur/03-specimen-image/specimen-image-1600.jpg	127245
website/asset-library/foundry/foundry-typefaces/03-dylgjur/specimen-dylgjur/03-specimen-image/specimen-image-400.jpg	20455
website/asset-library/foundry/foundry-typefaces/03-dylgjur/specimen-dylgjur/03-specimen-image/specimen-image-800.jpg	52496
website/asset-library/foundry/foundry-typefaces/03-dylgjur/specimen-dylgjur/04-specimen-image/specimen-image-1200.jpg	84781
website/asset-library/foundry/foundry-typefaces/03-dylgjur/specimen-dylgjur/04-specimen-image/specimen-image-1600.jpg	127840
website/asset-library/foundry/foundry-typefaces/03-dylgjur/specimen-dylgjur/04-specimen-image/specimen-image-400.jpg	14205
website/asset-library/foundry/foundry-typefaces/03-dylgjur/specimen-dylgjur/04-specimen-image/specimen-image-800.jpg	44732
website/asset-library/foundry/foundry-typefaces/03-dylgjur/specimen-dylgjur/05-specimen-image/specimen-image-1200.jpg	80912
website/asset-library/foundry/foundry-typefaces/03-dylgjur/specimen-dylgjur/05-specimen-image/specimen-image-1600.jpg	120405
website/asset-library/foundry/foundry-typefaces/03-dylgjur/specimen-dylgjur/05-specimen-image/specimen-image-400.jpg	17569
website/asset-library/foundry/foundry-typefaces/03-dylgjur/specimen-dylgjur/05-specimen-image/specimen-image-800.jpg	46284
website/asset-library/foundry/foundry-typefaces/03-dylgjur/typefaces-dylgjur/.DS_Store	8196
website/asset-library/foundry/foundry-typefaces/03-dylgjur/typefaces-dylgjur/01-typefaces-hero/typefaces-hero-1200.jpg	36566
website/asset-library/foundry/foundry-typefaces/03-dylgjur/typefaces-dylgjur/01-typefaces-hero/typefaces-hero-1600.jpg	54575
website/asset-library/foundry/foundry-typefaces/03-dylgjur/typefaces-dylgjur/01-typefaces-hero/typefaces-hero-400.jpg	7841
website/asset-library/foundry/foundry-typefaces/03-dylgjur/typefaces-dylgjur/01-typefaces-hero/typefaces-hero-800.jpg	20750
website/asset-library/foundry/foundry-typefaces/03-dylgjur/typefaces-dylgjur/02-typefaces-image/.DS_Store	6148
website/asset-library/foundry/foundry-typefaces/03-dylgjur/typefaces-dylgjur/02-typefaces-image/typefaces-image-1200.jpg	84109
website/asset-library/foundry/foundry-typefaces/03-dylgjur/typefaces-dylgjur/02-typefaces-image/typefaces-image-1600.jpg	126820
website/asset-library/foundry/foundry-typefaces/03-dylgjur/typefaces-dylgjur/02-typefaces-image/typefaces-image-400.jpg	14138
website/asset-library/foundry/foundry-typefaces/03-dylgjur/typefaces-dylgjur/02-typefaces-image/typefaces-image-800.jpg	44455
website/asset-library/foundry/foundry-typefaces/03-dylgjur/typefaces-dylgjur/03-typefaces-image/.DS_Store	6148
website/asset-library/foundry/foundry-typefaces/03-dylgjur/typefaces-dylgjur/03-typefaces-image/typefaces-image-1200.jpg	75347
website/asset-library/foundry/foundry-typefaces/03-dylgjur/typefaces-dylgjur/03-typefaces-image/typefaces-image-1600.jpg	108688
website/asset-library/foundry/foundry-typefaces/03-dylgjur/typefaces-dylgjur/03-typefaces-image/typefaces-image-400.jpg	18498
website/asset-library/foundry/foundry-typefaces/03-dylgjur/typefaces-dylgjur/03-typefaces-image/typefaces-image-800.jpg	46815
website/asset-library/foundry/foundry-typefaces/03-dylgjur/typefaces-dylgjur/04-typefaces-image/.DS_Store	6148
website/asset-library/foundry/foundry-typefaces/03-dylgjur/typefaces-dylgjur/04-typefaces-image/typefaces-image-1200.jpg	115018
website/asset-library/foundry/foundry-typefaces/03-dylgjur/typefaces-dylgjur/04-typefaces-image/typefaces-image-1600.jpg	170714
website/asset-library/foundry/foundry-typefaces/03-dylgjur/typefaces-dylgjur/04-typefaces-image/typefaces-image-400.jpg	21401
website/asset-library/foundry/foundry-typefaces/03-dylgjur/typefaces-dylgjur/04-typefaces-image/typefaces-image-800.jpg	65167
website/asset-library/foundry/foundry-typefaces/03-dylgjur/typefaces-dylgjur/05-typefaces-image/.DS_Store	6148
website/asset-library/foundry/foundry-typefaces/03-dylgjur/typefaces-dylgjur/05-typefaces-image/typefaces-image-1200.jpg	80912
website/asset-library/foundry/foundry-typefaces/03-dylgjur/typefaces-dylgjur/05-typefaces-image/typefaces-image-1600.jpg	120405
website/asset-library/foundry/foundry-typefaces/03-dylgjur/typefaces-dylgjur/05-typefaces-image/typefaces-image-400.jpg	17569
website/asset-library/foundry/foundry-typefaces/03-dylgjur/typefaces-dylgjur/05-typefaces-image/typefaces-image-800.jpg	46284
website/asset-library/foundry/foundry-typefaces/04-gullhamrar/.DS_Store	6148
website/asset-library/foundry/foundry-typefaces/04-gullhamrar/card-gullhamrar/.DS_Store	6148
website/asset-library/foundry/foundry-typefaces/04-gullhamrar/card-gullhamrar/01-card/.DS_Store	6148
website/asset-library/foundry/foundry-typefaces/04-gullhamrar/card-gullhamrar/01-card/specimen-card-1200.jpg	81179
website/asset-library/foundry/foundry-typefaces/04-gullhamrar/card-gullhamrar/01-card/specimen-card-1600.jpg	121973
website/asset-library/foundry/foundry-typefaces/04-gullhamrar/card-gullhamrar/01-card/specimen-card-400.jpg	14439
website/asset-library/foundry/foundry-typefaces/04-gullhamrar/card-gullhamrar/01-card/specimen-card-800.jpg	44339
website/asset-library/foundry/foundry-typefaces/04-gullhamrar/card-gullhamrar/02-card/.DS_Store	6148
website/asset-library/foundry/foundry-typefaces/04-gullhamrar/card-gullhamrar/02-card/specimen-card-1200.jpg	79209
website/asset-library/foundry/foundry-typefaces/04-gullhamrar/card-gullhamrar/02-card/specimen-card-1600.jpg	114426
website/asset-library/foundry/foundry-typefaces/04-gullhamrar/card-gullhamrar/02-card/specimen-card-400.jpg	18232
website/asset-library/foundry/foundry-typefaces/04-gullhamrar/card-gullhamrar/02-card/specimen-card-800.jpg	46530
website/asset-library/foundry/foundry-typefaces/04-gullhamrar/card-gullhamrar/03-card/.DS_Store	6148
website/asset-library/foundry/foundry-typefaces/04-gullhamrar/card-gullhamrar/03-card/specimen-card-1200.jpg	106732
website/asset-library/foundry/foundry-typefaces/04-gullhamrar/card-gullhamrar/03-card/specimen-card-1600.jpg	161630
website/asset-library/foundry/foundry-typefaces/04-gullhamrar/card-gullhamrar/03-card/specimen-card-400.jpg	19113
website/asset-library/foundry/foundry-typefaces/04-gullhamrar/card-gullhamrar/03-card/specimen-card-800.jpg	58560
website/asset-library/foundry/foundry-typefaces/04-gullhamrar/specimen-gullhamrar/.DS_Store	8196
website/asset-library/foundry/foundry-typefaces/04-gullhamrar/specimen-gullhamrar/01-specimen-hero/.DS_Store	6148
website/asset-library/foundry/foundry-typefaces/04-gullhamrar/specimen-gullhamrar/01-specimen-hero/specimen-hero-1200.jpg	43681
website/asset-library/foundry/foundry-typefaces/04-gullhamrar/specimen-gullhamrar/01-specimen-hero/specimen-hero-1600.jpg	65658
website/asset-library/foundry/foundry-typefaces/04-gullhamrar/specimen-gullhamrar/01-specimen-hero/specimen-hero-400.jpg	7053
website/asset-library/foundry/foundry-typefaces/04-gullhamrar/specimen-gullhamrar/01-specimen-hero/specimen-hero-800.jpg	23159
website/asset-library/foundry/foundry-typefaces/04-gullhamrar/specimen-gullhamrar/02-specimen-image/.DS_Store	6148
website/asset-library/foundry/foundry-typefaces/04-gullhamrar/specimen-gullhamrar/02-specimen-image/specimen-image-1200.jpg	53054
website/asset-library/foundry/foundry-typefaces/04-gullhamrar/specimen-gullhamrar/02-specimen-image/specimen-image-1600.jpg	81922
website/asset-library/foundry/foundry-typefaces/04-gullhamrar/specimen-gullhamrar/02-specimen-image/specimen-image-400.jpg	9489
website/asset-library/foundry/foundry-typefaces/04-gullhamrar/specimen-gullhamrar/02-specimen-image/specimen-image-800.jpg	28393
website/asset-library/foundry/foundry-typefaces/04-gullhamrar/specimen-gullhamrar/03-specimen-image/.DS_Store	6148
website/asset-library/foundry/foundry-typefaces/04-gullhamrar/specimen-gullhamrar/03-specimen-image/specimen-image-1200.jpg	61434
website/asset-library/foundry/foundry-typefaces/04-gullhamrar/specimen-gullhamrar/03-specimen-image/specimen-image-1600.jpg	90725
website/asset-library/foundry/foundry-typefaces/04-gullhamrar/specimen-gullhamrar/03-specimen-image/specimen-image-400.jpg	11435
website/asset-library/foundry/foundry-typefaces/04-gullhamrar/specimen-gullhamrar/03-specimen-image/specimen-image-800.jpg	34197
website/asset-library/foundry/foundry-typefaces/04-gullhamrar/specimen-gullhamrar/04-specimen-image/.DS_Store	6148
website/asset-library/foundry/foundry-typefaces/04-gullhamrar/specimen-gullhamrar/04-specimen-image/specimen-image-1200.jpg	77616
website/asset-library/foundry/foundry-typefaces/04-gullhamrar/specimen-gullhamrar/04-specimen-image/specimen-image-1600.jpg	114070
website/asset-library/foundry/foundry-typefaces/04-gullhamrar/specimen-gullhamrar/04-specimen-image/specimen-image-400.jpg	17119
website/asset-library/foundry/foundry-typefaces/04-gullhamrar/specimen-gullhamrar/04-specimen-image/specimen-image-800.jpg	45503
website/asset-library/foundry/foundry-typefaces/04-gullhamrar/specimen-gullhamrar/05-specimen-image/.DS_Store	6148
website/asset-library/foundry/foundry-typefaces/04-gullhamrar/specimen-gullhamrar/05-specimen-image/specimen-image-1200.jpg	60845
website/asset-library/foundry/foundry-typefaces/04-gullhamrar/specimen-gullhamrar/05-specimen-image/specimen-image-1600.jpg	88606
website/asset-library/foundry/foundry-typefaces/04-gullhamrar/specimen-gullhamrar/05-specimen-image/specimen-image-400.jpg	13890
website/asset-library/foundry/foundry-typefaces/04-gullhamrar/specimen-gullhamrar/05-specimen-image/specimen-image-800.jpg	35911
website/asset-library/foundry/foundry-typefaces/04-gullhamrar/typefaces-gullhamrar/.DS_Store	8196
website/asset-library/foundry/foundry-typefaces/04-gullhamrar/typefaces-gullhamrar/01-typefaces-hero/.DS_Store	6148
website/asset-library/foundry/foundry-typefaces/04-gullhamrar/typefaces-gullhamrar/01-typefaces-hero/typefaces-hero-1200.jpg	66400
website/asset-library/foundry/foundry-typefaces/04-gullhamrar/typefaces-gullhamrar/01-typefaces-hero/typefaces-hero-1600.jpg	99458
website/asset-library/foundry/foundry-typefaces/04-gullhamrar/typefaces-gullhamrar/01-typefaces-hero/typefaces-hero-400.jpg	12012
website/asset-library/foundry/foundry-typefaces/04-gullhamrar/typefaces-gullhamrar/01-typefaces-hero/typefaces-hero-800.jpg	36632
website/asset-library/foundry/foundry-typefaces/04-gullhamrar/typefaces-gullhamrar/02-typefaces-image/.DS_Store	6148
website/asset-library/foundry/foundry-typefaces/04-gullhamrar/typefaces-gullhamrar/02-typefaces-image/typefaces-image-1200.jpg	77363
website/asset-library/foundry/foundry-typefaces/04-gullhamrar/typefaces-gullhamrar/02-typefaces-image/typefaces-image-1600.jpg	111634
website/asset-library/foundry/foundry-typefaces/04-gullhamrar/typefaces-gullhamrar/02-typefaces-image/typefaces-image-400.jpg	15497
website/asset-library/foundry/foundry-typefaces/04-gullhamrar/typefaces-gullhamrar/02-typefaces-image/typefaces-image-800.jpg	43367
website/asset-library/foundry/foundry-typefaces/04-gullhamrar/typefaces-gullhamrar/03-typefaces-image/.DS_Store	6148
website/asset-library/foundry/foundry-typefaces/04-gullhamrar/typefaces-gullhamrar/03-typefaces-image/typefaces-image-1200.jpg	72699
website/asset-library/foundry/foundry-typefaces/04-gullhamrar/typefaces-gullhamrar/03-typefaces-image/typefaces-image-1600.jpg	104443
website/asset-library/foundry/foundry-typefaces/04-gullhamrar/typefaces-gullhamrar/03-typefaces-image/typefaces-image-400.jpg	17052
website/asset-library/foundry/foundry-typefaces/04-gullhamrar/typefaces-gullhamrar/03-typefaces-image/typefaces-image-800.jpg	42875
website/asset-library/foundry/foundry-typefaces/04-gullhamrar/typefaces-gullhamrar/04-typefaces-image/.DS_Store	6148
website/asset-library/foundry/foundry-typefaces/04-gullhamrar/typefaces-gullhamrar/04-typefaces-image/typefaces-image-1200.jpg	77616
website/asset-library/foundry/foundry-typefaces/04-gullhamrar/typefaces-gullhamrar/04-typefaces-image/typefaces-image-1600.jpg	114070
website/asset-library/foundry/foundry-typefaces/04-gullhamrar/typefaces-gullhamrar/04-typefaces-image/typefaces-image-400.jpg	17119
website/asset-library/foundry/foundry-typefaces/04-gullhamrar/typefaces-gullhamrar/04-typefaces-image/typefaces-image-800.jpg	45503
website/asset-library/foundry/foundry-typefaces/04-gullhamrar/typefaces-gullhamrar/05-typefaces-image/.DS_Store	6148
website/asset-library/foundry/foundry-typefaces/04-gullhamrar/typefaces-gullhamrar/05-typefaces-image/typefaces-image-1200.jpg	60845
website/asset-library/foundry/foundry-typefaces/04-gullhamrar/typefaces-gullhamrar/05-typefaces-image/typefaces-image-1600.jpg	88606
website/asset-library/foundry/foundry-typefaces/04-gullhamrar/typefaces-gullhamrar/05-typefaces-image/typefaces-image-400.jpg	13890
website/asset-library/foundry/foundry-typefaces/04-gullhamrar/typefaces-gullhamrar/05-typefaces-image/typefaces-image-800.jpg	35911
website/asset-library/foundry/foundry-typefaces/05-trollatunga/.DS_Store	6148
website/asset-library/foundry/foundry-typefaces/05-trollatunga/card-trollatunga/.DS_Store	6148
website/asset-library/foundry/foundry-typefaces/05-trollatunga/card-trollatunga/01-card/.DS_Store	6148
website/asset-library/foundry/foundry-typefaces/05-trollatunga/card-trollatunga/01-card/specimen-card-1200.jpg	38131
website/asset-library/foundry/foundry-typefaces/05-trollatunga/card-trollatunga/01-card/specimen-card-1600.jpg	55924
website/asset-library/foundry/foundry-typefaces/05-trollatunga/card-trollatunga/01-card/specimen-card-400.jpg	9443
website/asset-library/foundry/foundry-typefaces/05-trollatunga/card-trollatunga/01-card/specimen-card-800.jpg	23083
website/asset-library/foundry/foundry-typefaces/05-trollatunga/card-trollatunga/02-card/.DS_Store	6148
website/asset-library/foundry/foundry-typefaces/05-trollatunga/card-trollatunga/02-card/specimen-card-1200.jpg	31940
website/asset-library/foundry/foundry-typefaces/05-trollatunga/card-trollatunga/02-card/specimen-card-1600.jpg	46630
website/asset-library/foundry/foundry-typefaces/05-trollatunga/card-trollatunga/02-card/specimen-card-400.jpg	7825
website/asset-library/foundry/foundry-typefaces/05-trollatunga/card-trollatunga/02-card/specimen-card-800.jpg	18948
website/asset-library/foundry/foundry-typefaces/05-trollatunga/card-trollatunga/03-card/.DS_Store	6148
website/asset-library/foundry/foundry-typefaces/05-trollatunga/card-trollatunga/03-card/specimen-card-1200.jpg	17914
website/asset-library/foundry/foundry-typefaces/05-trollatunga/card-trollatunga/03-card/specimen-card-1600.jpg	25176
website/asset-library/foundry/foundry-typefaces/05-trollatunga/card-trollatunga/03-card/specimen-card-400.jpg	5317
website/asset-library/foundry/foundry-typefaces/05-trollatunga/card-trollatunga/03-card/specimen-card-800.jpg	11597
website/asset-library/foundry/foundry-typefaces/05-trollatunga/specimen-trollatunga/.DS_Store	8196
website/asset-library/foundry/foundry-typefaces/05-trollatunga/specimen-trollatunga/01-specimen-hero/.DS_Store	6148
website/asset-library/foundry/foundry-typefaces/05-trollatunga/specimen-trollatunga/01-specimen-hero/specimen-hero-1200.jpg	28890
website/asset-library/foundry/foundry-typefaces/05-trollatunga/specimen-trollatunga/01-specimen-hero/specimen-hero-1600.jpg	56290
website/asset-library/foundry/foundry-typefaces/05-trollatunga/specimen-trollatunga/01-specimen-hero/specimen-hero-400.jpg	5550
website/asset-library/foundry/foundry-typefaces/05-trollatunga/specimen-trollatunga/01-specimen-hero/specimen-hero-800.jpg	14410
website/asset-library/foundry/foundry-typefaces/05-trollatunga/specimen-trollatunga/02-specimen-image/.DS_Store	6148
website/asset-library/foundry/foundry-typefaces/05-trollatunga/specimen-trollatunga/02-specimen-image/specimen-image-1200.jpg	61106
website/asset-library/foundry/foundry-typefaces/05-trollatunga/specimen-trollatunga/02-specimen-image/specimen-image-1600.jpg	88854
website/asset-library/foundry/foundry-typefaces/05-trollatunga/specimen-trollatunga/02-specimen-image/specimen-image-400.jpg	13549
website/asset-library/foundry/foundry-typefaces/05-trollatunga/specimen-trollatunga/02-specimen-image/specimen-image-800.jpg	36104
website/asset-library/foundry/foundry-typefaces/05-trollatunga/specimen-trollatunga/03-specimen-image/.DS_Store	6148
website/asset-library/foundry/foundry-typefaces/05-trollatunga/specimen-trollatunga/03-specimen-image/specimen-image-1200.jpg	16986
website/asset-library/foundry/foundry-typefaces/05-trollatunga/specimen-trollatunga/03-specimen-image/specimen-image-1600.jpg	24581
website/asset-library/foundry/foundry-typefaces/05-trollatunga/specimen-trollatunga/03-specimen-image/specimen-image-400.jpg	4406
website/asset-library/foundry/foundry-typefaces/05-trollatunga/specimen-trollatunga/03-specimen-image/specimen-image-800.jpg	10221
website/asset-library/foundry/foundry-typefaces/05-trollatunga/specimen-trollatunga/04-specimen-image/.DS_Store	6148
website/asset-library/foundry/foundry-typefaces/05-trollatunga/specimen-trollatunga/04-specimen-image/specimen-image-1200.jpg	49741
website/asset-library/foundry/foundry-typefaces/05-trollatunga/specimen-trollatunga/04-specimen-image/specimen-image-1600.jpg	71379
website/asset-library/foundry/foundry-typefaces/05-trollatunga/specimen-trollatunga/04-specimen-image/specimen-image-400.jpg	12644
website/asset-library/foundry/foundry-typefaces/05-trollatunga/specimen-trollatunga/04-specimen-image/specimen-image-800.jpg	30318
website/asset-library/foundry/foundry-typefaces/05-trollatunga/specimen-trollatunga/05-specimen-image/specimen-image-1200.jpg	55471
website/asset-library/foundry/foundry-typefaces/05-trollatunga/specimen-trollatunga/05-specimen-image/specimen-image-1600.jpg	79066
website/asset-library/foundry/foundry-typefaces/05-trollatunga/specimen-trollatunga/05-specimen-image/specimen-image-400.jpg	13953
website/asset-library/foundry/foundry-typefaces/05-trollatunga/specimen-trollatunga/05-specimen-image/specimen-image-800.jpg	33431
website/asset-library/foundry/foundry-typefaces/05-trollatunga/typefaces-trollatunga/.DS_Store	8196
website/asset-library/foundry/foundry-typefaces/05-trollatunga/typefaces-trollatunga/01-typefaces-hero/.DS_Store	6148
website/asset-library/foundry/foundry-typefaces/05-trollatunga/typefaces-trollatunga/01-typefaces-hero/typefaces-hero-1200.jpg	55471
website/asset-library/foundry/foundry-typefaces/05-trollatunga/typefaces-trollatunga/01-typefaces-hero/typefaces-hero-1600.jpg	79066
website/asset-library/foundry/foundry-typefaces/05-trollatunga/typefaces-trollatunga/01-typefaces-hero/typefaces-hero-400.jpg	13953
website/asset-library/foundry/foundry-typefaces/05-trollatunga/typefaces-trollatunga/01-typefaces-hero/typefaces-hero-800.jpg	33431
website/asset-library/foundry/foundry-typefaces/05-trollatunga/typefaces-trollatunga/02-typefaces-image/.DS_Store	6148
website/asset-library/foundry/foundry-typefaces/05-trollatunga/typefaces-trollatunga/02-typefaces-image/typefaces-image-1200.jpg	28548
website/asset-library/foundry/foundry-typefaces/05-trollatunga/typefaces-trollatunga/02-typefaces-image/typefaces-image-1600.jpg	41114
website/asset-library/foundry/foundry-typefaces/05-trollatunga/typefaces-trollatunga/02-typefaces-image/typefaces-image-400.jpg	6987
website/asset-library/foundry/foundry-typefaces/05-trollatunga/typefaces-trollatunga/02-typefaces-image/typefaces-image-800.jpg	17115
website/asset-library/foundry/foundry-typefaces/05-trollatunga/typefaces-trollatunga/03-typefaces-image/.DS_Store	6148
website/asset-library/foundry/foundry-typefaces/05-trollatunga/typefaces-trollatunga/03-typefaces-image/typefaces-image-1200.jpg	32020
website/asset-library/foundry/foundry-typefaces/05-trollatunga/typefaces-trollatunga/03-typefaces-image/typefaces-image-1600.jpg	46217
website/asset-library/foundry/foundry-typefaces/05-trollatunga/typefaces-trollatunga/03-typefaces-image/typefaces-image-400.jpg	8093
website/asset-library/foundry/foundry-typefaces/05-trollatunga/typefaces-trollatunga/03-typefaces-image/typefaces-image-800.jpg	19283
website/asset-library/foundry/foundry-typefaces/05-trollatunga/typefaces-trollatunga/04-typefaces-image/.DS_Store	6148
website/asset-library/foundry/foundry-typefaces/05-trollatunga/typefaces-trollatunga/04-typefaces-image/typefaces-image-1200.jpg	21994
website/asset-library/foundry/foundry-typefaces/05-trollatunga/typefaces-trollatunga/04-typefaces-image/typefaces-image-1600.jpg	32914
website/asset-library/foundry/foundry-typefaces/05-trollatunga/typefaces-trollatunga/04-typefaces-image/typefaces-image-400.jpg	5602
website/asset-library/foundry/foundry-typefaces/05-trollatunga/typefaces-trollatunga/04-typefaces-image/typefaces-image-800.jpg	12936
website/asset-library/foundry/foundry-typefaces/05-trollatunga/typefaces-trollatunga/05-typefaces-image/.DS_Store	6148
website/asset-library/foundry/foundry-typefaces/05-trollatunga/typefaces-trollatunga/05-typefaces-image/typefaces-image-1200.jpg	65813
website/asset-library/foundry/foundry-typefaces/05-trollatunga/typefaces-trollatunga/05-typefaces-image/typefaces-image-1600.jpg	91959
website/asset-library/foundry/foundry-typefaces/05-trollatunga/typefaces-trollatunga/05-typefaces-image/typefaces-image-400.jpg	15851
website/asset-library/foundry/foundry-typefaces/05-trollatunga/typefaces-trollatunga/05-typefaces-image/typefaces-image-800.jpg	38933
website/asset-library/homepage/home-about/home-about-1200.jpg	71852
website/asset-library/homepage/home-about/home-about-1600.jpg	110482
website/asset-library/homepage/home-about/home-about-2560.jpg	221675
website/asset-library/homepage/home-about/home-about-400.jpg	15451
website/asset-library/homepage/home-about/home-about-800.jpg	42509
website/asset-library/homepage/home-feat-kol/.DS_Store	6148
website/asset-library/homepage/home-feat-kol/feat-kol-client/feat-kol-client-1200.jpg	48108
website/asset-library/homepage/home-feat-kol/feat-kol-client/feat-kol-client-300.jpg	8113
website/asset-library/homepage/home-feat-kol/feat-kol-client/feat-kol-client-600.jpg	17850
website/asset-library/homepage/home-feat-kol/feat-kol-client/feat-kol-client-w-1200.jpg	48108
website/asset-library/homepage/home-feat-kol/feat-kol-client/feat-kol-client-w-300.jpg	8124
website/asset-library/homepage/home-feat-kol/feat-kol-client/feat-kol-client-w-600.jpg	17842
website/asset-library/homepage/home-feat-kol/feat-kol-client/feat-kol-client.svg	1736
website/asset-library/homepage/home-feat-kol/feat-kol-collections/feat-kol-collections-1200.jpg	111842
website/asset-library/homepage/home-feat-kol/feat-kol-collections/feat-kol-collections-300.jpg	15190
website/asset-library/homepage/home-feat-kol/feat-kol-collections/feat-kol-collections-600.jpg	41663
website/asset-library/homepage/home-feat-kol/feat-kol-collections/feat-kol-collections-w-1200.jpg	111625
website/asset-library/homepage/home-feat-kol/feat-kol-collections/feat-kol-collections-w-300.jpg	14904
website/asset-library/homepage/home-feat-kol/feat-kol-collections/feat-kol-collections-w-600.jpg	41665
website/asset-library/homepage/home-feat-kol/feat-kol-collections/feat-kol-collections.svg	5034
website/asset-library/homepage/home-feat-kol/feat-kol-foundry/feat-kol-foundry-1200.jpg	76646
website/asset-library/homepage/home-feat-kol/feat-kol-foundry/feat-kol-foundry-300.jpg	13130
website/asset-library/homepage/home-feat-kol/feat-kol-foundry/feat-kol-foundry-600.jpg	30987
website/asset-library/homepage/home-feat-kol/feat-kol-foundry/feat-kol-foundry-w-1200.jpg	76526
website/asset-library/homepage/home-feat-kol/feat-kol-foundry/feat-kol-foundry-w-300.jpg	13143
website/asset-library/homepage/home-feat-kol/feat-kol-foundry/feat-kol-foundry-w-600.jpg	30963
website/asset-library/homepage/home-feat-kol/feat-kol-foundry/feat-kol-foundry.svg	2226
website/asset-library/homepage/home-feat-kol/feat-kol-workshop/feat-kol-workshop-1200.jpg	112018
website/asset-library/homepage/home-feat-kol/feat-kol-workshop/feat-kol-workshop-300.jpg	18146
website/asset-library/homepage/home-feat-kol/feat-kol-workshop/feat-kol-workshop-600.jpg	45245
website/asset-library/homepage/home-feat-kol/feat-kol-workshop/feat-kol-workshop-w-1200.jpg	111912
website/asset-library/homepage/home-feat-kol/feat-kol-workshop/feat-kol-workshop-w-300.jpg	17926
website/asset-library/homepage/home-feat-kol/feat-kol-workshop/feat-kol-workshop-w-600.jpg	44939
website/asset-library/homepage/home-feat-kol/feat-kol-workshop/feat-kol-workshop.svg	12347
website/asset-library/homepage/home-feat-workshop/.DS_Store	6148
website/asset-library/homepage/home-feat-workshop/workshop-components/workshop-components-1200.jpg	65302
website/asset-library/homepage/home-feat-workshop/workshop-components/workshop-components-1600.jpg	102307
website/asset-library/homepage/home-feat-workshop/workshop-components/workshop-components-400.jpg	12168
website/asset-library/homepage/home-feat-workshop/workshop-components/workshop-components-800.jpg	36186
website/asset-library/homepage/home-feat-workshop/workshop-documentation/workshop-documentation-1200.jpg	64079
website/asset-library/homepage/home-feat-workshop/workshop-documentation/workshop-documentation-1600.jpg	96154
website/asset-library/homepage/home-feat-workshop/workshop-documentation/workshop-documentation-400.jpg	9536
website/asset-library/homepage/home-feat-workshop/workshop-documentation/workshop-documentation-800.jpg	33058
website/asset-library/homepage/home-feat-workshop/workshop-foundation/workshop-foundation-1200.jpg	52625
website/asset-library/homepage/home-feat-workshop/workshop-foundation/workshop-foundation-1600.jpg	85701
website/asset-library/homepage/home-feat-workshop/workshop-foundation/workshop-foundation-400.jpg	9289
website/asset-library/homepage/home-feat-workshop/workshop-foundation/workshop-foundation-800.jpg	29437
website/asset-library/homepage/home-feat-workshop/workshop-introduction/workshop-introduction-1200.jpg	66533
website/asset-library/homepage/home-feat-workshop/workshop-introduction/workshop-introduction-1600.jpg	103213
website/asset-library/homepage/home-feat-workshop/workshop-introduction/workshop-introduction-400.jpg	10932
website/asset-library/homepage/home-feat-workshop/workshop-introduction/workshop-introduction-800.jpg	35334
website/asset-library/homepage/home-foundry-card/.DS_Store	6148
website/asset-library/homepage/home-foundry-card/foundry-card-dark/foundry-card-dark-1200.jpg	103936
website/asset-library/homepage/home-foundry-card/foundry-card-dark/foundry-card-dark-1600.jpg	154008
website/asset-library/homepage/home-foundry-card/foundry-card-dark/foundry-card-dark-2560.jpg	291896
website/asset-library/homepage/home-foundry-card/foundry-card-dark/foundry-card-dark-400.jpg	19090
website/asset-library/homepage/home-foundry-card/foundry-card-dark/foundry-card-dark-800.jpg	54758
website/asset-library/homepage/home-foundry-card/foundry-card-dark/foundry-card-dark.svg	372976
website/asset-library/homepage/home-foundry-card/foundry-card-light/foundry-card-light-1200.jpg	104817
website/asset-library/homepage/home-foundry-card/foundry-card-light/foundry-card-light-1600.jpg	154429
website/asset-library/homepage/home-foundry-card/foundry-card-light/foundry-card-light-2560.jpg	292302
website/asset-library/homepage/home-foundry-card/foundry-card-light/foundry-card-light-400.jpg	19187
website/asset-library/homepage/home-foundry-card/foundry-card-light/foundry-card-light-800.jpg	55499
website/asset-library/homepage/home-foundry-card/foundry-card-light/foundry-card-light.svg	372972
website/asset-library/homepage/home-highlight/.DS_Store	6148
website/asset-library/homepage/home-highlight/hl-analytics/.DS_Store	6148
website/asset-library/homepage/home-highlight/hl-analytics/hl-analytics-1200.jpg	50035
website/asset-library/homepage/home-highlight/hl-analytics/hl-analytics-1600.jpg	80023
website/asset-library/homepage/home-highlight/hl-analytics/hl-analytics-2560.jpg	150422
website/asset-library/homepage/home-highlight/hl-analytics/hl-analytics-400.jpg	8382
website/asset-library/homepage/home-highlight/hl-analytics/hl-analytics-800.jpg	26040
website/asset-library/homepage/home-highlight/hl-chess/.DS_Store	6148
website/asset-library/homepage/home-highlight/hl-chess/hl-chess-1200.jpg	38410
website/asset-library/homepage/home-highlight/hl-chess/hl-chess-1600.jpg	51639
website/asset-library/homepage/home-highlight/hl-chess/hl-chess-2560.jpg	85698
website/asset-library/homepage/home-highlight/hl-chess/hl-chess-400.jpg	11619
website/asset-library/homepage/home-highlight/hl-chess/hl-chess-800.jpg	23898
website/asset-library/homepage/home-highlight/hl-malromur/.DS_Store	6148
website/asset-library/homepage/home-highlight/hl-malromur/hl-malromur-1200.jpg	63254
website/asset-library/homepage/home-highlight/hl-malromur/hl-malromur-1600.jpg	99563
website/asset-library/homepage/home-highlight/hl-malromur/hl-malromur-2560.jpg	231374
website/asset-library/homepage/home-highlight/hl-malromur/hl-malromur-400.jpg	11438
website/asset-library/homepage/home-highlight/hl-malromur/hl-malromur-800.jpg	33178
website/asset-library/homepage/home-highlight/hl-print/.DS_Store	6148
website/asset-library/homepage/home-highlight/hl-print/hl-print-1200.jpg	73164
website/asset-library/homepage/home-highlight/hl-print/hl-print-1600.jpg	131847
website/asset-library/homepage/home-highlight/hl-print/hl-print-2560.jpg	330730
website/asset-library/homepage/home-highlight/hl-print/hl-print-400.jpg	9681
website/asset-library/homepage/home-highlight/hl-print/hl-print-800.jpg	33335
website/asset-library/homepage/home-highlight/hl-radial/.DS_Store	6148
website/asset-library/homepage/home-highlight/hl-radial/hl-radial-1200.jpg	51245
website/asset-library/homepage/home-highlight/hl-radial/hl-radial-1600.jpg	75819
website/asset-library/homepage/home-highlight/hl-radial/hl-radial-1920.png	1198344
website/asset-library/homepage/home-highlight/hl-radial/hl-radial-400.jpg	9599
website/asset-library/homepage/home-highlight/hl-radial/hl-radial-800.jpg	28528
website/asset-library/homepage/home-highlight/hl-visuals/hl-visuals-1200.jpg	24583
website/asset-library/homepage/home-highlight/hl-visuals/hl-visuals-1600.jpg	37150
website/asset-library/homepage/home-highlight/hl-visuals/hl-visuals-400.jpg	5170
website/asset-library/homepage/home-highlight/hl-visuals/hl-visuals-800.jpg	14136
website/asset-library/studio/.DS_Store	6148
website/asset-library/studio/card-about/.DS_Store	6148
website/asset-library/studio/card-about/studio-about-1200.jpg	34912
website/asset-library/studio/card-about/studio-about-1600.jpg	53665
website/asset-library/studio/card-about/studio-about-400.jpg	6775
website/asset-library/studio/card-about/studio-about-800.jpg	18945
website/asset-library/studio/card-process/process-dark.svg	31734
website/asset-library/studio/card-process/process-light.svg	31733
website/asset-library/studio/photoshoot-thg/thg-01.jpg	846316
website/asset-library/studio/photoshoot-thg/thg-02.jpg	1762011
website/asset-library/studio/photoshoot-thg/thg-03.jpg	960890
website/asset-library/studio/photoshoot-thg/thg-04.jpg	863488
website/asset-library/studio/photoshoot-thg/thg-05.jpg	846680
website/asset-library/studio/photoshoot-thg/thg-06.jpg	765432
website/asset-library/studio/photoshoot-thg/thg-07.jpg	1005504
website/asset-library/studio/photoshoot-thg/thg-08.jpg	1481337
website/asset-library/studio/ql-card-studio/.DS_Store	6148
website/asset-library/studio/ql-card-studio/ql-card-dark/01-ql-card.svg	22501
website/asset-library/studio/ql-card-studio/ql-card-dark/02-ql-card.svg	8327
website/asset-library/studio/ql-card-studio/ql-card-dark/03-ql-card.svg	17501
website/asset-library/studio/ql-card-studio/ql-card-dark/04-ql-card.svg	1754
website/asset-library/studio/ql-card-studio/ql-card-light/01-ql-card.svg	22501
website/asset-library/studio/ql-card-studio/ql-card-light/02-ql-card.svg	8327
website/asset-library/studio/ql-card-studio/ql-card-light/03-ql-card.svg	17501
website/asset-library/studio/ql-card-studio/ql-card-light/04-ql-card.svg	1754
website/asset-library/studio/studio-video-still/video-still-1200.jpg	43233
website/asset-library/studio/studio-video-still/video-still-1600.jpg	66622
website/asset-library/studio/studio-video-still/video-still-400.jpg	7440
website/asset-library/studio/studio-video-still/video-still-800.jpg	23196
website/asset-library/website-global/fallback/README.md	787
website/asset-library/website-global/fallback/hz/grid-01/dark-1200.jpg	41059
website/asset-library/website-global/fallback/hz/grid-01/dark-1600.jpg	57754
website/asset-library/website-global/fallback/hz/grid-01/dark-400.jpg	9430
website/asset-library/website-global/fallback/hz/grid-01/dark-800.jpg	23558
website/asset-library/website-global/fallback/hz/grid-01/light-1200.jpg	40966
website/asset-library/website-global/fallback/hz/grid-01/light-1600.jpg	57822
website/asset-library/website-global/fallback/hz/grid-01/light-400.jpg	9425
website/asset-library/website-global/fallback/hz/grid-01/light-800.jpg	23556
website/asset-library/website-global/fallback/hz/grid-02/dark-1200.jpg	39109
website/asset-library/website-global/fallback/hz/grid-02/dark-1600.jpg	55976
website/asset-library/website-global/fallback/hz/grid-02/dark-400.jpg	7794
website/asset-library/website-global/fallback/hz/grid-02/dark-800.jpg	23016
website/asset-library/website-global/fallback/hz/grid-02/light-1200.jpg	38999
website/asset-library/website-global/fallback/hz/grid-02/light-1600.jpg	55881
website/asset-library/website-global/fallback/hz/grid-02/light-400.jpg	7807
website/asset-library/website-global/fallback/hz/grid-02/light-800.jpg	22980
website/asset-library/website-global/fallback/hz/image-01/1200.jpg	45023
website/asset-library/website-global/fallback/hz/image-01/1600.jpg	91029
website/asset-library/website-global/fallback/hz/image-01/400.jpg	6372
website/asset-library/website-global/fallback/hz/image-01/800.jpg	18084
website/asset-library/website-global/fallback/hz/image-02/1200.jpg	68086
website/asset-library/website-global/fallback/hz/image-02/1600.jpg	120738
website/asset-library/website-global/fallback/hz/image-02/400.jpg	6189
website/asset-library/website-global/fallback/hz/image-02/800.jpg	24239
website/asset-library/website-global/fallback/logo/01/1200.jpg	85296
website/asset-library/website-global/fallback/logo/01/1600.jpg	127905
website/asset-library/website-global/fallback/logo/01/400.jpg	16373
website/asset-library/website-global/fallback/logo/01/800.jpg	47171
website/asset-library/website-global/fallback/logo/02/1200.jpg	81923
website/asset-library/website-global/fallback/logo/02/1600.jpg	123511
website/asset-library/website-global/fallback/logo/02/400.jpg	15746
website/asset-library/website-global/fallback/logo/02/800.jpg	45927
website/asset-library/website-global/fallback/sq/grid-01/dark-1200.jpg	38707
website/asset-library/website-global/fallback/sq/grid-01/dark-1600.jpg	59682
website/asset-library/website-global/fallback/sq/grid-01/dark-400.jpg	8705
website/asset-library/website-global/fallback/sq/grid-01/dark-800.jpg	23876
website/asset-library/website-global/fallback/sq/grid-01/light-1200.jpg	38739
website/asset-library/website-global/fallback/sq/grid-01/light-1600.jpg	59684
website/asset-library/website-global/fallback/sq/grid-01/light-400.jpg	8722
website/asset-library/website-global/fallback/sq/grid-01/light-800.jpg	23887
website/asset-library/website-global/fallback/sq/grid-02/dark-1200.jpg	41887
website/asset-library/website-global/fallback/sq/grid-02/dark-1600.jpg	56464
website/asset-library/website-global/fallback/sq/grid-02/dark-400.jpg	9454
website/asset-library/website-global/fallback/sq/grid-02/dark-800.jpg	24039
website/asset-library/website-global/fallback/sq/grid-02/light-1200.jpg	41904
website/asset-library/website-global/fallback/sq/grid-02/light-1600.jpg	56377
website/asset-library/website-global/fallback/sq/grid-02/light-400.jpg	9409
website/asset-library/website-global/fallback/sq/grid-02/light-800.jpg	24060
website/asset-library/website-global/fallback/sq/grid-03/dark-1200.jpg	65040
website/asset-library/website-global/fallback/sq/grid-03/dark-1600.jpg	98575
website/asset-library/website-global/fallback/sq/grid-03/dark-400.jpg	9553
website/asset-library/website-global/fallback/sq/grid-03/dark-800.jpg	33449
website/asset-library/website-global/fallback/sq/grid-03/light-1200.jpg	77340
website/asset-library/website-global/fallback/sq/grid-03/light-1600.jpg	117862
website/asset-library/website-global/fallback/sq/grid-03/light-400.jpg	12371
website/asset-library/website-global/fallback/sq/grid-03/light-800.jpg	41223
website/asset-library/website-global/fallback/sq/logo/dark-1200.jpg	31386
website/asset-library/website-global/fallback/sq/logo/dark-1600.jpg	45720
website/asset-library/website-global/fallback/sq/logo/dark-400.jpg	8124
website/asset-library/website-global/fallback/sq/logo/dark-800.jpg	19103
website/asset-library/website-global/fallback/sq/logo/light-1200.jpg	31362
website/asset-library/website-global/fallback/sq/logo/light-1600.jpg	45705
website/asset-library/website-global/fallback/sq/logo/light-400.jpg	8138
website/asset-library/website-global/fallback/sq/logo/light-800.jpg	19130
website/asset-library/website-global/fallback/vt/comp-01/1200.jpg	87752
website/asset-library/website-global/fallback/vt/comp-01/1600.jpg	130299
website/asset-library/website-global/fallback/vt/comp-01/400.jpg	20138
website/asset-library/website-global/fallback/vt/comp-01/800.jpg	51258
website/asset-library/website-global/fallback/vt/comp-02/1200.jpg	81082
website/asset-library/website-global/fallback/vt/comp-02/1600.jpg	121294
website/asset-library/website-global/fallback/vt/comp-02/400.jpg	17571
website/asset-library/website-global/fallback/vt/comp-02/800.jpg	46311
website/asset-library/website-global/fallback/vt/grid/dark-1200.jpg	112463
website/asset-library/website-global/fallback/vt/grid/dark-1600.jpg	166544
website/asset-library/website-global/fallback/vt/grid/dark-400.jpg	24735
website/asset-library/website-global/fallback/vt/grid/dark-800.jpg	63588
website/asset-library/website-global/fallback/vt/grid/light-1200.jpg	112465
website/asset-library/website-global/fallback/vt/grid/light-1600.jpg	166663
website/asset-library/website-global/fallback/vt/grid/light-400.jpg	24715
website/asset-library/website-global/fallback/vt/grid/light-800.jpg	63623
website/asset-library/workshop/workshop-docs/workshop-docs.svg	3836
website/asset-library/workshop/workshop-docs/workshop-logo.svg	3670
website/asset-library/workshop/workshop-halls/halls-img/halls-img-1200.jpg	83663
website/asset-library/workshop/workshop-halls/halls-img/halls-img-1600.jpg	142849
website/asset-library/workshop/workshop-halls/halls-img/halls-img-2560.jpg	337348
website/asset-library/workshop/workshop-halls/halls-img/halls-img-400.jpg	15311
website/asset-library/workshop/workshop-halls/halls-img/halls-img-800.jpg	42346
website/asset-library/workshop/workshop-images/ws-img-01/workshop-image-1200.jpg	183219
website/asset-library/workshop/workshop-images/ws-img-01/workshop-image-1600.jpg	250176
website/asset-library/workshop/workshop-images/ws-img-01/workshop-image-400.jpg	43217
website/asset-library/workshop/workshop-images/ws-img-01/workshop-image-800.jpg	111531
website/asset-library/workshop/workshop-overview/analytics.png	8394
website/asset-library/workshop/workshop-overview/apparat.png	11479
website/asset-library/workshop/workshop-overview/chess.png	85369
website/asset-library/workshop/workshop-overview/components.png	14625
website/asset-library/workshop/workshop-overview/design-system.png	7169
website/asset-library/workshop/workshop-overview/hall-of-mirrors.png	30964
website/data-library/chess-data/generated/index.js	20064355
website/data-library/chess-data/pgn/by-month/2017-02.json	157467
website/data-library/chess-data/pgn/by-month/2017-03.json	2592629
website/data-library/chess-data/pgn/by-month/2017-04.json	2546561
website/data-library/chess-data/pgn/by-month/2017-05.json	1583029
website/data-library/chess-data/pgn/by-month/2017-06.json	3234145
website/data-library/chess-data/pgn/by-month/2017-07.json	2379425
website/data-library/chess-data/pgn/by-month/2017-08.json	2707975
website/data-library/chess-data/pgn/by-month/2017-09.json	1971112
website/data-library/chess-data/pgn/by-month/2017-10.json	2070183
website/data-library/chess-data/pgn/by-month/2017-11.json	1064501
website/data-library/chess-data/pgn/by-month/2017-12.json	3330127
website/data-library/chess-data/pgn/by-month/2018-01.json	2389698
website/data-library/chess-data/pgn/by-month/2018-02.json	1064257
website/data-library/chess-data/pgn/by-month/2018-03.json	2598994
website/data-library/chess-data/pgn/by-month/2018-04.json	2017408
website/data-library/chess-data/pgn/by-month/2018-05.json	2070587
website/data-library/chess-data/pgn/by-month/2018-06.json	1296169
website/data-library/chess-data/pgn/by-month/2018-07.json	1395109
website/data-library/chess-data/pgn/by-month/2018-08.json	2051675
website/data-library/chess-data/pgn/by-month/2018-09.json	816078
website/data-library/chess-data/pgn/by-month/2018-10.json	875825
website/data-library/chess-data/pgn/by-month/2018-11.json	1919688
website/data-library/chess-data/pgn/by-month/2018-12.json	2096532
website/data-library/chess-data/pgn/by-month/2019-01.json	1704734
website/data-library/chess-data/pgn/by-month/2019-02.json	488918
website/data-library/chess-data/pgn/by-month/2019-03.json	705582
website/data-library/chess-data/pgn/by-month/2019-04.json	461156
website/data-library/chess-data/pgn/by-month/2019-05.json	1154076
website/data-library/chess-data/pgn/by-month/2019-06.json	898833
website/data-library/chess-data/pgn/by-month/2019-07.json	1248303
website/data-library/chess-data/pgn/by-month/2019-08.json	1511396
website/data-library/chess-data/pgn/by-month/2019-09.json	937719
website/data-library/chess-data/pgn/by-month/2019-10.json	1060696
website/data-library/chess-data/pgn/by-month/2019-11.json	1204659
website/data-library/chess-data/pgn/by-month/2019-12.json	574679
website/data-library/chess-data/pgn/by-month/2020-01.json	324744
website/data-library/chess-data/pgn/by-month/2020-02.json	576169
website/data-library/chess-data/pgn/by-month/2020-03.json	709541
website/data-library/chess-data/pgn/by-month/2020-04.json	921829
website/data-library/chess-data/pgn/by-month/2020-05.json	252718
website/data-library/chess-data/pgn/by-month/2020-06.json	360223
website/data-library/chess-data/pgn/by-month/2020-07.json	526221
website/data-library/chess-data/pgn/by-month/2020-08.json	19356
website/data-library/chess-data/pgn/by-month/2020-09.json	76103
website/data-library/chess-data/pgn/by-month/2020-10.json	9270
website/data-library/chess-data/pgn/by-month/2020-11.json	9085
website/data-library/chess-data/pgn/by-month/2020-12.json	33292
website/data-library/chess-data/pgn/by-month/2021-01.json	390807
website/data-library/chess-data/pgn/by-month/2021-02.json	740800
website/data-library/chess-data/pgn/by-month/2021-03.json	302025
website/data-library/chess-data/pgn/by-month/2021-04.json	172793
website/data-library/chess-data/pgn/by-month/2021-05.json	526204
website/data-library/chess-data/pgn/by-month/2021-06.json	305968
website/data-library/chess-data/pgn/by-month/2021-07.json	137340
website/data-library/chess-data/pgn/by-month/2021-08.json	546960
website/data-library/chess-data/pgn/by-month/2021-09.json	290905
website/data-library/chess-data/pgn/by-month/2021-10.json	361702
website/data-library/chess-data/pgn/by-month/2021-11.json	105548
website/data-library/chess-data/pgn/by-month/2021-12.json	90967
website/data-library/chess-data/pgn/by-month/2022-01.json	19756
website/data-library/chess-data/pgn/by-month/2022-02.json	36363
website/data-library/chess-data/pgn/by-month/2022-03.json	171777
website/data-library/chess-data/pgn/by-month/2022-04.json	101455
website/data-library/chess-data/pgn/by-month/2022-05.json	195560
website/data-library/chess-data/pgn/by-month/2022-06.json	69231
website/data-library/chess-data/pgn/by-month/2022-07.json	22977
website/data-library/chess-data/pgn/by-month/2022-08.json	69785
website/data-library/chess-data/pgn/by-month/2022-09.json	67127
website/data-library/chess-data/pgn/by-month/2022-10.json	100146
website/data-library/chess-data/pgn/by-month/2022-11.json	72818
website/data-library/chess-data/pgn/by-month/2022-12.json	59288
website/data-library/chess-data/pgn/by-month/2023-01.json	29830
website/data-library/chess-data/pgn/by-month/2023-02.json	42846
website/data-library/chess-data/pgn/by-month/2023-03.json	55807
website/data-library/chess-data/pgn/by-month/2023-04.json	23648
website/data-library/chess-data/pgn/by-month/2023-05.json	73880
website/data-library/chess-data/pgn/by-month/2023-06.json	64444
website/data-library/chess-data/pgn/by-month/2023-07.json	42405
website/data-library/chess-data/pgn/by-month/2023-08.json	156692
website/data-library/chess-data/pgn/by-month/2023-09.json	327120
website/data-library/chess-data/pgn/by-month/2023-10.json	198815
website/data-library/chess-data/pgn/by-month/2023-11.json	288594
website/data-library/chess-data/pgn/by-month/2023-12.json	301523
website/data-library/chess-data/pgn/by-month/2024-01.json	362621
website/data-library/chess-data/pgn/by-month/2024-02.json	276896
website/data-library/chess-data/pgn/by-month/2024-03.json	179220
website/data-library/chess-data/pgn/by-month/2024-04.json	465283
website/data-library/chess-data/pgn/by-month/2024-05.json	133320
website/data-library/chess-data/pgn/by-month/2024-06.json	70523
website/data-library/chess-data/pgn/by-month/2024-07.json	37385
website/data-library/chess-data/pgn/by-month/2024-08.json	87320
website/data-library/chess-data/pgn/by-month/2024-09.json	188561
website/data-library/chess-data/pgn/by-month/2024-10.json	164817
website/data-library/chess-data/pgn/by-month/2024-11.json	238005
website/data-library/chess-data/pgn/by-month/2024-12.json	270787
website/data-library/chess-data/pgn/by-month/2025-01.json	207321
website/data-library/chess-data/pgn/by-month/2025-02.json	157830
website/data-library/chess-data/pgn/by-month/2025-03.json	272388
website/data-library/chess-data/pgn/by-month/2025-04.json	476552
website/data-library/chess-data/pgn/by-month/2025-05.json	721118
website/data-library/chess-data/pgn/by-month/2025-06.json	433158
website/data-library/chess-data/pgn/by-month/2025-07.json	398398
website/data-library/chess-data/pgn/by-month/2025-08.json	701110
website/data-library/chess-data/pgn/by-month/2025-09.json	153931
website/data-library/chess-data/pgn/by-month/2025-10.json	56014
website/data-library/chess-data/pgn/by-month/2025-11.json	2195
website/data-library/chess-data/sources/Biskupstunga_games.csv	92046094
website/hls-library/video-home/hero-dark/hero_master-4k-dark_1920.mp4	37205878
website/hls-library/video-home/hero-dark/hls/1080p/index.m3u8	2555
website/hls-library/video-home/hero-dark/hls/1080p/segment_000.ts	1869096
website/hls-library/video-home/hero-dark/hls/1080p/segment_001.ts	1814764
website/hls-library/video-home/hero-dark/hls/1080p/segment_002.ts	2880724
website/hls-library/video-home/hero-dark/hls/1080p/segment_003.ts	2576164
website/hls-library/video-home/hero-dark/hls/1080p/segment_004.ts	2181364
website/hls-library/video-home/hero-dark/hls/1080p/segment_005.ts	3098240
website/hls-library/video-home/hero-dark/hls/1080p/segment_006.ts	2026076
website/hls-library/video-home/hero-dark/hls/1080p/segment_007.ts	2882416
website/hls-library/video-home/hero-dark/hls/1080p/segment_008.ts	2466372
website/hls-library/video-home/hero-dark/hls/1080p/segment_009.ts	2536496
website/hls-library/video-home/hero-dark/hls/1080p/segment_010.ts	2775820
website/hls-library/video-home/hero-dark/hls/1080p/segment_011.ts	1848228
website/hls-library/video-home/hero-dark/hls/1080p/segment_012.ts	2952540
website/hls-library/video-home/hero-dark/hls/1080p/segment_013.ts	2011600
website/hls-library/video-home/hero-dark/hls/1080p/segment_014.ts	2659824
website/hls-library/video-home/hero-dark/hls/1080p/segment_015.ts	2573156
website/hls-library/video-home/hero-dark/hls/1080p/segment_016.ts	2266904
website/hls-library/video-home/hero-dark/hls/1080p/segment_017.ts	2856660
website/hls-library/video-home/hero-dark/hls/1080p/segment_018.ts	1771148
website/hls-library/video-home/hero-dark/hls/1080p/segment_019.ts	2775820
website/hls-library/video-home/hero-dark/hls/1080p/segment_020.ts	2180424
website/hls-library/video-home/hero-dark/hls/1080p/segment_021.ts	2627112
website/hls-library/video-home/hero-dark/hls/1080p/segment_022.ts	2658508
website/hls-library/video-home/hero-dark/hls/1080p/segment_023.ts	2044688
website/hls-library/video-home/hero-dark/hls/1080p/segment_024.ts	2865872
website/hls-library/video-home/hero-dark/hls/1080p/segment_025.ts	1758740
website/hls-library/video-home/hero-dark/hls/1080p/segment_026.ts	2774692
website/hls-library/video-home/hero-dark/hls/1080p/segment_027.ts	2396624
website/hls-library/video-home/hero-dark/hls/1080p/segment_028.ts	2502844
website/hls-library/video-home/hero-dark/hls/1080p/segment_029.ts	2758336
website/hls-library/video-home/hero-dark/hls/1080p/segment_030.ts	1822472
website/hls-library/video-home/hero-dark/hls/1080p/segment_031.ts	2796500
website/hls-library/video-home/hero-dark/hls/1080p/segment_032.ts	1995808
website/hls-library/video-home/hero-dark/hls/1080p/segment_033.ts	2680504
website/hls-library/video-home/hero-dark/hls/1080p/segment_034.ts	2566764
website/hls-library/video-home/hero-dark/hls/1080p/segment_035.ts	2225920
website/hls-library/video-home/hero-dark/hls/1080p/segment_036.ts	2817556
website/hls-library/video-home/hero-dark/hls/1080p/segment_037.ts	1785812
website/hls-library/video-home/hero-dark/hls/1080p/segment_038.ts	2818872
website/hls-library/video-home/hero-dark/hls/1080p/segment_039.ts	2133800
website/hls-library/video-home/hero-dark/hls/1080p/segment_040.ts	2622412
website/hls-library/video-home/hero-dark/hls/1080p/segment_041.ts	2648920
website/hls-library/video-home/hero-dark/hls/1080p/segment_042.ts	2114624
website/hls-library/video-home/hero-dark/hls/1080p/segment_043.ts	2872264
website/hls-library/video-home/hero-dark/hls/1080p/segment_044.ts	1738436
website/hls-library/video-home/hero-dark/hls/1080p/segment_045.ts	2782776
website/hls-library/video-home/hero-dark/hls/1080p/segment_046.ts	2367108
website/hls-library/video-home/hero-dark/hls/1080p/segment_047.ts	2538000
website/hls-library/video-home/hero-dark/hls/1080p/segment_048.ts	2735400
website/hls-library/video-home/hero-dark/hls/1080p/segment_049.ts	1858756
website/hls-library/video-home/hero-dark/hls/1080p/segment_050.ts	2913060
website/hls-library/video-home/hero-dark/hls/1080p/segment_051.ts	1989792
website/hls-library/video-home/hero-dark/hls/1080p/segment_052.ts	2668660
website/hls-library/video-home/hero-dark/hls/1080p/segment_053.ts	2544768
website/hls-library/video-home/hero-dark/hls/1080p/segment_054.ts	2327816
website/hls-library/video-home/hero-dark/hls/1080p/segment_055.ts	2856848
website/hls-library/video-home/hero-dark/hls/1080p/segment_056.ts	1755732
website/hls-library/video-home/hero-dark/hls/1080p/segment_057.ts	2818872
website/hls-library/video-home/hero-dark/hls/1080p/segment_058.ts	2103344
website/hls-library/video-home/hero-dark/hls/1080p/segment_059.ts	2646664
website/hls-library/video-home/hero-dark/hls/1080p/segment_060.ts	2632000
website/hls-library/video-home/hero-dark/hls/1080p/segment_061.ts	2137184
website/hls-library/video-home/hero-dark/hls/1080p/segment_062.ts	2859104
website/hls-library/video-home/hero-dark/hls/1080p/segment_063.ts	1721328
website/hls-library/video-home/hero-dark/hls/1080p/segment_064.ts	2802704
website/hls-library/video-home/hero-dark/hls/1080p/segment_065.ts	2311084
website/hls-library/video-home/hero-dark/hls/1080p/segment_066.ts	2567704
website/hls-library/video-home/hero-dark/hls/1080p/segment_067.ts	2726564
website/hls-library/video-home/hero-dark/hls/1080p/segment_068.ts	1882068
website/hls-library/video-home/hero-dark/hls/1080p/segment_069.ts	2805524
website/hls-library/video-home/hero-dark/hls/1080p/segment_070.ts	1928880
website/hls-library/video-home/hero-dark/hls/1080p/segment_071.ts	2683136
website/hls-library/video-home/hero-dark/hls/1080p/segment_072.ts	2506792
website/hls-library/video-home/hero-dark/hls/1080p/segment_073.ts	1206396
website/hls-library/video-home/hero-dark/hls/360p/index.m3u8	2555
website/hls-library/video-home/hero-dark/hls/360p/segment_000.ts	381828
website/hls-library/video-home/hero-dark/hls/360p/segment_001.ts	346860
website/hls-library/video-home/hero-dark/hls/360p/segment_002.ts	556668
website/hls-library/video-home/hero-dark/hls/360p/segment_003.ts	508164
website/hls-library/video-home/hero-dark/hls/360p/segment_004.ts	358892
website/hls-library/video-home/hero-dark/hls/360p/segment_005.ts	608556
website/hls-library/video-home/hero-dark/hls/360p/segment_006.ts	370548
website/hls-library/video-home/hero-dark/hls/360p/segment_007.ts	570768
website/hls-library/video-home/hero-dark/hls/360p/segment_008.ts	449320
website/hls-library/video-home/hero-dark/hls/360p/segment_009.ts	444808
website/hls-library/video-home/hero-dark/hls/360p/segment_010.ts	535048
website/hls-library/video-home/hero-dark/hls/360p/segment_011.ts	351184
website/hls-library/video-home/hero-dark/hls/360p/segment_012.ts	554412
website/hls-library/video-home/hero-dark/hls/360p/segment_013.ts	372428
website/hls-library/video-home/hero-dark/hls/360p/segment_014.ts	493688
website/hls-library/video-home/hero-dark/hls/360p/segment_015.ts	490868
website/hls-library/video-home/hero-dark/hls/360p/segment_016.ts	424128
website/hls-library/video-home/hero-dark/hls/360p/segment_017.ts	548960
website/hls-library/video-home/hero-dark/hls/360p/segment_018.ts	315840
website/hls-library/video-home/hero-dark/hls/360p/segment_019.ts	528844
website/hls-library/video-home/hero-dark/hls/360p/segment_020.ts	394612
website/hls-library/video-home/hero-dark/hls/360p/segment_021.ts	524520
website/hls-library/video-home/hero-dark/hls/360p/segment_022.ts	520760
website/hls-library/video-home/hero-dark/hls/360p/segment_023.ts	346484
website/hls-library/video-home/hero-dark/hls/360p/segment_024.ts	567572
website/hls-library/video-home/hero-dark/hls/360p/segment_025.ts	336144
website/hls-library/video-home/hero-dark/hls/360p/segment_026.ts	531476
website/hls-library/video-home/hero-dark/hls/360p/segment_027.ts	441988
website/hls-library/video-home/hero-dark/hls/360p/segment_028.ts	449508
website/hls-library/video-home/hero-dark/hls/360p/segment_029.ts	535424
website/hls-library/video-home/hero-dark/hls/360p/segment_030.ts	344416
website/hls-library/video-home/hero-dark/hls/360p/segment_031.ts	541252
website/hls-library/video-home/hero-dark/hls/360p/segment_032.ts	365848
website/hls-library/video-home/hero-dark/hls/360p/segment_033.ts	493876
website/hls-library/video-home/hero-dark/hls/360p/segment_034.ts	490868
website/hls-library/video-home/hero-dark/hls/360p/segment_035.ts	417924
website/hls-library/video-home/hero-dark/hls/360p/segment_036.ts	561556
website/hls-library/video-home/hero-dark/hls/360p/segment_037.ts	322232
website/hls-library/video-home/hero-dark/hls/360p/segment_038.ts	549148
website/hls-library/video-home/hero-dark/hls/360p/segment_039.ts	398560
website/hls-library/video-home/hero-dark/hls/360p/segment_040.ts	497824
website/hls-library/video-home/hero-dark/hls/360p/segment_041.ts	503840
website/hls-library/video-home/hero-dark/hls/360p/segment_042.ts	358140
website/hls-library/video-home/hero-dark/hls/360p/segment_043.ts	566820
website/hls-library/video-home/hero-dark/hls/360p/segment_044.ts	323924
website/hls-library/video-home/hero-dark/hls/360p/segment_045.ts	555916
website/hls-library/video-home/hero-dark/hls/360p/segment_046.ts	434844
website/hls-library/video-home/hero-dark/hls/360p/segment_047.ts	455336
website/hls-library/video-home/hero-dark/hls/360p/segment_048.ts	534484
website/hls-library/video-home/hero-dark/hls/360p/segment_049.ts	329188
website/hls-library/video-home/hero-dark/hls/360p/segment_050.ts	540876
website/hls-library/video-home/hero-dark/hls/360p/segment_051.ts	365284
website/hls-library/video-home/hero-dark/hls/360p/segment_052.ts	495944
website/hls-library/video-home/hero-dark/hls/360p/segment_053.ts	479776
website/hls-library/video-home/hero-dark/hls/360p/segment_054.ts	445560
website/hls-library/video-home/hero-dark/hls/360p/segment_055.ts	560428
website/hls-library/video-home/hero-dark/hls/360p/segment_056.ts	315276
website/hls-library/video-home/hero-dark/hls/360p/segment_057.ts	535988
website/hls-library/video-home/hero-dark/hls/360p/segment_058.ts	375812
website/hls-library/video-home/hero-dark/hls/360p/segment_059.ts	513240
website/hls-library/video-home/hero-dark/hls/360p/segment_060.ts	500456
website/hls-library/video-home/hero-dark/hls/360p/segment_061.ts	369044
website/hls-library/video-home/hero-dark/hls/360p/segment_062.ts	562872
website/hls-library/video-home/hero-dark/hls/360p/segment_063.ts	312832
website/hls-library/video-home/hero-dark/hls/360p/segment_064.ts	559300
website/hls-library/video-home/hero-dark/hls/360p/segment_065.ts	418676
website/hls-library/video-home/hero-dark/hls/360p/segment_066.ts	454960
website/hls-library/video-home/hero-dark/hls/360p/segment_067.ts	529032
website/hls-library/video-home/hero-dark/hls/360p/segment_068.ts	344792
website/hls-library/video-home/hero-dark/hls/360p/segment_069.ts	551028
website/hls-library/video-home/hero-dark/hls/360p/segment_070.ts	351184
website/hls-library/video-home/hero-dark/hls/360p/segment_071.ts	501396
website/hls-library/video-home/hero-dark/hls/360p/segment_072.ts	473008
website/hls-library/video-home/hero-dark/hls/360p/segment_073.ts	223720
website/hls-library/video-home/hero-dark/hls/480p/index.m3u8	2555
website/hls-library/video-home/hero-dark/hls/480p/segment_000.ts	652736
website/hls-library/video-home/hero-dark/hls/480p/segment_001.ts	614948
website/hls-library/video-home/hero-dark/hls/480p/segment_002.ts	1003920
website/hls-library/video-home/hero-dark/hls/480p/segment_003.ts	899956
website/hls-library/video-home/hero-dark/hls/480p/segment_004.ts	672476
website/hls-library/video-home/hero-dark/hls/480p/segment_005.ts	1070848
website/hls-library/video-home/hero-dark/hls/480p/segment_006.ts	633184
website/hls-library/video-home/hero-dark/hls/480p/segment_007.ts	1057688
website/hls-library/video-home/hero-dark/hls/480p/segment_008.ts	824756
website/hls-library/video-home/hero-dark/hls/480p/segment_009.ts	852768
website/hls-library/video-home/hero-dark/hls/480p/segment_010.ts	958424
website/hls-library/video-home/hero-dark/hls/480p/segment_011.ts	597840
website/hls-library/video-home/hero-dark/hls/480p/segment_012.ts	1053176
website/hls-library/video-home/hero-dark/hls/480p/segment_013.ts	659128
website/hls-library/video-home/hero-dark/hls/480p/segment_014.ts	920824
website/hls-library/video-home/hero-dark/hls/480p/segment_015.ts	884916
website/hls-library/video-home/hero-dark/hls/480p/segment_016.ts	768356
website/hls-library/video-home/hero-dark/hls/480p/segment_017.ts	1022532
website/hls-library/video-home/hero-dark/hls/480p/segment_018.ts	568888
website/hls-library/video-home/hero-dark/hls/480p/segment_019.ts	965004
website/hls-library/video-home/hero-dark/hls/480p/segment_020.ts	721920
website/hls-library/video-home/hero-dark/hls/480p/segment_021.ts	933796
website/hls-library/video-home/hero-dark/hls/480p/segment_022.ts	936240
website/hls-library/video-home/hero-dark/hls/480p/segment_023.ts	670596
website/hls-library/video-home/hero-dark/hls/480p/segment_024.ts	996400
website/hls-library/video-home/hero-dark/hls/480p/segment_025.ts	568324
website/hls-library/video-home/hero-dark/hls/480p/segment_026.ts	1000724
website/hls-library/video-home/hero-dark/hls/480p/segment_027.ts	804264
website/hls-library/video-home/hero-dark/hls/480p/segment_028.ts	833592
website/hls-library/video-home/hero-dark/hls/480p/segment_029.ts	943760
website/hls-library/video-home/hero-dark/hls/480p/segment_030.ts	592388
website/hls-library/video-home/hero-dark/hls/480p/segment_031.ts	1031368
website/hls-library/video-home/hero-dark/hls/480p/segment_032.ts	657248
website/hls-library/video-home/hero-dark/hls/480p/segment_033.ts	918192
website/hls-library/video-home/hero-dark/hls/480p/segment_034.ts	865928
website/hls-library/video-home/hero-dark/hls/480p/segment_035.ts	766476
website/hls-library/video-home/hero-dark/hls/480p/segment_036.ts	1028360
website/hls-library/video-home/hero-dark/hls/480p/segment_037.ts	568700
website/hls-library/video-home/hero-dark/hls/480p/segment_038.ts	965568
website/hls-library/video-home/hero-dark/hls/480p/segment_039.ts	705564
website/hls-library/video-home/hero-dark/hls/480p/segment_040.ts	931916
website/hls-library/video-home/hero-dark/hls/480p/segment_041.ts	924584
website/hls-library/video-home/hero-dark/hls/480p/segment_042.ts	676800
website/hls-library/video-home/hero-dark/hls/480p/segment_043.ts	996212
website/hls-library/video-home/hero-dark/hls/480p/segment_044.ts	557420
website/hls-library/video-home/hero-dark/hls/480p/segment_045.ts	1004108
website/hls-library/video-home/hero-dark/hls/480p/segment_046.ts	789976
website/hls-library/video-home/hero-dark/hls/480p/segment_047.ts	845060
website/hls-library/video-home/hero-dark/hls/480p/segment_048.ts	939812
website/hls-library/video-home/hero-dark/hls/480p/segment_049.ts	601224
website/hls-library/video-home/hero-dark/hls/480p/segment_050.ts	1032872
website/hls-library/video-home/hero-dark/hls/480p/segment_051.ts	644652
website/hls-library/video-home/hero-dark/hls/480p/segment_052.ts	918568
website/hls-library/video-home/hero-dark/hls/480p/segment_053.ts	859724
website/hls-library/video-home/hero-dark/hls/480p/segment_054.ts	789036
website/hls-library/video-home/hero-dark/hls/480p/segment_055.ts	1017080
website/hls-library/video-home/hero-dark/hls/480p/segment_056.ts	560052
website/hls-library/video-home/hero-dark/hls/480p/segment_057.ts	982300
website/hls-library/video-home/hero-dark/hls/480p/segment_058.ts	689960
website/hls-library/video-home/hero-dark/hls/480p/segment_059.ts	941128
website/hls-library/video-home/hero-dark/hls/480p/segment_060.ts	914432
website/hls-library/video-home/hero-dark/hls/480p/segment_061.ts	694660
website/hls-library/video-home/hero-dark/hls/480p/segment_062.ts	989068
website/hls-library/video-home/hero-dark/hls/480p/segment_063.ts	553284
website/hls-library/video-home/hero-dark/hls/480p/segment_064.ts	1011628
website/hls-library/video-home/hero-dark/hls/480p/segment_065.ts	777192
website/hls-library/video-home/hero-dark/hls/480p/segment_066.ts	858220
website/hls-library/video-home/hero-dark/hls/480p/segment_067.ts	937744
website/hls-library/video-home/hero-dark/hls/480p/segment_068.ts	607240
website/hls-library/video-home/hero-dark/hls/480p/segment_069.ts	1038136
website/hls-library/video-home/hero-dark/hls/480p/segment_070.ts	626792
website/hls-library/video-home/hero-dark/hls/480p/segment_071.ts	919696
website/hls-library/video-home/hero-dark/hls/480p/segment_072.ts	851076
website/hls-library/video-home/hero-dark/hls/480p/segment_073.ts	400252
website/hls-library/video-home/hero-dark/hls/720p/index.m3u8	2555
website/hls-library/video-home/hero-dark/hls/720p/segment_000.ts	1061448
website/hls-library/video-home/hero-dark/hls/720p/segment_001.ts	984556
website/hls-library/video-home/hero-dark/hls/720p/segment_002.ts	1589164
website/hls-library/video-home/hero-dark/hls/720p/segment_003.ts	1506068
website/hls-library/video-home/hero-dark/hls/720p/segment_004.ts	1159772
website/hls-library/video-home/hero-dark/hls/720p/segment_005.ts	1768704
website/hls-library/video-home/hero-dark/hls/720p/segment_006.ts	1106944
website/hls-library/video-home/hero-dark/hls/720p/segment_007.ts	1687676
website/hls-library/video-home/hero-dark/hls/720p/segment_008.ts	1399848
website/hls-library/video-home/hero-dark/hls/720p/segment_009.ts	1435380
website/hls-library/video-home/hero-dark/hls/720p/segment_010.ts	1575064
website/hls-library/video-home/hero-dark/hls/720p/segment_011.ts	1003168
website/hls-library/video-home/hero-dark/hls/720p/segment_012.ts	1676584
website/hls-library/video-home/hero-dark/hls/720p/segment_013.ts	1113524
website/hls-library/video-home/hero-dark/hls/720p/segment_014.ts	1513024
website/hls-library/video-home/hero-dark/hls/720p/segment_015.ts	1453240
website/hls-library/video-home/hero-dark/hls/720p/segment_016.ts	1255840
website/hls-library/video-home/hero-dark/hls/720p/segment_017.ts	1621312
website/hls-library/video-home/hero-dark/hls/720p/segment_018.ts	976284
website/hls-library/video-home/hero-dark/hls/720p/segment_019.ts	1587284
website/hls-library/video-home/hero-dark/hls/720p/segment_020.ts	1209780
website/hls-library/video-home/hero-dark/hls/720p/segment_021.ts	1493096
website/hls-library/video-home/hero-dark/hls/720p/segment_022.ts	1517536
website/hls-library/video-home/hero-dark/hls/720p/segment_023.ts	1138340
website/hls-library/video-home/hero-dark/hls/720p/segment_024.ts	1628644
website/hls-library/video-home/hero-dark/hls/720p/segment_025.ts	940564
website/hls-library/video-home/hero-dark/hls/720p/segment_026.ts	1593488
website/hls-library/video-home/hero-dark/hls/720p/segment_027.ts	1338372
website/hls-library/video-home/hero-dark/hls/720p/segment_028.ts	1409060
website/hls-library/video-home/hero-dark/hls/720p/segment_029.ts	1543104
website/hls-library/video-home/hero-dark/hls/720p/segment_030.ts	985684
website/hls-library/video-home/hero-dark/hls/720p/segment_031.ts	1611912
website/hls-library/video-home/hero-dark/hls/720p/segment_032.ts	1104688
website/hls-library/video-home/hero-dark/hls/720p/segment_033.ts	1517912
website/hls-library/video-home/hero-dark/hls/720p/segment_034.ts	1441208
website/hls-library/video-home/hero-dark/hls/720p/segment_035.ts	1253960
website/hls-library/video-home/hero-dark/hls/720p/segment_036.ts	1620748
website/hls-library/video-home/hero-dark/hls/720p/segment_037.ts	979104
website/hls-library/video-home/hero-dark/hls/720p/segment_038.ts	1586908
website/hls-library/video-home/hero-dark/hls/720p/segment_039.ts	1176880
website/hls-library/video-home/hero-dark/hls/720p/segment_040.ts	1493660
website/hls-library/video-home/hero-dark/hls/720p/segment_041.ts	1505880
website/hls-library/video-home/hero-dark/hls/720p/segment_042.ts	1161088
website/hls-library/video-home/hero-dark/hls/720p/segment_043.ts	1623192
website/hls-library/video-home/hero-dark/hls/720p/segment_044.ts	932292
website/hls-library/video-home/hero-dark/hls/720p/segment_045.ts	1602136
website/hls-library/video-home/hero-dark/hls/720p/segment_046.ts	1323144
website/hls-library/video-home/hero-dark/hls/720p/segment_047.ts	1421656
website/hls-library/video-home/hero-dark/hls/720p/segment_048.ts	1538592
website/hls-library/video-home/hero-dark/hls/720p/segment_049.ts	1003168
website/hls-library/video-home/hero-dark/hls/720p/segment_050.ts	1643872
website/hls-library/video-home/hero-dark/hls/720p/segment_051.ts	1088144
website/hls-library/video-home/hero-dark/hls/720p/segment_052.ts	1512648
website/hls-library/video-home/hero-dark/hls/720p/segment_053.ts	1422596
website/hls-library/video-home/hero-dark/hls/720p/segment_054.ts	1285356
website/hls-library/video-home/hero-dark/hls/720p/segment_055.ts	1615484
website/hls-library/video-home/hero-dark/hls/720p/segment_056.ts	969892
website/hls-library/video-home/hero-dark/hls/720p/segment_057.ts	1599880
website/hls-library/video-home/hero-dark/hls/720p/segment_058.ts	1157516
website/hls-library/video-home/hero-dark/hls/720p/segment_059.ts	1500428
website/hls-library/video-home/hero-dark/hls/720p/segment_060.ts	1497420
website/hls-library/video-home/hero-dark/hls/720p/segment_061.ts	1192108
website/hls-library/video-home/hero-dark/hls/720p/segment_062.ts	1616988
website/hls-library/video-home/hero-dark/hls/720p/segment_063.ts	925712
website/hls-library/video-home/hero-dark/hls/720p/segment_064.ts	1606648
website/hls-library/video-home/hero-dark/hls/720p/segment_065.ts	1288928
website/hls-library/video-home/hero-dark/hls/720p/segment_066.ts	1443652
website/hls-library/video-home/hero-dark/hls/720p/segment_067.ts	1537840
website/hls-library/video-home/hero-dark/hls/720p/segment_068.ts	1021780
website/hls-library/video-home/hero-dark/hls/720p/segment_069.ts	1623192
website/hls-library/video-home/hero-dark/hls/720p/segment_070.ts	1067840
website/hls-library/video-home/hero-dark/hls/720p/segment_071.ts	1522236
website/hls-library/video-home/hero-dark/hls/720p/segment_072.ts	1408684
website/hls-library/video-home/hero-dark/hls/720p/segment_073.ts	666460
website/hls-library/video-home/hero-dark/hls/master.m3u8	504
website/hls-library/video-home/hero-dark/still-hero-4k-dark.jpg	363594
website/hls-library/video-home/hero-light/hero_master-4k-light_1920.mp4	39292190
website/hls-library/video-home/hero-light/hls/1080p/index.m3u8	2555
website/hls-library/video-home/hero-light/hls/1080p/segment_000.ts	1912148
website/hls-library/video-home/hero-light/hls/1080p/segment_001.ts	1794460
website/hls-library/video-home/hero-light/hls/1080p/segment_002.ts	2832220
website/hls-library/video-home/hero-light/hls/1080p/segment_003.ts	2654372
website/hls-library/video-home/hero-light/hls/1080p/segment_004.ts	2127596
website/hls-library/video-home/hero-light/hls/1080p/segment_005.ts	2925092
website/hls-library/video-home/hero-light/hls/1080p/segment_006.ts	1706288
website/hls-library/video-home/hero-light/hls/1080p/segment_007.ts	2917948
website/hls-library/video-home/hero-light/hls/1080p/segment_008.ts	2435916
website/hls-library/video-home/hero-light/hls/1080p/segment_009.ts	2550596
website/hls-library/video-home/hero-light/hls/1080p/segment_010.ts	2763788
website/hls-library/video-home/hero-light/hls/1080p/segment_011.ts	1773780
website/hls-library/video-home/hero-light/hls/1080p/segment_012.ts	2996344
website/hls-library/video-home/hero-light/hls/1080p/segment_013.ts	1987348
website/hls-library/video-home/hero-light/hls/1080p/segment_014.ts	2696860
website/hls-library/video-home/hero-light/hls/1080p/segment_015.ts	2571652
website/hls-library/video-home/hero-light/hls/1080p/segment_016.ts	2290404
website/hls-library/video-home/hero-light/hls/1080p/segment_017.ts	2877152
website/hls-library/video-home/hero-light/hls/1080p/segment_018.ts	1745956
website/hls-library/video-home/hero-light/hls/1080p/segment_019.ts	2817180
website/hls-library/video-home/hero-light/hls/1080p/segment_020.ts	2117632
website/hls-library/video-home/hero-light/hls/1080p/segment_021.ts	2683888
website/hls-library/video-home/hero-light/hls/1080p/segment_022.ts	2673360
website/hls-library/video-home/hero-light/hls/1080p/segment_023.ts	2040740
website/hls-library/video-home/hero-light/hls/1080p/segment_024.ts	2907984
website/hls-library/video-home/hero-light/hls/1080p/segment_025.ts	1663424
website/hls-library/video-home/hero-light/hls/1080p/segment_026.ts	2834288
website/hls-library/video-home/hero-light/hls/1080p/segment_027.ts	2398128
website/hls-library/video-home/hero-light/hls/1080p/segment_028.ts	2518636
website/hls-library/video-home/hero-light/hls/1080p/segment_029.ts	2781648
website/hls-library/video-home/hero-light/hls/1080p/segment_030.ts	1748588
website/hls-library/video-home/hero-light/hls/1080p/segment_031.ts	2839552
website/hls-library/video-home/hero-light/hls/1080p/segment_032.ts	1979076
website/hls-library/video-home/hero-light/hls/1080p/segment_033.ts	2709832
website/hls-library/video-home/hero-light/hls/1080p/segment_034.ts	2554168
website/hls-library/video-home/hero-light/hls/1080p/segment_035.ts	2255060
website/hls-library/video-home/hero-light/hls/1080p/segment_036.ts	2860420
website/hls-library/video-home/hero-light/hls/1080p/segment_037.ts	1764004
website/hls-library/video-home/hero-light/hls/1080p/segment_038.ts	2859668
website/hls-library/video-home/hero-light/hls/1080p/segment_039.ts	2074956
website/hls-library/video-home/hero-light/hls/1080p/segment_040.ts	2671292
website/hls-library/video-home/hero-light/hls/1080p/segment_041.ts	2654372
website/hls-library/video-home/hero-light/hls/1080p/segment_042.ts	2113872
website/hls-library/video-home/hero-light/hls/1080p/segment_043.ts	2897832
website/hls-library/video-home/hero-light/hls/1080p/segment_044.ts	1643684
website/hls-library/video-home/hero-light/hls/1080p/segment_045.ts	2840680
website/hls-library/video-home/hero-light/hls/1080p/segment_046.ts	2373124
website/hls-library/video-home/hero-light/hls/1080p/segment_047.ts	2544392
website/hls-library/video-home/hero-light/hls/1080p/segment_048.ts	2751192
website/hls-library/video-home/hero-light/hls/1080p/segment_049.ts	1786940
website/hls-library/video-home/hero-light/hls/1080p/segment_050.ts	2952728
website/hls-library/video-home/hero-light/hls/1080p/segment_051.ts	1967608
website/hls-library/video-home/hero-light/hls/1080p/segment_052.ts	2685768
website/hls-library/video-home/hero-light/hls/1080p/segment_053.ts	2526720
website/hls-library/video-home/hero-light/hls/1080p/segment_054.ts	2350188
website/hls-library/video-home/hero-light/hls/1080p/segment_055.ts	2884296
website/hls-library/video-home/hero-light/hls/1080p/segment_056.ts	1733548
website/hls-library/video-home/hero-light/hls/1080p/segment_057.ts	2846508
website/hls-library/video-home/hero-light/hls/1080p/segment_058.ts	2037920
website/hls-library/video-home/hero-light/hls/1080p/segment_059.ts	2688964
website/hls-library/video-home/hero-light/hls/1080p/segment_060.ts	2630872
website/hls-library/video-home/hero-light/hls/1080p/segment_061.ts	2138312
website/hls-library/video-home/hero-light/hls/1080p/segment_062.ts	2884860
website/hls-library/video-home/hero-light/hls/1080p/segment_063.ts	1628832
website/hls-library/video-home/hero-light/hls/1080p/segment_064.ts	2844440
website/hls-library/video-home/hero-light/hls/1080p/segment_065.ts	2316348
website/hls-library/video-home/hero-light/hls/1080p/segment_066.ts	2579360
website/hls-library/video-home/hero-light/hls/1080p/segment_067.ts	2753448
website/hls-library/video-home/hero-light/hls/1080p/segment_068.ts	1805928
website/hls-library/video-home/hero-light/hls/1080p/segment_069.ts	2857412
website/hls-library/video-home/hero-light/hls/1080p/segment_070.ts	1911960
website/hls-library/video-home/hero-light/hls/1080p/segment_071.ts	2705884
website/hls-library/video-home/hero-light/hls/1080p/segment_072.ts	2488932
website/hls-library/video-home/hero-light/hls/1080p/segment_073.ts	1181204
website/hls-library/video-home/hero-light/hls/360p/index.m3u8	2555
website/hls-library/video-home/hero-light/hls/360p/segment_000.ts	385212
website/hls-library/video-home/hero-light/hls/360p/segment_001.ts	352688
website/hls-library/video-home/hero-light/hls/360p/segment_002.ts	567384
website/hls-library/video-home/hero-light/hls/360p/segment_003.ts	497260
website/hls-library/video-home/hero-light/hls/360p/segment_004.ts	366976
website/hls-library/video-home/hero-light/hls/360p/segment_005.ts	569076
website/hls-library/video-home/hero-light/hls/360p/segment_006.ts	334640
website/hls-library/video-home/hero-light/hls/360p/segment_007.ts	556480
website/hls-library/video-home/hero-light/hls/360p/segment_008.ts	428828
website/hls-library/video-home/hero-light/hls/360p/segment_009.ts	449320
website/hls-library/video-home/hero-light/hls/360p/segment_010.ts	540124
website/hls-library/video-home/hero-light/hls/360p/segment_011.ts	345732
website/hls-library/video-home/hero-light/hls/360p/segment_012.ts	560240
website/hls-library/video-home/hero-light/hls/360p/segment_013.ts	354944
website/hls-library/video-home/hero-light/hls/360p/segment_014.ts	505344
website/hls-library/video-home/hero-light/hls/360p/segment_015.ts	484852
website/hls-library/video-home/hero-light/hls/360p/segment_016.ts	426760
website/hls-library/video-home/hero-light/hls/360p/segment_017.ts	554224
website/hls-library/video-home/hero-light/hls/360p/segment_018.ts	312268
website/hls-library/video-home/hero-light/hls/360p/segment_019.ts	547080
website/hls-library/video-home/hero-light/hls/360p/segment_020.ts	395364
website/hls-library/video-home/hero-light/hls/360p/segment_021.ts	520196
website/hls-library/video-home/hero-light/hls/360p/segment_022.ts	507224
website/hls-library/video-home/hero-light/hls/360p/segment_023.ts	350620
website/hls-library/video-home/hero-light/hls/360p/segment_024.ts	559676
website/hls-library/video-home/hero-light/hls/360p/segment_025.ts	328624
website/hls-library/video-home/hero-light/hls/360p/segment_026.ts	547080
website/hls-library/video-home/hero-light/hls/360p/segment_027.ts	439356
website/hls-library/video-home/hero-light/hls/360p/segment_028.ts	446876
website/hls-library/video-home/hero-light/hls/360p/segment_029.ts	534484
website/hls-library/video-home/hero-light/hls/360p/segment_030.ts	342912
website/hls-library/video-home/hero-light/hls/360p/segment_031.ts	556104
website/hls-library/video-home/hero-light/hls/360p/segment_032.ts	353816
website/hls-library/video-home/hero-light/hls/360p/segment_033.ts	506096
website/hls-library/video-home/hero-light/hls/360p/segment_034.ts	478084
website/hls-library/video-home/hero-light/hls/360p/segment_035.ts	437100
website/hls-library/video-home/hero-light/hls/360p/segment_036.ts	554224
website/hls-library/video-home/hero-light/hls/360p/segment_037.ts	308132
website/hls-library/video-home/hero-light/hls/360p/segment_038.ts	544260
website/hls-library/video-home/hero-light/hls/360p/segment_039.ts	389348
website/hls-library/video-home/hero-light/hls/360p/segment_040.ts	517376
website/hls-library/video-home/hero-light/hls/360p/segment_041.ts	499516
website/hls-library/video-home/hero-light/hls/360p/segment_042.ts	361900
website/hls-library/video-home/hero-light/hls/360p/segment_043.ts	562120
website/hls-library/video-home/hero-light/hls/360p/segment_044.ts	327496
website/hls-library/video-home/hero-light/hls/360p/segment_045.ts	546516
website/hls-library/video-home/hero-light/hls/360p/segment_046.ts	424316
website/hls-library/video-home/hero-light/hls/360p/segment_047.ts	457404
website/hls-library/video-home/hero-light/hls/360p/segment_048.ts	530912
website/hls-library/video-home/hero-light/hls/360p/segment_049.ts	343100
website/hls-library/video-home/hero-light/hls/360p/segment_050.ts	562496
website/hls-library/video-home/hero-light/hls/360p/segment_051.ts	350056
website/hls-library/video-home/hero-light/hls/360p/segment_052.ts	504592
website/hls-library/video-home/hero-light/hls/360p/segment_053.ts	471504
website/hls-library/video-home/hero-light/hls/360p/segment_054.ts	435032
website/hls-library/video-home/hero-light/hls/360p/segment_055.ts	548960
website/hls-library/video-home/hero-light/hls/360p/segment_056.ts	301552
website/hls-library/video-home/hero-light/hls/360p/segment_057.ts	553660
website/hls-library/video-home/hero-light/hls/360p/segment_058.ts	386340
website/hls-library/video-home/hero-light/hls/360p/segment_059.ts	523768
website/hls-library/video-home/hero-light/hls/360p/segment_060.ts	489928
website/hls-library/video-home/hero-light/hls/360p/segment_061.ts	372616
website/hls-library/video-home/hero-light/hls/360p/segment_062.ts	557796
website/hls-library/video-home/hero-light/hls/360p/segment_063.ts	323548
website/hls-library/video-home/hero-light/hls/360p/segment_064.ts	547268
website/hls-library/video-home/hero-light/hls/360p/segment_065.ts	419804
website/hls-library/video-home/hero-light/hls/360p/segment_066.ts	464172
website/hls-library/video-home/hero-light/hls/360p/segment_067.ts	524896
website/hls-library/video-home/hero-light/hls/360p/segment_068.ts	350996
website/hls-library/video-home/hero-light/hls/360p/segment_069.ts	559676
website/hls-library/video-home/hero-light/hls/360p/segment_070.ts	340468
website/hls-library/video-home/hero-light/hls/360p/segment_071.ts	511360
website/hls-library/video-home/hero-light/hls/360p/segment_072.ts	464360
website/hls-library/video-home/hero-light/hls/360p/segment_073.ts	230112
website/hls-library/video-home/hero-light/hls/480p/index.m3u8	2555
website/hls-library/video-home/hero-light/hls/480p/segment_000.ts	661948
website/hls-library/video-home/hero-light/hls/480p/segment_001.ts	636380
website/hls-library/video-home/hero-light/hls/480p/segment_002.ts	999596
website/hls-library/video-home/hero-light/hls/480p/segment_003.ts	894504
website/hls-library/video-home/hero-light/hls/480p/segment_004.ts	669280
website/hls-library/video-home/hero-light/hls/480p/segment_005.ts	1014448
website/hls-library/video-home/hero-light/hls/480p/segment_006.ts	587312
website/hls-library/video-home/hero-light/hls/480p/segment_007.ts	1034564
website/hls-library/video-home/hero-light/hls/480p/segment_008.ts	807836
website/hls-library/video-home/hero-light/hls/480p/segment_009.ts	837164
website/hls-library/video-home/hero-light/hls/480p/segment_010.ts	949212
website/hls-library/video-home/hero-light/hls/480p/segment_011.ts	609496
website/hls-library/video-home/hero-light/hls/480p/segment_012.ts	1053364
website/hls-library/video-home/hero-light/hls/480p/segment_013.ts	639952
website/hls-library/video-home/hero-light/hls/480p/segment_014.ts	917628
website/hls-library/video-home/hero-light/hls/480p/segment_015.ts	877396
website/hls-library/video-home/hero-light/hls/480p/segment_016.ts	792044
website/hls-library/video-home/hero-light/hls/480p/segment_017.ts	1022908
website/hls-library/video-home/hero-light/hls/480p/segment_018.ts	555728
website/hls-library/video-home/hero-light/hls/480p/segment_019.ts	973840
website/hls-library/video-home/hero-light/hls/480p/segment_020.ts	728124
website/hls-library/video-home/hero-light/hls/480p/segment_021.ts	957860
website/hls-library/video-home/hero-light/hls/480p/segment_022.ts	923644
website/hls-library/video-home/hero-light/hls/480p/segment_023.ts	661760
website/hls-library/video-home/hero-light/hls/480p/segment_024.ts	997904
website/hls-library/video-home/hero-light/hls/480p/segment_025.ts	572084
website/hls-library/video-home/hero-light/hls/480p/segment_026.ts	1010876
website/hls-library/video-home/hero-light/hls/480p/segment_027.ts	801820
website/hls-library/video-home/hero-light/hls/480p/segment_028.ts	829832
website/hls-library/video-home/hero-light/hls/480p/segment_029.ts	945076
website/hls-library/video-home/hero-light/hls/480p/segment_030.ts	604044
website/hls-library/video-home/hero-light/hls/480p/segment_031.ts	1035504
website/hls-library/video-home/hero-light/hls/480p/segment_032.ts	639764
website/hls-library/video-home/hero-light/hls/480p/segment_033.ts	920072
website/hls-library/video-home/hero-light/hls/480p/segment_034.ts	874012
website/hls-library/video-home/hero-light/hls/480p/segment_035.ts	790916
website/hls-library/video-home/hero-light/hls/480p/segment_036.ts	1021216
website/hls-library/video-home/hero-light/hls/480p/segment_037.ts	554976
website/hls-library/video-home/hero-light/hls/480p/segment_038.ts	969516
website/hls-library/video-home/hero-light/hls/480p/segment_039.ts	709888
website/hls-library/video-home/hero-light/hls/480p/segment_040.ts	951656
website/hls-library/video-home/hero-light/hls/480p/segment_041.ts	919508
website/hls-library/video-home/hero-light/hls/480p/segment_042.ts	673040
website/hls-library/video-home/hero-light/hls/480p/segment_043.ts	999408
website/hls-library/video-home/hero-light/hls/480p/segment_044.ts	568512
website/hls-library/video-home/hero-light/hls/480p/segment_045.ts	1011440
website/hls-library/video-home/hero-light/hls/480p/segment_046.ts	790728
website/hls-library/video-home/hero-light/hls/480p/segment_047.ts	843180
website/hls-library/video-home/hero-light/hls/480p/segment_048.ts	939436
website/hls-library/video-home/hero-light/hls/480p/segment_049.ts	612880
website/hls-library/video-home/hero-light/hls/480p/segment_050.ts	1037384
website/hls-library/video-home/hero-light/hls/480p/segment_051.ts	629988
website/hls-library/video-home/hero-light/hls/480p/segment_052.ts	920072
website/hls-library/video-home/hero-light/hls/480p/segment_053.ts	854084
website/hls-library/video-home/hero-light/hls/480p/segment_054.ts	814980
website/hls-library/video-home/hero-light/hls/480p/segment_055.ts	1013320
website/hls-library/video-home/hero-light/hls/480p/segment_056.ts	557232
website/hls-library/video-home/hero-light/hls/480p/segment_057.ts	975532
website/hls-library/video-home/hero-light/hls/480p/segment_058.ts	694096
website/hls-library/video-home/hero-light/hls/480p/segment_059.ts	965004
website/hls-library/video-home/hero-light/hls/480p/segment_060.ts	911988
website/hls-library/video-home/hero-light/hls/480p/segment_061.ts	691464
website/hls-library/video-home/hero-light/hls/480p/segment_062.ts	990196
website/hls-library/video-home/hero-light/hls/480p/segment_063.ts	560804
website/hls-library/video-home/hero-light/hls/480p/segment_064.ts	1015764
website/hls-library/video-home/hero-light/hls/480p/segment_065.ts	770612
website/hls-library/video-home/hero-light/hls/480p/segment_066.ts	854272
website/hls-library/video-home/hero-light/hls/480p/segment_067.ts	934736
website/hls-library/video-home/hero-light/hls/480p/segment_068.ts	628672
website/hls-library/video-home/hero-light/hls/480p/segment_069.ts	1038136
website/hls-library/video-home/hero-light/hls/480p/segment_070.ts	616452
website/hls-library/video-home/hero-light/hls/480p/segment_071.ts	921012
website/hls-library/video-home/hero-light/hls/480p/segment_072.ts	842992
website/hls-library/video-home/hero-light/hls/480p/segment_073.ts	407208
website/hls-library/video-home/hero-light/hls/720p/index.m3u8	2555
website/hls-library/video-home/hero-light/hls/720p/segment_000.ts	1086076
website/hls-library/video-home/hero-light/hls/720p/segment_001.ts	1038888
website/hls-library/video-home/hero-light/hls/720p/segment_002.ts	1560776
website/hls-library/video-home/hero-light/hls/720p/segment_003.ts	1477304
website/hls-library/video-home/hero-light/hls/720p/segment_004.ts	1183836
website/hls-library/video-home/hero-light/hls/720p/segment_005.ts	1622816
website/hls-library/video-home/hero-light/hls/720p/segment_006.ts	957860
website/hls-library/video-home/hero-light/hls/720p/segment_007.ts	1661356
website/hls-library/video-home/hero-light/hls/720p/segment_008.ts	1343072
website/hls-library/video-home/hero-light/hls/720p/segment_009.ts	1440456
website/hls-library/video-home/hero-light/hls/720p/segment_010.ts	1542352
website/hls-library/video-home/hero-light/hls/720p/segment_011.ts	998656
website/hls-library/video-home/hero-light/hls/720p/segment_012.ts	1684292
website/hls-library/video-home/hero-light/hls/720p/segment_013.ts	1096604
website/hls-library/video-home/hero-light/hls/720p/segment_014.ts	1516972
website/hls-library/video-home/hero-light/hls/720p/segment_015.ts	1440644
website/hls-library/video-home/hero-light/hls/720p/segment_016.ts	1276708
website/hls-library/video-home/hero-light/hls/720p/segment_017.ts	1633532
website/hls-library/video-home/hero-light/hls/720p/segment_018.ts	982112
website/hls-library/video-home/hero-light/hls/720p/segment_019.ts	1584652
website/hls-library/video-home/hero-light/hls/720p/segment_020.ts	1192672
website/hls-library/video-home/hero-light/hls/720p/segment_021.ts	1517160
website/hls-library/video-home/hero-light/hls/720p/segment_022.ts	1513588
website/hls-library/video-home/hero-light/hls/720p/segment_023.ts	1149056
website/hls-library/video-home/hero-light/hls/720p/segment_024.ts	1631088
website/hls-library/video-home/hero-light/hls/720p/segment_025.ts	935864
website/hls-library/video-home/hero-light/hls/720p/segment_026.ts	1612476
website/hls-library/video-home/hero-light/hls/720p/segment_027.ts	1338184
website/hls-library/video-home/hero-light/hls/720p/segment_028.ts	1402292
website/hls-library/video-home/hero-light/hls/720p/segment_029.ts	1537652
website/hls-library/video-home/hero-light/hls/720p/segment_030.ts	986812
website/hls-library/video-home/hero-light/hls/720p/segment_031.ts	1633532
website/hls-library/video-home/hero-light/hls/720p/segment_032.ts	1107320
website/hls-library/video-home/hero-light/hls/720p/segment_033.ts	1510956
website/hls-library/video-home/hero-light/hls/720p/segment_034.ts	1435192
website/hls-library/video-home/hero-light/hls/720p/segment_035.ts	1257344
website/hls-library/video-home/hero-light/hls/720p/segment_036.ts	1637480
website/hls-library/video-home/hero-light/hls/720p/segment_037.ts	983616
website/hls-library/video-home/hero-light/hls/720p/segment_038.ts	1585592
website/hls-library/video-home/hero-light/hls/720p/segment_039.ts	1161840
website/hls-library/video-home/hero-light/hls/720p/segment_040.ts	1513400
website/hls-library/video-home/hero-light/hls/720p/segment_041.ts	1504188
website/hls-library/video-home/hero-light/hls/720p/segment_042.ts	1185528
website/hls-library/video-home/hero-light/hls/720p/segment_043.ts	1611160
website/hls-library/video-home/hero-light/hls/720p/segment_044.ts	926652
website/hls-library/video-home/hero-light/hls/720p/segment_045.ts	1622064
website/hls-library/video-home/hero-light/hls/720p/segment_046.ts	1311864
website/hls-library/video-home/hero-light/hls/720p/segment_047.ts	1414136
website/hls-library/video-home/hero-light/hls/720p/segment_048.ts	1532012
website/hls-library/video-home/hero-light/hls/720p/segment_049.ts	1005236
website/hls-library/video-home/hero-light/hls/720p/segment_050.ts	1661544
website/hls-library/video-home/hero-light/hls/720p/segment_051.ts	1084760
website/hls-library/video-home/hero-light/hls/720p/segment_052.ts	1508136
website/hls-library/video-home/hero-light/hls/720p/segment_053.ts	1415076
website/hls-library/video-home/hero-light/hls/720p/segment_054.ts	1302840
website/hls-library/video-home/hero-light/hls/720p/segment_055.ts	1632968
website/hls-library/video-home/hero-light/hls/720p/segment_056.ts	966884
website/hls-library/video-home/hero-light/hls/720p/segment_057.ts	1601572
website/hls-library/video-home/hero-light/hls/720p/segment_058.ts	1143040
website/hls-library/video-home/hero-light/hls/720p/segment_059.ts	1523176
website/hls-library/video-home/hero-light/hls/720p/segment_060.ts	1491968
website/hls-library/video-home/hero-light/hls/720p/segment_061.ts	1203200
website/hls-library/video-home/hero-light/hls/720p/segment_062.ts	1616424
website/hls-library/video-home/hero-light/hls/720p/segment_063.ts	917064
website/hls-library/video-home/hero-light/hls/720p/segment_064.ts	1626952
website/hls-library/video-home/hero-light/hls/720p/segment_065.ts	1290808
website/hls-library/video-home/hero-light/hls/720p/segment_066.ts	1435192
website/hls-library/video-home/hero-light/hls/720p/segment_067.ts	1525620
website/hls-library/video-home/hero-light/hls/720p/segment_068.ts	1016516
website/hls-library/video-home/hero-light/hls/720p/segment_069.ts	1635788
website/hls-library/video-home/hero-light/hls/720p/segment_070.ts	1066712
website/hls-library/video-home/hero-light/hls/720p/segment_071.ts	1512648
website/hls-library/video-home/hero-light/hls/720p/segment_072.ts	1398344
website/hls-library/video-home/hero-light/hls/720p/segment_073.ts	646720
website/hls-library/video-home/hero-light/hls/master.m3u8	504
website/hls-library/video-home/hero-light/still-hero-4k-light.jpg	380843
website/hls-library/video-home/hl-malmromur/highlight-malromur-01_1920.mp4	12686249
website/hls-library/video-home/hl-malmromur/highlight-malromur-02.mp4	23061494
website/hls-library/video-home/hl-malmromur/hl-malromur-still.jpg	349766
website/hls-library/video-home/hl-malmromur/hls/1080p/index.m3u8	1070
website/hls-library/video-home/hl-malmromur/hls/1080p/segment_000.ts	2021188
website/hls-library/video-home/hl-malmromur/hls/1080p/segment_001.ts	2550408
website/hls-library/video-home/hl-malmromur/hls/1080p/segment_002.ts	2415236
website/hls-library/video-home/hl-malmromur/hls/1080p/segment_003.ts	2458100
website/hls-library/video-home/hl-malmromur/hls/1080p/segment_004.ts	2382524
website/hls-library/video-home/hl-malmromur/hls/1080p/segment_005.ts	2503596
website/hls-library/video-home/hl-malmromur/hls/1080p/segment_006.ts	2582368
website/hls-library/video-home/hl-malmromur/hls/1080p/segment_007.ts	2435352
website/hls-library/video-home/hl-malmromur/hls/1080p/segment_008.ts	2480848
website/hls-library/video-home/hl-malmromur/hls/1080p/segment_009.ts	2368988
website/hls-library/video-home/hl-malmromur/hls/1080p/segment_010.ts	2291344
website/hls-library/video-home/hl-malmromur/hls/1080p/segment_011.ts	2444564
website/hls-library/video-home/hl-malmromur/hls/1080p/segment_012.ts	2565260
website/hls-library/video-home/hl-malmromur/hls/1080p/segment_013.ts	2447196
website/hls-library/video-home/hl-malmromur/hls/1080p/segment_014.ts	2514312
website/hls-library/video-home/hl-malmromur/hls/1080p/segment_015.ts	2331200
website/hls-library/video-home/hl-malmromur/hls/1080p/segment_016.ts	2318792
website/hls-library/video-home/hl-malmromur/hls/1080p/segment_017.ts	2456784
website/hls-library/video-home/hl-malmromur/hls/1080p/segment_018.ts	2502280
website/hls-library/video-home/hl-malmromur/hls/1080p/segment_019.ts	2468628
website/hls-library/video-home/hl-malmromur/hls/1080p/segment_020.ts	2523712
website/hls-library/video-home/hl-malmromur/hls/1080p/segment_021.ts	2306384
website/hls-library/video-home/hl-malmromur/hls/1080p/segment_022.ts	2323680
website/hls-library/video-home/hl-malmromur/hls/1080p/segment_023.ts	2443248
website/hls-library/video-home/hl-malmromur/hls/1080p/segment_024.ts	2498144
website/hls-library/video-home/hl-malmromur/hls/1080p/segment_025.ts	2455844
website/hls-library/video-home/hl-malmromur/hls/1080p/segment_026.ts	2535932
website/hls-library/video-home/hl-malmromur/hls/1080p/segment_027.ts	2342668
website/hls-library/video-home/hl-malmromur/hls/1080p/segment_028.ts	1830368
website/hls-library/video-home/hl-malmromur/hls/360p/index.m3u8	1070
website/hls-library/video-home/hl-malmromur/hls/360p/segment_000.ts	341784
website/hls-library/video-home/hl-malmromur/hls/360p/segment_001.ts	476016
website/hls-library/video-home/hl-malmromur/hls/360p/segment_002.ts	427136
website/hls-library/video-home/hl-malmromur/hls/360p/segment_003.ts	491056
website/hls-library/video-home/hl-malmromur/hls/360p/segment_004.ts	447064
website/hls-library/video-home/hl-malmromur/hls/360p/segment_005.ts	436160
website/hls-library/video-home/hl-malmromur/hls/360p/segment_006.ts	474324
website/hls-library/video-home/hl-malmromur/hls/360p/segment_007.ts	516812
website/hls-library/video-home/hl-malmromur/hls/360p/segment_008.ts	479588
website/hls-library/video-home/hl-malmromur/hls/360p/segment_009.ts	432964
website/hls-library/video-home/hl-malmromur/hls/360p/segment_010.ts	447628
website/hls-library/video-home/hl-malmromur/hls/360p/segment_011.ts	438040
website/hls-library/video-home/hl-malmromur/hls/360p/segment_012.ts	463420
website/hls-library/video-home/hl-malmromur/hls/360p/segment_013.ts	511736
website/hls-library/video-home/hl-malmromur/hls/360p/segment_014.ts	485792
website/hls-library/video-home/hl-malmromur/hls/360p/segment_015.ts	423376
website/hls-library/video-home/hl-malmromur/hls/360p/segment_016.ts	450260
website/hls-library/video-home/hl-malmromur/hls/360p/segment_017.ts	441988
website/hls-library/video-home/hl-malmromur/hls/360p/segment_018.ts	431648
website/hls-library/video-home/hl-malmromur/hls/360p/segment_019.ts	517752
website/hls-library/video-home/hl-malmromur/hls/360p/segment_020.ts	493312
website/hls-library/video-home/hl-malmromur/hls/360p/segment_021.ts	428828
website/hls-library/video-home/hl-malmromur/hls/360p/segment_022.ts	435220
website/hls-library/video-home/hl-malmromur/hls/360p/segment_023.ts	459096
website/hls-library/video-home/hl-malmromur/hls/360p/segment_024.ts	431272
website/hls-library/video-home/hl-malmromur/hls/360p/segment_025.ts	496696
website/hls-library/video-home/hl-malmromur/hls/360p/segment_026.ts	487108
website/hls-library/video-home/hl-malmromur/hls/360p/segment_027.ts	464172
website/hls-library/video-home/hl-malmromur/hls/360p/segment_028.ts	335204
website/hls-library/video-home/hl-malmromur/hls/480p/index.m3u8	1070
website/hls-library/video-home/hl-malmromur/hls/480p/segment_000.ts	664956
website/hls-library/video-home/hl-malmromur/hls/480p/segment_001.ts	864048
website/hls-library/video-home/hl-malmromur/hls/480p/segment_002.ts	781704
website/hls-library/video-home/hl-malmromur/hls/480p/segment_003.ts	869876
website/hls-library/video-home/hl-malmromur/hls/480p/segment_004.ts	823816
website/hls-library/video-home/hl-malmromur/hls/480p/segment_005.ts	810092
website/hls-library/video-home/hl-malmromur/hls/480p/segment_006.ts	854272
website/hls-library/video-home/hl-malmromur/hls/480p/segment_007.ts	926276
website/hls-library/video-home/hl-malmromur/hls/480p/segment_008.ts	856716
website/hls-library/video-home/hl-malmromur/hls/480p/segment_009.ts	778508
website/hls-library/video-home/hl-malmromur/hls/480p/segment_010.ts	810844
website/hls-library/video-home/hl-malmromur/hls/480p/segment_011.ts	807460
website/hls-library/video-home/hl-malmromur/hls/480p/segment_012.ts	846376
website/hls-library/video-home/hl-malmromur/hls/480p/segment_013.ts	916312
website/hls-library/video-home/hl-malmromur/hls/480p/segment_014.ts	865928
website/hls-library/video-home/hl-malmromur/hls/480p/segment_015.ts	759332
website/hls-library/video-home/hl-malmromur/hls/480p/segment_016.ts	802384
website/hls-library/video-home/hl-malmromur/hls/480p/segment_017.ts	815356
website/hls-library/video-home/hl-malmromur/hls/480p/segment_018.ts	802196
website/hls-library/video-home/hl-malmromur/hls/480p/segment_019.ts	932856
website/hls-library/video-home/hl-malmromur/hls/480p/segment_020.ts	881720
website/hls-library/video-home/hl-malmromur/hls/480p/segment_021.ts	761588
website/hls-library/video-home/hl-malmromur/hls/480p/segment_022.ts	778320
website/hls-library/video-home/hl-malmromur/hls/480p/segment_023.ts	843180
website/hls-library/video-home/hl-malmromur/hls/480p/segment_024.ts	803324
website/hls-library/video-home/hl-malmromur/hls/480p/segment_025.ts	875892
website/hls-library/video-home/hl-malmromur/hls/480p/segment_026.ts	884164
website/hls-library/video-home/hl-malmromur/hls/480p/segment_027.ts	816860
website/hls-library/video-home/hl-malmromur/hls/480p/segment_028.ts	602728
website/hls-library/video-home/hl-malmromur/hls/720p/index.m3u8	1070
website/hls-library/video-home/hl-malmromur/hls/720p/segment_000.ts	1096980
website/hls-library/video-home/hl-malmromur/hls/720p/segment_001.ts	1439328
website/hls-library/video-home/hl-malmromur/hls/720p/segment_002.ts	1283100
website/hls-library/video-home/hl-malmromur/hls/720p/segment_003.ts	1398720
website/hls-library/video-home/hl-malmromur/hls/720p/segment_004.ts	1400976
website/hls-library/video-home/hl-malmromur/hls/720p/segment_005.ts	1406428
website/hls-library/video-home/hl-malmromur/hls/720p/segment_006.ts	1433500
website/hls-library/video-home/hl-malmromur/hls/720p/segment_007.ts	1456812
website/hls-library/video-home/hl-malmromur/hls/720p/segment_008.ts	1316940
website/hls-library/video-home/hl-malmromur/hls/720p/segment_009.ts	1289680
website/hls-library/video-home/hl-malmromur/hls/720p/segment_010.ts	1306224
website/hls-library/video-home/hl-malmromur/hls/720p/segment_011.ts	1403044
website/hls-library/video-home/hl-malmromur/hls/720p/segment_012.ts	1449292
website/hls-library/video-home/hl-malmromur/hls/720p/segment_013.ts	1464332
website/hls-library/video-home/hl-malmromur/hls/720p/segment_014.ts	1346080
website/hls-library/video-home/hl-malmromur/hls/720p/segment_015.ts	1269376
website/hls-library/video-home/hl-malmromur/hls/720p/segment_016.ts	1302652
website/hls-library/video-home/hl-malmromur/hls/720p/segment_017.ts	1399096
website/hls-library/video-home/hl-malmromur/hls/720p/segment_018.ts	1397404
website/hls-library/video-home/hl-malmromur/hls/720p/segment_019.ts	1500804
website/hls-library/video-home/hl-malmromur/hls/720p/segment_020.ts	1363564
website/hls-library/video-home/hl-malmromur/hls/720p/segment_021.ts	1234220
website/hls-library/video-home/hl-malmromur/hls/720p/segment_022.ts	1289304
website/hls-library/video-home/hl-malmromur/hls/720p/segment_023.ts	1419024
website/hls-library/video-home/hl-malmromur/hls/720p/segment_024.ts	1402668
website/hls-library/video-home/hl-malmromur/hls/720p/segment_025.ts	1451548
website/hls-library/video-home/hl-malmromur/hls/720p/segment_026.ts	1406992
website/hls-library/video-home/hl-malmromur/hls/720p/segment_027.ts	1250576
website/hls-library/video-home/hl-malmromur/hls/720p/segment_028.ts	980984
website/hls-library/video-home/hl-malmromur/hls/master.m3u8	503
website/hls-library/video-home/hl-radial/hls/1080p/index.m3u8	1202
website/hls-library/video-home/hl-radial/hls/1080p/segment_000.ts	3979584
website/hls-library/video-home/hl-radial/hls/1080p/segment_001.ts	4696804
website/hls-library/video-home/hl-radial/hls/1080p/segment_002.ts	2486864
website/hls-library/video-home/hl-radial/hls/1080p/segment_003.ts	2250736
website/hls-library/video-home/hl-radial/hls/1080p/segment_004.ts	2573156
website/hls-library/video-home/hl-radial/hls/1080p/segment_005.ts	452892
website/hls-library/video-home/hl-radial/hls/1080p/segment_006.ts	1969300
website/hls-library/video-home/hl-radial/hls/1080p/segment_007.ts	741096
website/hls-library/video-home/hl-radial/hls/1080p/segment_008.ts	2390608
website/hls-library/video-home/hl-radial/hls/1080p/segment_009.ts	1446848
website/hls-library/video-home/hl-radial/hls/1080p/segment_010.ts	3129260
website/hls-library/video-home/hl-radial/hls/1080p/segment_011.ts	2855344
website/hls-library/video-home/hl-radial/hls/1080p/segment_012.ts	2530856
website/hls-library/video-home/hl-radial/hls/1080p/segment_013.ts	2927536
website/hls-library/video-home/hl-radial/hls/1080p/segment_014.ts	2786348
website/hls-library/video-home/hl-radial/hls/1080p/segment_015.ts	788096
website/hls-library/video-home/hl-radial/hls/1080p/segment_016.ts	2313340
website/hls-library/video-home/hl-radial/hls/1080p/segment_017.ts	1403608
website/hls-library/video-home/hl-radial/hls/1080p/segment_018.ts	3126252
website/hls-library/video-home/hl-radial/hls/1080p/segment_019.ts	2907420
website/hls-library/video-home/hl-radial/hls/1080p/segment_020.ts	2578984
website/hls-library/video-home/hl-radial/hls/1080p/segment_021.ts	3016648
website/hls-library/video-home/hl-radial/hls/1080p/segment_022.ts	2881664
website/hls-library/video-home/hl-radial/hls/1080p/segment_023.ts	819680
website/hls-library/video-home/hl-radial/hls/1080p/segment_024.ts	2249232
website/hls-library/video-home/hl-radial/hls/1080p/segment_025.ts	1374468
website/hls-library/video-home/hl-radial/hls/1080p/segment_026.ts	3103128
website/hls-library/video-home/hl-radial/hls/1080p/segment_027.ts	2937312
website/hls-library/video-home/hl-radial/hls/1080p/segment_028.ts	2619216
website/hls-library/video-home/hl-radial/hls/1080p/segment_029.ts	3033944
website/hls-library/video-home/hl-radial/hls/1080p/segment_030.ts	2913624
website/hls-library/video-home/hl-radial/hls/1080p/segment_031.ts	479964
website/hls-library/video-home/hl-radial/hls/1080p/segment_032.ts	281060
website/hls-library/video-home/hl-radial/hls/360p/index.m3u8	1202
website/hls-library/video-home/hl-radial/hls/360p/segment_000.ts	742036
website/hls-library/video-home/hl-radial/hls/360p/segment_001.ts	866680
website/hls-library/video-home/hl-radial/hls/360p/segment_002.ts	489364
website/hls-library/video-home/hl-radial/hls/360p/segment_003.ts	433340
website/hls-library/video-home/hl-radial/hls/360p/segment_004.ts	476204
website/hls-library/video-home/hl-radial/hls/360p/segment_005.ts	79336
website/hls-library/video-home/hl-radial/hls/360p/segment_006.ts	382204
website/hls-library/video-home/hl-radial/hls/360p/segment_007.ts	166192
website/hls-library/video-home/hl-radial/hls/360p/segment_008.ts	324864
website/hls-library/video-home/hl-radial/hls/360p/segment_009.ts	364344
website/hls-library/video-home/hl-radial/hls/360p/segment_010.ts	575844
website/hls-library/video-home/hl-radial/hls/360p/segment_011.ts	557044
website/hls-library/video-home/hl-radial/hls/360p/segment_012.ts	488424
website/hls-library/video-home/hl-radial/hls/360p/segment_013.ts	542944
website/hls-library/video-home/hl-radial/hls/360p/segment_014.ts	519444
website/hls-library/video-home/hl-radial/hls/360p/segment_015.ts	176532
website/hls-library/video-home/hl-radial/hls/360p/segment_016.ts	318472
website/hls-library/video-home/hl-radial/hls/360p/segment_017.ts	358516
website/hls-library/video-home/hl-radial/hls/360p/segment_018.ts	578476
website/hls-library/video-home/hl-radial/hls/360p/segment_019.ts	567948
website/hls-library/video-home/hl-radial/hls/360p/segment_020.ts	498952
website/hls-library/video-home/hl-radial/hls/360p/segment_021.ts	558548
website/hls-library/video-home/hl-radial/hls/360p/segment_022.ts	537116
website/hls-library/video-home/hl-radial/hls/360p/segment_023.ts	180480
website/hls-library/video-home/hl-radial/hls/360p/segment_024.ts	311516
website/hls-library/video-home/hl-radial/hls/360p/segment_025.ts	353252
website/hls-library/video-home/hl-radial/hls/360p/segment_026.ts	576032
website/hls-library/video-home/hl-radial/hls/360p/segment_027.ts	571144
website/hls-library/video-home/hl-radial/hls/360p/segment_028.ts	500832
website/hls-library/video-home/hl-radial/hls/360p/segment_029.ts	564188
website/hls-library/video-home/hl-radial/hls/360p/segment_030.ts	543696
website/hls-library/video-home/hl-radial/hls/360p/segment_031.ts	96068
website/hls-library/video-home/hl-radial/hls/360p/segment_032.ts	66364
website/hls-library/video-home/hl-radial/hls/480p/index.m3u8	1202
website/hls-library/video-home/hl-radial/hls/480p/segment_000.ts	1307916
website/hls-library/video-home/hl-radial/hls/480p/segment_001.ts	1630524
website/hls-library/video-home/hl-radial/hls/480p/segment_002.ts	885292
website/hls-library/video-home/hl-radial/hls/480p/segment_003.ts	771928
website/hls-library/video-home/hl-radial/hls/480p/segment_004.ts	861604
website/hls-library/video-home/hl-radial/hls/480p/segment_005.ts	155288
website/hls-library/video-home/hl-radial/hls/480p/segment_006.ts	681124
website/hls-library/video-home/hl-radial/hls/480p/segment_007.ts	280872
website/hls-library/video-home/hl-radial/hls/480p/segment_008.ts	582988
website/hls-library/video-home/hl-radial/hls/480p/segment_009.ts	648036
website/hls-library/video-home/hl-radial/hls/480p/segment_010.ts	1080060
website/hls-library/video-home/hl-radial/hls/480p/segment_011.ts	999596
website/hls-library/video-home/hl-radial/hls/480p/segment_012.ts	869876
website/hls-library/video-home/hl-radial/hls/480p/segment_013.ts	977976
website/hls-library/video-home/hl-radial/hls/480p/segment_014.ts	937368
website/hls-library/video-home/hl-radial/hls/480p/segment_015.ts	298732
website/hls-library/video-home/hl-radial/hls/480p/segment_016.ts	573588
website/hls-library/video-home/hl-radial/hls/480p/segment_017.ts	639764
website/hls-library/video-home/hl-radial/hls/480p/segment_018.ts	1087392
website/hls-library/video-home/hl-radial/hls/480p/segment_019.ts	1024224
website/hls-library/video-home/hl-radial/hls/480p/segment_020.ts	887736
website/hls-library/video-home/hl-radial/hls/480p/segment_021.ts	1005800
website/hls-library/video-home/hl-radial/hls/480p/segment_022.ts	969516
website/hls-library/video-home/hl-radial/hls/480p/segment_023.ts	308132
website/hls-library/video-home/hl-radial/hls/480p/segment_024.ts	561744
website/hls-library/video-home/hl-radial/hls/480p/segment_025.ts	628108
website/hls-library/video-home/hl-radial/hls/480p/segment_026.ts	1079872
website/hls-library/video-home/hl-radial/hls/480p/segment_027.ts	1028736
website/hls-library/video-home/hl-radial/hls/480p/segment_028.ts	894692
website/hls-library/video-home/hl-radial/hls/480p/segment_029.ts	1019900
website/hls-library/video-home/hl-radial/hls/480p/segment_030.ts	981548
website/hls-library/video-home/hl-radial/hls/480p/segment_031.ts	172772
website/hls-library/video-home/hl-radial/hls/480p/segment_032.ts	106784
website/hls-library/video-home/hl-radial/hls/720p/index.m3u8	1202
website/hls-library/video-home/hl-radial/hls/720p/segment_000.ts	2092816
website/hls-library/video-home/hl-radial/hls/720p/segment_001.ts	2667720
website/hls-library/video-home/hl-radial/hls/720p/segment_002.ts	1445720
website/hls-library/video-home/hl-radial/hls/720p/segment_003.ts	1276520
website/hls-library/video-home/hl-radial/hls/720p/segment_004.ts	1420528
website/hls-library/video-home/hl-radial/hls/720p/segment_005.ts	266020
website/hls-library/video-home/hl-radial/hls/720p/segment_006.ts	1116156
website/hls-library/video-home/hl-radial/hls/720p/segment_007.ts	452140
website/hls-library/video-home/hl-radial/hls/720p/segment_008.ts	950528
website/hls-library/video-home/hl-radial/hls/720p/segment_009.ts	1099800
website/hls-library/video-home/hl-radial/hls/720p/segment_010.ts	1786752
website/hls-library/video-home/hl-radial/hls/720p/segment_011.ts	1647256
website/hls-library/video-home/hl-radial/hls/720p/segment_012.ts	1429928
website/hls-library/video-home/hl-radial/hls/720p/segment_013.ts	1603264
website/hls-library/video-home/hl-radial/hls/720p/segment_014.ts	1566980
website/hls-library/video-home/hl-radial/hls/720p/segment_015.ts	480528
website/hls-library/video-home/hl-radial/hls/720p/segment_016.ts	928908
website/hls-library/video-home/hl-radial/hls/720p/segment_017.ts	1083820
website/hls-library/video-home/hl-radial/hls/720p/segment_018.ts	1782804
website/hls-library/video-home/hl-radial/hls/720p/segment_019.ts	1678276
website/hls-library/video-home/hl-radial/hls/720p/segment_020.ts	1456248
website/hls-library/video-home/hl-radial/hls/720p/segment_021.ts	1657408
website/hls-library/video-home/hl-radial/hls/720p/segment_022.ts	1609468
website/hls-library/video-home/hl-radial/hls/720p/segment_023.ts	489740
website/hls-library/video-home/hl-radial/hls/720p/segment_024.ts	903340
website/hls-library/video-home/hl-radial/hls/720p/segment_025.ts	1060884
website/hls-library/video-home/hl-radial/hls/720p/segment_026.ts	1766824
website/hls-library/video-home/hl-radial/hls/720p/segment_027.ts	1687864
website/hls-library/video-home/hl-radial/hls/720p/segment_028.ts	1462076
website/hls-library/video-home/hl-radial/hls/720p/segment_029.ts	1683540
website/hls-library/video-home/hl-radial/hls/720p/segment_030.ts	1639172
website/hls-library/video-home/hl-radial/hls/720p/segment_031.ts	273164
website/hls-library/video-home/hl-radial/hls/720p/segment_032.ts	173336
website/hls-library/video-home/hl-radial/hls/master.m3u8	504
website/hls-library/video-home/hl-radial/radial-dial-still.png	1198344
website/hls-library/video-home/hl-radial/radial-remove-grid_1920.mp4	7483259
website/hls-library/video-home/hl-sanid/hls/1080p/index.m3u8	1037
website/hls-library/video-home/hl-sanid/hls/1080p/segment_000.ts	4427212
website/hls-library/video-home/hl-sanid/hls/1080p/segment_001.ts	1593488
website/hls-library/video-home/hl-sanid/hls/1080p/segment_002.ts	3061580
website/hls-library/video-home/hl-sanid/hls/1080p/segment_003.ts	2744800
website/hls-library/video-home/hl-sanid/hls/1080p/segment_004.ts	4179804
website/hls-library/video-home/hl-sanid/hls/1080p/segment_005.ts	2986944
website/hls-library/video-home/hl-sanid/hls/1080p/segment_006.ts	2746868
website/hls-library/video-home/hl-sanid/hls/1080p/segment_007.ts	4148596
website/hls-library/video-home/hl-sanid/hls/1080p/segment_008.ts	1631840
website/hls-library/video-home/hl-sanid/hls/1080p/segment_009.ts	3071732
website/hls-library/video-home/hl-sanid/hls/1080p/segment_010.ts	2789168
website/hls-library/video-home/hl-sanid/hls/1080p/segment_011.ts	4150852
website/hls-library/video-home/hl-sanid/hls/1080p/segment_012.ts	3020596
website/hls-library/video-home/hl-sanid/hls/1080p/segment_013.ts	2767924
website/hls-library/video-home/hl-sanid/hls/1080p/segment_014.ts	4149160
website/hls-library/video-home/hl-sanid/hls/1080p/segment_015.ts	1633532
website/hls-library/video-home/hl-sanid/hls/1080p/segment_016.ts	3061768
website/hls-library/video-home/hl-sanid/hls/1080p/segment_017.ts	2790296
website/hls-library/video-home/hl-sanid/hls/1080p/segment_018.ts	4148220
website/hls-library/video-home/hl-sanid/hls/1080p/segment_019.ts	3026988
website/hls-library/video-home/hl-sanid/hls/1080p/segment_020.ts	2777888
website/hls-library/video-home/hl-sanid/hls/1080p/segment_021.ts	4144084
website/hls-library/video-home/hl-sanid/hls/1080p/segment_022.ts	1637668
website/hls-library/video-home/hl-sanid/hls/1080p/segment_023.ts	3055000
website/hls-library/video-home/hl-sanid/hls/1080p/segment_024.ts	2798004
website/hls-library/video-home/hl-sanid/hls/1080p/segment_025.ts	4141452
website/hls-library/video-home/hl-sanid/hls/1080p/segment_026.ts	3033944
website/hls-library/video-home/hl-sanid/hls/1080p/segment_027.ts	2779580
website/hls-library/video-home/hl-sanid/hls/360p/index.m3u8	1037
website/hls-library/video-home/hl-sanid/hls/360p/segment_000.ts	769672
website/hls-library/video-home/hl-sanid/hls/360p/segment_001.ts	292716
website/hls-library/video-home/hl-sanid/hls/360p/segment_002.ts	584304
website/hls-library/video-home/hl-sanid/hls/360p/segment_003.ts	492560
website/hls-library/video-home/hl-sanid/hls/360p/segment_004.ts	768544
website/hls-library/video-home/hl-sanid/hls/360p/segment_005.ts	566820
website/hls-library/video-home/hl-sanid/hls/360p/segment_006.ts	492184
website/hls-library/video-home/hl-sanid/hls/360p/segment_007.ts	761964
website/hls-library/video-home/hl-sanid/hls/360p/segment_008.ts	294408
website/hls-library/video-home/hl-sanid/hls/360p/segment_009.ts	582800
website/hls-library/video-home/hl-sanid/hls/360p/segment_010.ts	497448
website/hls-library/video-home/hl-sanid/hls/360p/segment_011.ts	756512
website/hls-library/video-home/hl-sanid/hls/360p/segment_012.ts	574340
website/hls-library/video-home/hl-sanid/hls/360p/segment_013.ts	495756
website/hls-library/video-home/hl-sanid/hls/360p/segment_014.ts	757640
website/hls-library/video-home/hl-sanid/hls/360p/segment_015.ts	294032
website/hls-library/video-home/hl-sanid/hls/360p/segment_016.ts	584492
website/hls-library/video-home/hl-sanid/hls/360p/segment_017.ts	500268
website/hls-library/video-home/hl-sanid/hls/360p/segment_018.ts	751060
website/hls-library/video-home/hl-sanid/hls/360p/segment_019.ts	576972
website/hls-library/video-home/hl-sanid/hls/360p/segment_020.ts	496696
website/hls-library/video-home/hl-sanid/hls/360p/segment_021.ts	757828
website/hls-library/video-home/hl-sanid/hls/360p/segment_022.ts	293092
website/hls-library/video-home/hl-sanid/hls/360p/segment_023.ts	583176
website/hls-library/video-home/hl-sanid/hls/360p/segment_024.ts	501584
website/hls-library/video-home/hl-sanid/hls/360p/segment_025.ts	749556
website/hls-library/video-home/hl-sanid/hls/360p/segment_026.ts	577160
website/hls-library/video-home/hl-sanid/hls/360p/segment_027.ts	498576
website/hls-library/video-home/hl-sanid/hls/480p/index.m3u8	1037
website/hls-library/video-home/hl-sanid/hls/480p/segment_000.ts	1440268
website/hls-library/video-home/hl-sanid/hls/480p/segment_001.ts	553284
website/hls-library/video-home/hl-sanid/hls/480p/segment_002.ts	1034564
website/hls-library/video-home/hl-sanid/hls/480p/segment_003.ts	924396
website/hls-library/video-home/hl-sanid/hls/480p/segment_004.ts	1412068
website/hls-library/video-home/hl-sanid/hls/480p/segment_005.ts	1020840
website/hls-library/video-home/hl-sanid/hls/480p/segment_006.ts	927216
website/hls-library/video-home/hl-sanid/hls/480p/segment_007.ts	1415264
website/hls-library/video-home/hl-sanid/hls/480p/segment_008.ts	558924
website/hls-library/video-home/hl-sanid/hls/480p/segment_009.ts	1033624
website/hls-library/video-home/hl-sanid/hls/480p/segment_010.ts	936616
website/hls-library/video-home/hl-sanid/hls/480p/segment_011.ts	1389132
website/hls-library/video-home/hl-sanid/hls/480p/segment_012.ts	1029112
website/hls-library/video-home/hl-sanid/hls/480p/segment_013.ts	934736
website/hls-library/video-home/hl-sanid/hls/480p/segment_014.ts	1411504
website/hls-library/video-home/hl-sanid/hls/480p/segment_015.ts	562496
website/hls-library/video-home/hl-sanid/hls/480p/segment_016.ts	1037760
website/hls-library/video-home/hl-sanid/hls/480p/segment_017.ts	931540
website/hls-library/video-home/hl-sanid/hls/480p/segment_018.ts	1381800
website/hls-library/video-home/hl-sanid/hls/480p/segment_019.ts	1034376
website/hls-library/video-home/hl-sanid/hls/480p/segment_020.ts	934736
website/hls-library/video-home/hl-sanid/hls/480p/segment_021.ts	1410376
website/hls-library/video-home/hl-sanid/hls/480p/segment_022.ts	563248
website/hls-library/video-home/hl-sanid/hls/480p/segment_023.ts	1034940
website/hls-library/video-home/hl-sanid/hls/480p/segment_024.ts	937932
website/hls-library/video-home/hl-sanid/hls/480p/segment_025.ts	1376912
website/hls-library/video-home/hl-sanid/hls/480p/segment_026.ts	1034564
website/hls-library/video-home/hl-sanid/hls/480p/segment_027.ts	938308
website/hls-library/video-home/hl-sanid/hls/720p/index.m3u8	1037
website/hls-library/video-home/hl-sanid/hls/720p/segment_000.ts	2432908
website/hls-library/video-home/hl-sanid/hls/720p/segment_001.ts	916124
website/hls-library/video-home/hl-sanid/hls/720p/segment_002.ts	1706100
website/hls-library/video-home/hl-sanid/hls/720p/segment_003.ts	1519604
website/hls-library/video-home/hl-sanid/hls/720p/segment_004.ts	2342856
website/hls-library/video-home/hl-sanid/hls/720p/segment_005.ts	1679968
website/hls-library/video-home/hl-sanid/hls/720p/segment_006.ts	1522048
website/hls-library/video-home/hl-sanid/hls/720p/segment_007.ts	2320484
website/hls-library/video-home/hl-sanid/hls/720p/segment_008.ts	938496
website/hls-library/video-home/hl-sanid/hls/720p/segment_009.ts	1708920
website/hls-library/video-home/hl-sanid/hls/720p/segment_010.ts	1537652
website/hls-library/video-home/hl-sanid/hls/720p/segment_011.ts	2318228
website/hls-library/video-home/hl-sanid/hls/720p/segment_012.ts	1698580
website/hls-library/video-home/hl-sanid/hls/720p/segment_013.ts	1534456
website/hls-library/video-home/hl-sanid/hls/720p/segment_014.ts	2321048
website/hls-library/video-home/hl-sanid/hls/720p/segment_015.ts	938308
website/hls-library/video-home/hl-sanid/hls/720p/segment_016.ts	1712492
website/hls-library/video-home/hl-sanid/hls/720p/segment_017.ts	1542728
website/hls-library/video-home/hl-sanid/hls/720p/segment_018.ts	2305256
website/hls-library/video-home/hl-sanid/hls/720p/segment_019.ts	1700836
website/hls-library/video-home/hl-sanid/hls/720p/segment_020.ts	1541788
website/hls-library/video-home/hl-sanid/hls/720p/segment_021.ts	2317100
website/hls-library/video-home/hl-sanid/hls/720p/segment_022.ts	942820
website/hls-library/video-home/hl-sanid/hls/720p/segment_023.ts	1703468
website/hls-library/video-home/hl-sanid/hls/720p/segment_024.ts	1547428
website/hls-library/video-home/hl-sanid/hls/720p/segment_025.ts	2298864
website/hls-library/video-home/hl-sanid/hls/720p/segment_026.ts	1706476
website/hls-library/video-home/hl-sanid/hls/720p/segment_027.ts	1543480
website/hls-library/video-home/hl-sanid/hls/master.m3u8	503
website/hls-library/video-home/hl-sanid/sanid-01-master_1920.mp4	410612521
website/hls-library/video-home/hl-sanid/sanid-02-master.mp4	235402428
website/hls-library/video-home/hl-sanid/sanid-still.png	1025972
website/hls-library/video-home/hl-trollatunga/hls/1080p/index.m3u8	2060
website/hls-library/video-home/hl-trollatunga/hls/1080p/segment_000.ts	2075896
website/hls-library/video-home/hl-trollatunga/hls/1080p/segment_001.ts	2561876
website/hls-library/video-home/hl-trollatunga/hls/1080p/segment_002.ts	2570148
website/hls-library/video-home/hl-trollatunga/hls/1080p/segment_003.ts	2214828
website/hls-library/video-home/hl-trollatunga/hls/1080p/segment_004.ts	2733896
website/hls-library/video-home/hl-trollatunga/hls/1080p/segment_005.ts	2056344
website/hls-library/video-home/hl-trollatunga/hls/1080p/segment_006.ts	2789356
website/hls-library/video-home/hl-trollatunga/hls/1080p/segment_007.ts	2161060
website/hls-library/video-home/hl-trollatunga/hls/1080p/segment_008.ts	2611320
website/hls-library/video-home/hl-trollatunga/hls/1080p/segment_009.ts	2465620
website/hls-library/video-home/hl-trollatunga/hls/1080p/segment_010.ts	2360904
website/hls-library/video-home/hl-trollatunga/hls/1080p/segment_011.ts	2640084
website/hls-library/video-home/hl-trollatunga/hls/1080p/segment_012.ts	2157864
website/hls-library/video-home/hl-trollatunga/hls/1080p/segment_013.ts	2707952
website/hls-library/video-home/hl-trollatunga/hls/1080p/segment_014.ts	2051832
website/hls-library/video-home/hl-trollatunga/hls/1080p/segment_015.ts	2772060
website/hls-library/video-home/hl-trollatunga/hls/1080p/segment_016.ts	2131920
website/hls-library/video-home/hl-trollatunga/hls/1080p/segment_017.ts	2610568
website/hls-library/video-home/hl-trollatunga/hls/1080p/segment_018.ts	2483856
website/hls-library/video-home/hl-trollatunga/hls/1080p/segment_019.ts	2350564
website/hls-library/video-home/hl-trollatunga/hls/1080p/segment_020.ts	2608876
website/hls-library/video-home/hl-trollatunga/hls/1080p/segment_021.ts	2171964
website/hls-library/video-home/hl-trollatunga/hls/1080p/segment_022.ts	2703816
website/hls-library/video-home/hl-trollatunga/hls/1080p/segment_023.ts	2063864
website/hls-library/video-home/hl-trollatunga/hls/1080p/segment_024.ts	2779580
website/hls-library/video-home/hl-trollatunga/hls/1080p/segment_025.ts	2131732
website/hls-library/video-home/hl-trollatunga/hls/1080p/segment_026.ts	2613200
website/hls-library/video-home/hl-trollatunga/hls/1080p/segment_027.ts	2418432
website/hls-library/video-home/hl-trollatunga/hls/1080p/segment_028.ts	2384216
website/hls-library/video-home/hl-trollatunga/hls/1080p/segment_029.ts	2633128
website/hls-library/video-home/hl-trollatunga/hls/1080p/segment_030.ts	2175348
website/hls-library/video-home/hl-trollatunga/hls/1080p/segment_031.ts	2700996
website/hls-library/video-home/hl-trollatunga/hls/1080p/segment_032.ts	2069504
website/hls-library/video-home/hl-trollatunga/hls/1080p/segment_033.ts	2773940
website/hls-library/video-home/hl-trollatunga/hls/1080p/segment_034.ts	2099584
website/hls-library/video-home/hl-trollatunga/hls/1080p/segment_035.ts	2624856
website/hls-library/video-home/hl-trollatunga/hls/1080p/segment_036.ts	2414860
website/hls-library/video-home/hl-trollatunga/hls/1080p/segment_037.ts	2395872
website/hls-library/video-home/hl-trollatunga/hls/1080p/segment_038.ts	2599288
website/hls-library/video-home/hl-trollatunga/hls/1080p/segment_039.ts	2183808
website/hls-library/video-home/hl-trollatunga/hls/1080p/segment_040.ts	2691596
website/hls-library/video-home/hl-trollatunga/hls/1080p/segment_041.ts	2076084
website/hls-library/video-home/hl-trollatunga/hls/1080p/segment_042.ts	2776196
website/hls-library/video-home/hl-trollatunga/hls/1080p/segment_043.ts	2100712
website/hls-library/video-home/hl-trollatunga/hls/1080p/segment_044.ts	2642152
website/hls-library/video-home/hl-trollatunga/hls/1080p/segment_045.ts	2370304
website/hls-library/video-home/hl-trollatunga/hls/1080p/segment_046.ts	2456032
website/hls-library/video-home/hl-trollatunga/hls/1080p/segment_047.ts	2614516
website/hls-library/video-home/hl-trollatunga/hls/1080p/segment_048.ts	2182680
website/hls-library/video-home/hl-trollatunga/hls/1080p/segment_049.ts	2678248
website/hls-library/video-home/hl-trollatunga/hls/1080p/segment_050.ts	2075708
website/hls-library/video-home/hl-trollatunga/hls/1080p/segment_051.ts	2765668
website/hls-library/video-home/hl-trollatunga/hls/1080p/segment_052.ts	2078904
website/hls-library/video-home/hl-trollatunga/hls/1080p/segment_053.ts	2655312
website/hls-library/video-home/hl-trollatunga/hls/1080p/segment_054.ts	2369552
website/hls-library/video-home/hl-trollatunga/hls/1080p/segment_055.ts	2441932
website/hls-library/video-home/hl-trollatunga/hls/1080p/segment_056.ts	2578420
website/hls-library/video-home/hl-trollatunga/hls/1080p/segment_057.ts	2198848
website/hls-library/video-home/hl-trollatunga/hls/1080p/segment_058.ts	947896
website/hls-library/video-home/hl-trollatunga/hls/360p/index.m3u8	2060
website/hls-library/video-home/hl-trollatunga/hls/360p/segment_000.ts	371112
website/hls-library/video-home/hl-trollatunga/hls/360p/segment_001.ts	463796
website/hls-library/video-home/hl-trollatunga/hls/360p/segment_002.ts	489552
website/hls-library/video-home/hl-trollatunga/hls/360p/segment_003.ts	416984
website/hls-library/video-home/hl-trollatunga/hls/360p/segment_004.ts	526964
website/hls-library/video-home/hl-trollatunga/hls/360p/segment_005.ts	388220
website/hls-library/video-home/hl-trollatunga/hls/360p/segment_006.ts	511736
website/hls-library/video-home/hl-trollatunga/hls/360p/segment_007.ts	424316
website/hls-library/video-home/hl-trollatunga/hls/360p/segment_008.ts	480904
website/hls-library/video-home/hl-trollatunga/hls/360p/segment_009.ts	478084
website/hls-library/video-home/hl-trollatunga/hls/360p/segment_010.ts	443116
website/hls-library/video-home/hl-trollatunga/hls/360p/segment_011.ts	491244
website/hls-library/video-home/hl-trollatunga/hls/360p/segment_012.ts	409088
website/hls-library/video-home/hl-trollatunga/hls/360p/segment_013.ts	521136
website/hls-library/video-home/hl-trollatunga/hls/360p/segment_014.ts	387844
website/hls-library/video-home/hl-trollatunga/hls/360p/segment_015.ts	519632
website/hls-library/video-home/hl-trollatunga/hls/360p/segment_016.ts	412660
website/hls-library/video-home/hl-trollatunga/hls/360p/segment_017.ts	478272
website/hls-library/video-home/hl-trollatunga/hls/360p/segment_018.ts	477896
website/hls-library/video-home/hl-trollatunga/hls/360p/segment_019.ts	448380
website/hls-library/video-home/hl-trollatunga/hls/360p/segment_020.ts	491620
website/hls-library/video-home/hl-trollatunga/hls/360p/segment_021.ts	415480
website/hls-library/video-home/hl-trollatunga/hls/360p/segment_022.ts	513992
website/hls-library/video-home/hl-trollatunga/hls/360p/segment_023.ts	388220
website/hls-library/video-home/hl-trollatunga/hls/360p/segment_024.ts	524332
website/hls-library/video-home/hl-trollatunga/hls/360p/segment_025.ts	400816
website/hls-library/video-home/hl-trollatunga/hls/360p/segment_026.ts	476768
website/hls-library/video-home/hl-trollatunga/hls/360p/segment_027.ts	474324
website/hls-library/video-home/hl-trollatunga/hls/360p/segment_028.ts	450260
website/hls-library/video-home/hl-trollatunga/hls/360p/segment_029.ts	486544
website/hls-library/video-home/hl-trollatunga/hls/360p/segment_030.ts	412848
website/hls-library/video-home/hl-trollatunga/hls/360p/segment_031.ts	510796
website/hls-library/video-home/hl-trollatunga/hls/360p/segment_032.ts	389160
website/hls-library/video-home/hl-trollatunga/hls/360p/segment_033.ts	526212
website/hls-library/video-home/hl-trollatunga/hls/360p/segment_034.ts	398560
website/hls-library/video-home/hl-trollatunga/hls/360p/segment_035.ts	477896
website/hls-library/video-home/hl-trollatunga/hls/360p/segment_036.ts	474512
website/hls-library/video-home/hl-trollatunga/hls/360p/segment_037.ts	455148
website/hls-library/video-home/hl-trollatunga/hls/360p/segment_038.ts	485228
website/hls-library/video-home/hl-trollatunga/hls/360p/segment_039.ts	419992
website/hls-library/video-home/hl-trollatunga/hls/360p/segment_040.ts	509480
website/hls-library/video-home/hl-trollatunga/hls/360p/segment_041.ts	386716
website/hls-library/video-home/hl-trollatunga/hls/360p/segment_042.ts	525460
website/hls-library/video-home/hl-trollatunga/hls/360p/segment_043.ts	395176
website/hls-library/video-home/hl-trollatunga/hls/360p/segment_044.ts	477520
website/hls-library/video-home/hl-trollatunga/hls/360p/segment_045.ts	468308
website/hls-library/video-home/hl-trollatunga/hls/360p/segment_046.ts	457592
website/hls-library/video-home/hl-trollatunga/hls/360p/segment_047.ts	477332
website/hls-library/video-home/hl-trollatunga/hls/360p/segment_048.ts	429580
website/hls-library/video-home/hl-trollatunga/hls/360p/segment_049.ts	503088
website/hls-library/video-home/hl-trollatunga/hls/360p/segment_050.ts	391228
website/hls-library/video-home/hl-trollatunga/hls/360p/segment_051.ts	529972
website/hls-library/video-home/hl-trollatunga/hls/360p/segment_052.ts	397620
website/hls-library/video-home/hl-trollatunga/hls/360p/segment_053.ts	480716
website/hls-library/video-home/hl-trollatunga/hls/360p/segment_054.ts	466052
website/hls-library/video-home/hl-trollatunga/hls/360p/segment_055.ts	462856
website/hls-library/video-home/hl-trollatunga/hls/360p/segment_056.ts	476392
website/hls-library/video-home/hl-trollatunga/hls/360p/segment_057.ts	434468
website/hls-library/video-home/hl-trollatunga/hls/360p/segment_058.ts	169200
website/hls-library/video-home/hl-trollatunga/hls/480p/index.m3u8	2060
website/hls-library/video-home/hl-trollatunga/hls/480p/segment_000.ts	647660
website/hls-library/video-home/hl-trollatunga/hls/480p/segment_001.ts	859536
website/hls-library/video-home/hl-trollatunga/hls/480p/segment_002.ts	898452
website/hls-library/video-home/hl-trollatunga/hls/480p/segment_003.ts	744292
website/hls-library/video-home/hl-trollatunga/hls/480p/segment_004.ts	961620
website/hls-library/video-home/hl-trollatunga/hls/480p/segment_005.ts	690900
website/hls-library/video-home/hl-trollatunga/hls/480p/segment_006.ts	966884
website/hls-library/video-home/hl-trollatunga/hls/480p/segment_007.ts	752564
website/hls-library/video-home/hl-trollatunga/hls/480p/segment_008.ts	880028
website/hls-library/video-home/hl-trollatunga/hls/480p/segment_009.ts	853520
website/hls-library/video-home/hl-trollatunga/hls/480p/segment_010.ts	804640
website/hls-library/video-home/hl-trollatunga/hls/480p/segment_011.ts	901836
website/hls-library/video-home/hl-trollatunga/hls/480p/segment_012.ts	730944
website/hls-library/video-home/hl-trollatunga/hls/480p/segment_013.ts	947144
website/hls-library/video-home/hl-trollatunga/hls/480p/segment_014.ts	690336
website/hls-library/video-home/hl-trollatunga/hls/480p/segment_015.ts	962560
website/hls-library/video-home/hl-trollatunga/hls/480p/segment_016.ts	740156
website/hls-library/video-home/hl-trollatunga/hls/480p/segment_017.ts	879652
website/hls-library/video-home/hl-trollatunga/hls/480p/segment_018.ts	849196
website/hls-library/video-home/hl-trollatunga/hls/480p/segment_019.ts	812912
website/hls-library/video-home/hl-trollatunga/hls/480p/segment_020.ts	893376
website/hls-library/video-home/hl-trollatunga/hls/480p/segment_021.ts	727560
website/hls-library/video-home/hl-trollatunga/hls/480p/segment_022.ts	940376
website/hls-library/video-home/hl-trollatunga/hls/480p/segment_023.ts	695600
website/hls-library/video-home/hl-trollatunga/hls/480p/segment_024.ts	962372
website/hls-library/video-home/hl-trollatunga/hls/480p/segment_025.ts	731320
website/hls-library/video-home/hl-trollatunga/hls/480p/segment_026.ts	878148
website/hls-library/video-home/hl-trollatunga/hls/480p/segment_027.ts	847692
website/hls-library/video-home/hl-trollatunga/hls/480p/segment_028.ts	815732
website/hls-library/video-home/hl-trollatunga/hls/480p/segment_029.ts	888112
website/hls-library/video-home/hl-trollatunga/hls/480p/segment_030.ts	734704
website/hls-library/video-home/hl-trollatunga/hls/480p/segment_031.ts	934924
website/hls-library/video-home/hl-trollatunga/hls/480p/segment_032.ts	693156
website/hls-library/video-home/hl-trollatunga/hls/480p/segment_033.ts	962748
website/hls-library/video-home/hl-trollatunga/hls/480p/segment_034.ts	727936
website/hls-library/video-home/hl-trollatunga/hls/480p/segment_035.ts	888676
website/hls-library/video-home/hl-trollatunga/hls/480p/segment_036.ts	843744
website/hls-library/video-home/hl-trollatunga/hls/480p/segment_037.ts	821936
website/hls-library/video-home/hl-trollatunga/hls/480p/segment_038.ts	889240
website/hls-library/video-home/hl-trollatunga/hls/480p/segment_039.ts	739968
website/hls-library/video-home/hl-trollatunga/hls/480p/segment_040.ts	927216
website/hls-library/video-home/hl-trollatunga/hls/480p/segment_041.ts	697480
website/hls-library/video-home/hl-trollatunga/hls/480p/segment_042.ts	963124
website/hls-library/video-home/hl-trollatunga/hls/480p/segment_043.ts	718348
website/hls-library/video-home/hl-trollatunga/hls/480p/segment_044.ts	893752
website/hls-library/video-home/hl-trollatunga/hls/480p/segment_045.ts	841676
website/hls-library/video-home/hl-trollatunga/hls/480p/segment_046.ts	820244
website/hls-library/video-home/hl-trollatunga/hls/480p/segment_047.ts	879464
website/hls-library/video-home/hl-trollatunga/hls/480p/segment_048.ts	752940
website/hls-library/video-home/hl-trollatunga/hls/480p/segment_049.ts	915372
website/hls-library/video-home/hl-trollatunga/hls/480p/segment_050.ts	700676
website/hls-library/video-home/hl-trollatunga/hls/480p/segment_051.ts	962748
website/hls-library/video-home/hl-trollatunga/hls/480p/segment_052.ts	709136
website/hls-library/video-home/hl-trollatunga/hls/480p/segment_053.ts	902212
website/hls-library/video-home/hl-trollatunga/hls/480p/segment_054.ts	832652
website/hls-library/video-home/hl-trollatunga/hls/480p/segment_055.ts	839984
website/hls-library/video-home/hl-trollatunga/hls/480p/segment_056.ts	881532
website/hls-library/video-home/hl-trollatunga/hls/480p/segment_057.ts	752564
website/hls-library/video-home/hl-trollatunga/hls/480p/segment_058.ts	320164
website/hls-library/video-home/hl-trollatunga/hls/720p/index.m3u8	2060
website/hls-library/video-home/hl-trollatunga/hls/720p/segment_000.ts	1106756
website/hls-library/video-home/hl-trollatunga/hls/720p/segment_001.ts	1446096
website/hls-library/video-home/hl-trollatunga/hls/720p/segment_002.ts	1455308
website/hls-library/video-home/hl-trollatunga/hls/720p/segment_003.ts	1236852
website/hls-library/video-home/hl-trollatunga/hls/720p/segment_004.ts	1540848
website/hls-library/video-home/hl-trollatunga/hls/720p/segment_005.ts	1154696
website/hls-library/video-home/hl-trollatunga/hls/720p/segment_006.ts	1556264
website/hls-library/video-home/hl-trollatunga/hls/720p/segment_007.ts	1229896
website/hls-library/video-home/hl-trollatunga/hls/720p/segment_008.ts	1461136
website/hls-library/video-home/hl-trollatunga/hls/720p/segment_009.ts	1383116
website/hls-library/video-home/hl-trollatunga/hls/720p/segment_010.ts	1335552
website/hls-library/video-home/hl-trollatunga/hls/720p/segment_011.ts	1471100
website/hls-library/video-home/hl-trollatunga/hls/720p/segment_012.ts	1213352
website/hls-library/video-home/hl-trollatunga/hls/720p/segment_013.ts	1512836
website/hls-library/video-home/hl-trollatunga/hls/720p/segment_014.ts	1157516
website/hls-library/video-home/hl-trollatunga/hls/720p/segment_015.ts	1556640
website/hls-library/video-home/hl-trollatunga/hls/720p/segment_016.ts	1204328
website/hls-library/video-home/hl-trollatunga/hls/720p/segment_017.ts	1468656
website/hls-library/video-home/hl-trollatunga/hls/720p/segment_018.ts	1397216
website/hls-library/video-home/hl-trollatunga/hls/720p/segment_019.ts	1322392
website/hls-library/video-home/hl-trollatunga/hls/720p/segment_020.ts	1475048
website/hls-library/video-home/hl-trollatunga/hls/720p/segment_021.ts	1221248
website/hls-library/video-home/hl-trollatunga/hls/720p/segment_022.ts	1513024
website/hls-library/video-home/hl-trollatunga/hls/720p/segment_023.ts	1161276
website/hls-library/video-home/hl-trollatunga/hls/720p/segment_024.ts	1548556
website/hls-library/video-home/hl-trollatunga/hls/720p/segment_025.ts	1192296
website/hls-library/video-home/hl-trollatunga/hls/720p/segment_026.ts	1464520
website/hls-library/video-home/hl-trollatunga/hls/720p/segment_027.ts	1373528
website/hls-library/video-home/hl-trollatunga/hls/720p/segment_028.ts	1341004
website/hls-library/video-home/hl-trollatunga/hls/720p/segment_029.ts	1479372
website/hls-library/video-home/hl-trollatunga/hls/720p/segment_030.ts	1209780
website/hls-library/video-home/hl-trollatunga/hls/720p/segment_031.ts	1505692
website/hls-library/video-home/hl-trollatunga/hls/720p/segment_032.ts	1173120
website/hls-library/video-home/hl-trollatunga/hls/720p/segment_033.ts	1552504
website/hls-library/video-home/hl-trollatunga/hls/720p/segment_034.ts	1185340
website/hls-library/video-home/hl-trollatunga/hls/720p/segment_035.ts	1469220
website/hls-library/video-home/hl-trollatunga/hls/720p/segment_036.ts	1370520
website/hls-library/video-home/hl-trollatunga/hls/720p/segment_037.ts	1344200
website/hls-library/video-home/hl-trollatunga/hls/720p/segment_038.ts	1466212
website/hls-library/video-home/hl-trollatunga/hls/720p/segment_039.ts	1224820
website/hls-library/video-home/hl-trollatunga/hls/720p/segment_040.ts	1505880
website/hls-library/video-home/hl-trollatunga/hls/720p/segment_041.ts	1166728
website/hls-library/video-home/hl-trollatunga/hls/720p/segment_042.ts	1544420
website/hls-library/video-home/hl-trollatunga/hls/720p/segment_043.ts	1165036
website/hls-library/video-home/hl-trollatunga/hls/720p/segment_044.ts	1481064
website/hls-library/video-home/hl-trollatunga/hls/720p/segment_045.ts	1346832
website/hls-library/video-home/hl-trollatunga/hls/720p/segment_046.ts	1372964
website/hls-library/video-home/hl-trollatunga/hls/720p/segment_047.ts	1464708
website/hls-library/video-home/hl-trollatunga/hls/720p/segment_048.ts	1223504
website/hls-library/video-home/hl-trollatunga/hls/720p/segment_049.ts	1496668
website/hls-library/video-home/hl-trollatunga/hls/720p/segment_050.ts	1181204
website/hls-library/video-home/hl-trollatunga/hls/720p/segment_051.ts	1548932
website/hls-library/video-home/hl-trollatunga/hls/720p/segment_052.ts	1178572
website/hls-library/video-home/hl-trollatunga/hls/720p/segment_053.ts	1485200
website/hls-library/video-home/hl-trollatunga/hls/720p/segment_054.ts	1342320
website/hls-library/video-home/hl-trollatunga/hls/720p/segment_055.ts	1370144
website/hls-library/video-home/hl-trollatunga/hls/720p/segment_056.ts	1456812
website/hls-library/video-home/hl-trollatunga/hls/720p/segment_057.ts	1240424
website/hls-library/video-home/hl-trollatunga/hls/720p/segment_058.ts	523580
website/hls-library/video-home/hl-trollatunga/hls/master.m3u8	504
website/hls-library/video-home/hl-trollatunga/trollatunga-still-narrow.jpg	480563
website/hls-library/video-home/hl-trollatunga/trollatunga-still-wide.jpg	514799
website/hls-library/video-home/hl-trollatunga/video_trollatunga-master_1920.mp4	28511352
website/hls-library/video-library/motion-graphics/.DS_Store	8196
website/hls-library/video-library/motion-graphics/01_mg-type-abstract/hls/.DS_Store	6148
website/hls-library/video-library/motion-graphics/01_mg-type-abstract/hls/1080p/index.m3u8	283
website/hls-library/video-library/motion-graphics/01_mg-type-abstract/hls/1080p/segment_000.ts	6227312
website/hls-library/video-library/motion-graphics/01_mg-type-abstract/hls/1080p/segment_001.ts	6002088
website/hls-library/video-library/motion-graphics/01_mg-type-abstract/hls/1080p/segment_002.ts	6078792
website/hls-library/video-library/motion-graphics/01_mg-type-abstract/hls/1080p/segment_003.ts	5944748
website/hls-library/video-library/motion-graphics/01_mg-type-abstract/hls/1080p/segment_004.ts	2620156
website/hls-library/video-library/motion-graphics/01_mg-type-abstract/hls/360p/index.m3u8	283
website/hls-library/video-library/motion-graphics/01_mg-type-abstract/hls/360p/segment_000.ts	1125556
website/hls-library/video-library/motion-graphics/01_mg-type-abstract/hls/360p/segment_001.ts	1086452
website/hls-library/video-library/motion-graphics/01_mg-type-abstract/hls/360p/segment_002.ts	1096792
website/hls-library/video-library/motion-graphics/01_mg-type-abstract/hls/360p/segment_003.ts	1097356
website/hls-library/video-library/motion-graphics/01_mg-type-abstract/hls/360p/segment_004.ts	493876
website/hls-library/video-library/motion-graphics/01_mg-type-abstract/hls/480p/index.m3u8	283
website/hls-library/video-library/motion-graphics/01_mg-type-abstract/hls/480p/segment_000.ts	2093004
website/hls-library/video-library/motion-graphics/01_mg-type-abstract/hls/480p/segment_001.ts	2018180
website/hls-library/video-library/motion-graphics/01_mg-type-abstract/hls/480p/segment_002.ts	2041680
website/hls-library/video-library/motion-graphics/01_mg-type-abstract/hls/480p/segment_003.ts	2014232
website/hls-library/video-library/motion-graphics/01_mg-type-abstract/hls/480p/segment_004.ts	891684
website/hls-library/video-library/motion-graphics/01_mg-type-abstract/hls/720p/index.m3u8	283
website/hls-library/video-library/motion-graphics/01_mg-type-abstract/hls/720p/segment_000.ts	3462584
website/hls-library/video-library/motion-graphics/01_mg-type-abstract/hls/720p/segment_001.ts	3344896
website/hls-library/video-library/motion-graphics/01_mg-type-abstract/hls/720p/segment_002.ts	3380992
website/hls-library/video-library/motion-graphics/01_mg-type-abstract/hls/720p/segment_003.ts	3325908
website/hls-library/video-library/motion-graphics/01_mg-type-abstract/hls/720p/segment_004.ts	1483884
website/hls-library/video-library/motion-graphics/01_mg-type-abstract/hls/master.m3u8	503
website/hls-library/video-library/motion-graphics/01_mg-type-abstract/mg-motion-graphic_1920.mp4	40777961
website/hls-library/video-library/motion-graphics/01_mg-type-abstract/trollatunga-abstract-still.png	1135431
website/hls-library/video-library/motion-graphics/02_mg-type-trolla/.DS_Store	6148
website/hls-library/video-library/motion-graphics/02_mg-type-trolla/hls/.DS_Store	6148
website/hls-library/video-library/motion-graphics/02_mg-type-trolla/hls/1080p/index.m3u8	2060
website/hls-library/video-library/motion-graphics/02_mg-type-trolla/hls/1080p/segment_000.ts	2075896
website/hls-library/video-library/motion-graphics/02_mg-type-trolla/hls/1080p/segment_001.ts	2561876
website/hls-library/video-library/motion-graphics/02_mg-type-trolla/hls/1080p/segment_002.ts	2570148
website/hls-library/video-library/motion-graphics/02_mg-type-trolla/hls/1080p/segment_003.ts	2214828
website/hls-library/video-library/motion-graphics/02_mg-type-trolla/hls/1080p/segment_004.ts	2733896
website/hls-library/video-library/motion-graphics/02_mg-type-trolla/hls/1080p/segment_005.ts	2056344
website/hls-library/video-library/motion-graphics/02_mg-type-trolla/hls/1080p/segment_006.ts	2789356
website/hls-library/video-library/motion-graphics/02_mg-type-trolla/hls/1080p/segment_007.ts	2161060
website/hls-library/video-library/motion-graphics/02_mg-type-trolla/hls/1080p/segment_008.ts	2611320
website/hls-library/video-library/motion-graphics/02_mg-type-trolla/hls/1080p/segment_009.ts	2465620
website/hls-library/video-library/motion-graphics/02_mg-type-trolla/hls/1080p/segment_010.ts	2360904
website/hls-library/video-library/motion-graphics/02_mg-type-trolla/hls/1080p/segment_011.ts	2640084
website/hls-library/video-library/motion-graphics/02_mg-type-trolla/hls/1080p/segment_012.ts	2157864
website/hls-library/video-library/motion-graphics/02_mg-type-trolla/hls/1080p/segment_013.ts	2707952
website/hls-library/video-library/motion-graphics/02_mg-type-trolla/hls/1080p/segment_014.ts	2051832
website/hls-library/video-library/motion-graphics/02_mg-type-trolla/hls/1080p/segment_015.ts	2772060
website/hls-library/video-library/motion-graphics/02_mg-type-trolla/hls/1080p/segment_016.ts	2131920
website/hls-library/video-library/motion-graphics/02_mg-type-trolla/hls/1080p/segment_017.ts	2610568
website/hls-library/video-library/motion-graphics/02_mg-type-trolla/hls/1080p/segment_018.ts	2483856
website/hls-library/video-library/motion-graphics/02_mg-type-trolla/hls/1080p/segment_019.ts	2350564
website/hls-library/video-library/motion-graphics/02_mg-type-trolla/hls/1080p/segment_020.ts	2608876
website/hls-library/video-library/motion-graphics/02_mg-type-trolla/hls/1080p/segment_021.ts	2171964
website/hls-library/video-library/motion-graphics/02_mg-type-trolla/hls/1080p/segment_022.ts	2703816
website/hls-library/video-library/motion-graphics/02_mg-type-trolla/hls/1080p/segment_023.ts	2063864
website/hls-library/video-library/motion-graphics/02_mg-type-trolla/hls/1080p/segment_024.ts	2779580
website/hls-library/video-library/motion-graphics/02_mg-type-trolla/hls/1080p/segment_025.ts	2131732
website/hls-library/video-library/motion-graphics/02_mg-type-trolla/hls/1080p/segment_026.ts	2613200
website/hls-library/video-library/motion-graphics/02_mg-type-trolla/hls/1080p/segment_027.ts	2418432
website/hls-library/video-library/motion-graphics/02_mg-type-trolla/hls/1080p/segment_028.ts	2384216
website/hls-library/video-library/motion-graphics/02_mg-type-trolla/hls/1080p/segment_029.ts	2633128
website/hls-library/video-library/motion-graphics/02_mg-type-trolla/hls/1080p/segment_030.ts	2175348
website/hls-library/video-library/motion-graphics/02_mg-type-trolla/hls/1080p/segment_031.ts	2700996
website/hls-library/video-library/motion-graphics/02_mg-type-trolla/hls/1080p/segment_032.ts	2069504
website/hls-library/video-library/motion-graphics/02_mg-type-trolla/hls/1080p/segment_033.ts	2773940
website/hls-library/video-library/motion-graphics/02_mg-type-trolla/hls/1080p/segment_034.ts	2099584
website/hls-library/video-library/motion-graphics/02_mg-type-trolla/hls/1080p/segment_035.ts	2624856
website/hls-library/video-library/motion-graphics/02_mg-type-trolla/hls/1080p/segment_036.ts	2414860
website/hls-library/video-library/motion-graphics/02_mg-type-trolla/hls/1080p/segment_037.ts	2395872
website/hls-library/video-library/motion-graphics/02_mg-type-trolla/hls/1080p/segment_038.ts	2599288
website/hls-library/video-library/motion-graphics/02_mg-type-trolla/hls/1080p/segment_039.ts	2183808
website/hls-library/video-library/motion-graphics/02_mg-type-trolla/hls/1080p/segment_040.ts	2691596
website/hls-library/video-library/motion-graphics/02_mg-type-trolla/hls/1080p/segment_041.ts	2076084
website/hls-library/video-library/motion-graphics/02_mg-type-trolla/hls/1080p/segment_042.ts	2776196
website/hls-library/video-library/motion-graphics/02_mg-type-trolla/hls/1080p/segment_043.ts	2100712
website/hls-library/video-library/motion-graphics/02_mg-type-trolla/hls/1080p/segment_044.ts	2642152
website/hls-library/video-library/motion-graphics/02_mg-type-trolla/hls/1080p/segment_045.ts	2370304
website/hls-library/video-library/motion-graphics/02_mg-type-trolla/hls/1080p/segment_046.ts	2456032
website/hls-library/video-library/motion-graphics/02_mg-type-trolla/hls/1080p/segment_047.ts	2614516
website/hls-library/video-library/motion-graphics/02_mg-type-trolla/hls/1080p/segment_048.ts	2182680
website/hls-library/video-library/motion-graphics/02_mg-type-trolla/hls/1080p/segment_049.ts	2678248
website/hls-library/video-library/motion-graphics/02_mg-type-trolla/hls/1080p/segment_050.ts	2075708
website/hls-library/video-library/motion-graphics/02_mg-type-trolla/hls/1080p/segment_051.ts	2765668
website/hls-library/video-library/motion-graphics/02_mg-type-trolla/hls/1080p/segment_052.ts	2078904
website/hls-library/video-library/motion-graphics/02_mg-type-trolla/hls/1080p/segment_053.ts	2655312
website/hls-library/video-library/motion-graphics/02_mg-type-trolla/hls/1080p/segment_054.ts	2369552
website/hls-library/video-library/motion-graphics/02_mg-type-trolla/hls/1080p/segment_055.ts	2441932
website/hls-library/video-library/motion-graphics/02_mg-type-trolla/hls/1080p/segment_056.ts	2578420
website/hls-library/video-library/motion-graphics/02_mg-type-trolla/hls/1080p/segment_057.ts	2198848
website/hls-library/video-library/motion-graphics/02_mg-type-trolla/hls/1080p/segment_058.ts	947896
website/hls-library/video-library/motion-graphics/02_mg-type-trolla/hls/360p/index.m3u8	2060
website/hls-library/video-library/motion-graphics/02_mg-type-trolla/hls/360p/segment_000.ts	371112
website/hls-library/video-library/motion-graphics/02_mg-type-trolla/hls/360p/segment_001.ts	463796
website/hls-library/video-library/motion-graphics/02_mg-type-trolla/hls/360p/segment_002.ts	489552
website/hls-library/video-library/motion-graphics/02_mg-type-trolla/hls/360p/segment_003.ts	416984
website/hls-library/video-library/motion-graphics/02_mg-type-trolla/hls/360p/segment_004.ts	526964
website/hls-library/video-library/motion-graphics/02_mg-type-trolla/hls/360p/segment_005.ts	388220
website/hls-library/video-library/motion-graphics/02_mg-type-trolla/hls/360p/segment_006.ts	511736
website/hls-library/video-library/motion-graphics/02_mg-type-trolla/hls/360p/segment_007.ts	424316
website/hls-library/video-library/motion-graphics/02_mg-type-trolla/hls/360p/segment_008.ts	480904
website/hls-library/video-library/motion-graphics/02_mg-type-trolla/hls/360p/segment_009.ts	478084
website/hls-library/video-library/motion-graphics/02_mg-type-trolla/hls/360p/segment_010.ts	443116
website/hls-library/video-library/motion-graphics/02_mg-type-trolla/hls/360p/segment_011.ts	491244
website/hls-library/video-library/motion-graphics/02_mg-type-trolla/hls/360p/segment_012.ts	409088
website/hls-library/video-library/motion-graphics/02_mg-type-trolla/hls/360p/segment_013.ts	521136
website/hls-library/video-library/motion-graphics/02_mg-type-trolla/hls/360p/segment_014.ts	387844
website/hls-library/video-library/motion-graphics/02_mg-type-trolla/hls/360p/segment_015.ts	519632
website/hls-library/video-library/motion-graphics/02_mg-type-trolla/hls/360p/segment_016.ts	412660
website/hls-library/video-library/motion-graphics/02_mg-type-trolla/hls/360p/segment_017.ts	478272
website/hls-library/video-library/motion-graphics/02_mg-type-trolla/hls/360p/segment_018.ts	477896
website/hls-library/video-library/motion-graphics/02_mg-type-trolla/hls/360p/segment_019.ts	448380
website/hls-library/video-library/motion-graphics/02_mg-type-trolla/hls/360p/segment_020.ts	491620
website/hls-library/video-library/motion-graphics/02_mg-type-trolla/hls/360p/segment_021.ts	415480
website/hls-library/video-library/motion-graphics/02_mg-type-trolla/hls/360p/segment_022.ts	513992
website/hls-library/video-library/motion-graphics/02_mg-type-trolla/hls/360p/segment_023.ts	388220
website/hls-library/video-library/motion-graphics/02_mg-type-trolla/hls/360p/segment_024.ts	524332
website/hls-library/video-library/motion-graphics/02_mg-type-trolla/hls/360p/segment_025.ts	400816
website/hls-library/video-library/motion-graphics/02_mg-type-trolla/hls/360p/segment_026.ts	476768
website/hls-library/video-library/motion-graphics/02_mg-type-trolla/hls/360p/segment_027.ts	474324
website/hls-library/video-library/motion-graphics/02_mg-type-trolla/hls/360p/segment_028.ts	450260
website/hls-library/video-library/motion-graphics/02_mg-type-trolla/hls/360p/segment_029.ts	486544
website/hls-library/video-library/motion-graphics/02_mg-type-trolla/hls/360p/segment_030.ts	412848
website/hls-library/video-library/motion-graphics/02_mg-type-trolla/hls/360p/segment_031.ts	510796
website/hls-library/video-library/motion-graphics/02_mg-type-trolla/hls/360p/segment_032.ts	389160
website/hls-library/video-library/motion-graphics/02_mg-type-trolla/hls/360p/segment_033.ts	526212
website/hls-library/video-library/motion-graphics/02_mg-type-trolla/hls/360p/segment_034.ts	398560
website/hls-library/video-library/motion-graphics/02_mg-type-trolla/hls/360p/segment_035.ts	477896
website/hls-library/video-library/motion-graphics/02_mg-type-trolla/hls/360p/segment_036.ts	474512
website/hls-library/video-library/motion-graphics/02_mg-type-trolla/hls/360p/segment_037.ts	455148
website/hls-library/video-library/motion-graphics/02_mg-type-trolla/hls/360p/segment_038.ts	485228
website/hls-library/video-library/motion-graphics/02_mg-type-trolla/hls/360p/segment_039.ts	419992
website/hls-library/video-library/motion-graphics/02_mg-type-trolla/hls/360p/segment_040.ts	509480
website/hls-library/video-library/motion-graphics/02_mg-type-trolla/hls/360p/segment_041.ts	386716
website/hls-library/video-library/motion-graphics/02_mg-type-trolla/hls/360p/segment_042.ts	525460
website/hls-library/video-library/motion-graphics/02_mg-type-trolla/hls/360p/segment_043.ts	395176
website/hls-library/video-library/motion-graphics/02_mg-type-trolla/hls/360p/segment_044.ts	477520
website/hls-library/video-library/motion-graphics/02_mg-type-trolla/hls/360p/segment_045.ts	468308
website/hls-library/video-library/motion-graphics/02_mg-type-trolla/hls/360p/segment_046.ts	457592
website/hls-library/video-library/motion-graphics/02_mg-type-trolla/hls/360p/segment_047.ts	477332
website/hls-library/video-library/motion-graphics/02_mg-type-trolla/hls/360p/segment_048.ts	429580
website/hls-library/video-library/motion-graphics/02_mg-type-trolla/hls/360p/segment_049.ts	503088
website/hls-library/video-library/motion-graphics/02_mg-type-trolla/hls/360p/segment_050.ts	391228
website/hls-library/video-library/motion-graphics/02_mg-type-trolla/hls/360p/segment_051.ts	529972
website/hls-library/video-library/motion-graphics/02_mg-type-trolla/hls/360p/segment_052.ts	397620
website/hls-library/video-library/motion-graphics/02_mg-type-trolla/hls/360p/segment_053.ts	480716
website/hls-library/video-library/motion-graphics/02_mg-type-trolla/hls/360p/segment_054.ts	466052
website/hls-library/video-library/motion-graphics/02_mg-type-trolla/hls/360p/segment_055.ts	462856
website/hls-library/video-library/motion-graphics/02_mg-type-trolla/hls/360p/segment_056.ts	476392
website/hls-library/video-library/motion-graphics/02_mg-type-trolla/hls/360p/segment_057.ts	434468
website/hls-library/video-library/motion-graphics/02_mg-type-trolla/hls/360p/segment_058.ts	169200
website/hls-library/video-library/motion-graphics/02_mg-type-trolla/hls/480p/index.m3u8	2060
website/hls-library/video-library/motion-graphics/02_mg-type-trolla/hls/480p/segment_000.ts	647660
website/hls-library/video-library/motion-graphics/02_mg-type-trolla/hls/480p/segment_001.ts	859536
website/hls-library/video-library/motion-graphics/02_mg-type-trolla/hls/480p/segment_002.ts	898452
website/hls-library/video-library/motion-graphics/02_mg-type-trolla/hls/480p/segment_003.ts	744292
website/hls-library/video-library/motion-graphics/02_mg-type-trolla/hls/480p/segment_004.ts	961620
website/hls-library/video-library/motion-graphics/02_mg-type-trolla/hls/480p/segment_005.ts	690900
website/hls-library/video-library/motion-graphics/02_mg-type-trolla/hls/480p/segment_006.ts	966884
website/hls-library/video-library/motion-graphics/02_mg-type-trolla/hls/480p/segment_007.ts	752564
website/hls-library/video-library/motion-graphics/02_mg-type-trolla/hls/480p/segment_008.ts	880028
website/hls-library/video-library/motion-graphics/02_mg-type-trolla/hls/480p/segment_009.ts	853520
website/hls-library/video-library/motion-graphics/02_mg-type-trolla/hls/480p/segment_010.ts	804640
website/hls-library/video-library/motion-graphics/02_mg-type-trolla/hls/480p/segment_011.ts	901836
website/hls-library/video-library/motion-graphics/02_mg-type-trolla/hls/480p/segment_012.ts	730944
website/hls-library/video-library/motion-graphics/02_mg-type-trolla/hls/480p/segment_013.ts	947144
website/hls-library/video-library/motion-graphics/02_mg-type-trolla/hls/480p/segment_014.ts	690336
website/hls-library/video-library/motion-graphics/02_mg-type-trolla/hls/480p/segment_015.ts	962560
website/hls-library/video-library/motion-graphics/02_mg-type-trolla/hls/480p/segment_016.ts	740156
website/hls-library/video-library/motion-graphics/02_mg-type-trolla/hls/480p/segment_017.ts	879652
website/hls-library/video-library/motion-graphics/02_mg-type-trolla/hls/480p/segment_018.ts	849196
website/hls-library/video-library/motion-graphics/02_mg-type-trolla/hls/480p/segment_019.ts	812912
website/hls-library/video-library/motion-graphics/02_mg-type-trolla/hls/480p/segment_020.ts	893376
website/hls-library/video-library/motion-graphics/02_mg-type-trolla/hls/480p/segment_021.ts	727560
website/hls-library/video-library/motion-graphics/02_mg-type-trolla/hls/480p/segment_022.ts	940376
website/hls-library/video-library/motion-graphics/02_mg-type-trolla/hls/480p/segment_023.ts	695600
website/hls-library/video-library/motion-graphics/02_mg-type-trolla/hls/480p/segment_024.ts	962372
website/hls-library/video-library/motion-graphics/02_mg-type-trolla/hls/480p/segment_025.ts	731320
website/hls-library/video-library/motion-graphics/02_mg-type-trolla/hls/480p/segment_026.ts	878148
website/hls-library/video-library/motion-graphics/02_mg-type-trolla/hls/480p/segment_027.ts	847692
website/hls-library/video-library/motion-graphics/02_mg-type-trolla/hls/480p/segment_028.ts	815732
website/hls-library/video-library/motion-graphics/02_mg-type-trolla/hls/480p/segment_029.ts	888112
website/hls-library/video-library/motion-graphics/02_mg-type-trolla/hls/480p/segment_030.ts	734704
website/hls-library/video-library/motion-graphics/02_mg-type-trolla/hls/480p/segment_031.ts	934924
website/hls-library/video-library/motion-graphics/02_mg-type-trolla/hls/480p/segment_032.ts	693156
website/hls-library/video-library/motion-graphics/02_mg-type-trolla/hls/480p/segment_033.ts	962748
website/hls-library/video-library/motion-graphics/02_mg-type-trolla/hls/480p/segment_034.ts	727936
website/hls-library/video-library/motion-graphics/02_mg-type-trolla/hls/480p/segment_035.ts	888676
website/hls-library/video-library/motion-graphics/02_mg-type-trolla/hls/480p/segment_036.ts	843744
website/hls-library/video-library/motion-graphics/02_mg-type-trolla/hls/480p/segment_037.ts	821936
website/hls-library/video-library/motion-graphics/02_mg-type-trolla/hls/480p/segment_038.ts	889240
website/hls-library/video-library/motion-graphics/02_mg-type-trolla/hls/480p/segment_039.ts	739968
website/hls-library/video-library/motion-graphics/02_mg-type-trolla/hls/480p/segment_040.ts	927216
website/hls-library/video-library/motion-graphics/02_mg-type-trolla/hls/480p/segment_041.ts	697480
website/hls-library/video-library/motion-graphics/02_mg-type-trolla/hls/480p/segment_042.ts	963124
website/hls-library/video-library/motion-graphics/02_mg-type-trolla/hls/480p/segment_043.ts	718348
website/hls-library/video-library/motion-graphics/02_mg-type-trolla/hls/480p/segment_044.ts	893752
website/hls-library/video-library/motion-graphics/02_mg-type-trolla/hls/480p/segment_045.ts	841676
website/hls-library/video-library/motion-graphics/02_mg-type-trolla/hls/480p/segment_046.ts	820244
website/hls-library/video-library/motion-graphics/02_mg-type-trolla/hls/480p/segment_047.ts	879464
website/hls-library/video-library/motion-graphics/02_mg-type-trolla/hls/480p/segment_048.ts	752940
website/hls-library/video-library/motion-graphics/02_mg-type-trolla/hls/480p/segment_049.ts	915372
website/hls-library/video-library/motion-graphics/02_mg-type-trolla/hls/480p/segment_050.ts	700676
website/hls-library/video-library/motion-graphics/02_mg-type-trolla/hls/480p/segment_051.ts	962748
website/hls-library/video-library/motion-graphics/02_mg-type-trolla/hls/480p/segment_052.ts	709136
website/hls-library/video-library/motion-graphics/02_mg-type-trolla/hls/480p/segment_053.ts	902212
website/hls-library/video-library/motion-graphics/02_mg-type-trolla/hls/480p/segment_054.ts	832652
website/hls-library/video-library/motion-graphics/02_mg-type-trolla/hls/480p/segment_055.ts	839984
website/hls-library/video-library/motion-graphics/02_mg-type-trolla/hls/480p/segment_056.ts	881532
website/hls-library/video-library/motion-graphics/02_mg-type-trolla/hls/480p/segment_057.ts	752564
website/hls-library/video-library/motion-graphics/02_mg-type-trolla/hls/480p/segment_058.ts	320164
website/hls-library/video-library/motion-graphics/02_mg-type-trolla/hls/720p/index.m3u8	2060
website/hls-library/video-library/motion-graphics/02_mg-type-trolla/hls/720p/segment_000.ts	1106756
website/hls-library/video-library/motion-graphics/02_mg-type-trolla/hls/720p/segment_001.ts	1446096
website/hls-library/video-library/motion-graphics/02_mg-type-trolla/hls/720p/segment_002.ts	1455308
website/hls-library/video-library/motion-graphics/02_mg-type-trolla/hls/720p/segment_003.ts	1236852
website/hls-library/video-library/motion-graphics/02_mg-type-trolla/hls/720p/segment_004.ts	1540848
website/hls-library/video-library/motion-graphics/02_mg-type-trolla/hls/720p/segment_005.ts	1154696
website/hls-library/video-library/motion-graphics/02_mg-type-trolla/hls/720p/segment_006.ts	1556264
website/hls-library/video-library/motion-graphics/02_mg-type-trolla/hls/720p/segment_007.ts	1229896
website/hls-library/video-library/motion-graphics/02_mg-type-trolla/hls/720p/segment_008.ts	1461136
website/hls-library/video-library/motion-graphics/02_mg-type-trolla/hls/720p/segment_009.ts	1383116
website/hls-library/video-library/motion-graphics/02_mg-type-trolla/hls/720p/segment_010.ts	1335552
website/hls-library/video-library/motion-graphics/02_mg-type-trolla/hls/720p/segment_011.ts	1471100
website/hls-library/video-library/motion-graphics/02_mg-type-trolla/hls/720p/segment_012.ts	1213352
website/hls-library/video-library/motion-graphics/02_mg-type-trolla/hls/720p/segment_013.ts	1512836
website/hls-library/video-library/motion-graphics/02_mg-type-trolla/hls/720p/segment_014.ts	1157516
website/hls-library/video-library/motion-graphics/02_mg-type-trolla/hls/720p/segment_015.ts	1556640
website/hls-library/video-library/motion-graphics/02_mg-type-trolla/hls/720p/segment_016.ts	1204328
website/hls-library/video-library/motion-graphics/02_mg-type-trolla/hls/720p/segment_017.ts	1468656
website/hls-library/video-library/motion-graphics/02_mg-type-trolla/hls/720p/segment_018.ts	1397216
website/hls-library/video-library/motion-graphics/02_mg-type-trolla/hls/720p/segment_019.ts	1322392
website/hls-library/video-library/motion-graphics/02_mg-type-trolla/hls/720p/segment_020.ts	1475048
website/hls-library/video-library/motion-graphics/02_mg-type-trolla/hls/720p/segment_021.ts	1221248
website/hls-library/video-library/motion-graphics/02_mg-type-trolla/hls/720p/segment_022.ts	1513024
website/hls-library/video-library/motion-graphics/02_mg-type-trolla/hls/720p/segment_023.ts	1161276
website/hls-library/video-library/motion-graphics/02_mg-type-trolla/hls/720p/segment_024.ts	1548556
website/hls-library/video-library/motion-graphics/02_mg-type-trolla/hls/720p/segment_025.ts	1192296
website/hls-library/video-library/motion-graphics/02_mg-type-trolla/hls/720p/segment_026.ts	1464520
website/hls-library/video-library/motion-graphics/02_mg-type-trolla/hls/720p/segment_027.ts	1373528
website/hls-library/video-library/motion-graphics/02_mg-type-trolla/hls/720p/segment_028.ts	1341004
website/hls-library/video-library/motion-graphics/02_mg-type-trolla/hls/720p/segment_029.ts	1479372
website/hls-library/video-library/motion-graphics/02_mg-type-trolla/hls/720p/segment_030.ts	1209780
website/hls-library/video-library/motion-graphics/02_mg-type-trolla/hls/720p/segment_031.ts	1505692
website/hls-library/video-library/motion-graphics/02_mg-type-trolla/hls/720p/segment_032.ts	1173120
website/hls-library/video-library/motion-graphics/02_mg-type-trolla/hls/720p/segment_033.ts	1552504
website/hls-library/video-library/motion-graphics/02_mg-type-trolla/hls/720p/segment_034.ts	1185340
website/hls-library/video-library/motion-graphics/02_mg-type-trolla/hls/720p/segment_035.ts	1469220
website/hls-library/video-library/motion-graphics/02_mg-type-trolla/hls/720p/segment_036.ts	1370520
website/hls-library/video-library/motion-graphics/02_mg-type-trolla/hls/720p/segment_037.ts	1344200
website/hls-library/video-library/motion-graphics/02_mg-type-trolla/hls/720p/segment_038.ts	1466212
website/hls-library/video-library/motion-graphics/02_mg-type-trolla/hls/720p/segment_039.ts	1224820
website/hls-library/video-library/motion-graphics/02_mg-type-trolla/hls/720p/segment_040.ts	1505880
website/hls-library/video-library/motion-graphics/02_mg-type-trolla/hls/720p/segment_041.ts	1166728
website/hls-library/video-library/motion-graphics/02_mg-type-trolla/hls/720p/segment_042.ts	1544420
website/hls-library/video-library/motion-graphics/02_mg-type-trolla/hls/720p/segment_043.ts	1165036
website/hls-library/video-library/motion-graphics/02_mg-type-trolla/hls/720p/segment_044.ts	1481064
website/hls-library/video-library/motion-graphics/02_mg-type-trolla/hls/720p/segment_045.ts	1346832
website/hls-library/video-library/motion-graphics/02_mg-type-trolla/hls/720p/segment_046.ts	1372964
website/hls-library/video-library/motion-graphics/02_mg-type-trolla/hls/720p/segment_047.ts	1464708
website/hls-library/video-library/motion-graphics/02_mg-type-trolla/hls/720p/segment_048.ts	1223504
website/hls-library/video-library/motion-graphics/02_mg-type-trolla/hls/720p/segment_049.ts	1496668
website/hls-library/video-library/motion-graphics/02_mg-type-trolla/hls/720p/segment_050.ts	1181204
website/hls-library/video-library/motion-graphics/02_mg-type-trolla/hls/720p/segment_051.ts	1548932
website/hls-library/video-library/motion-graphics/02_mg-type-trolla/hls/720p/segment_052.ts	1178572
website/hls-library/video-library/motion-graphics/02_mg-type-trolla/hls/720p/segment_053.ts	1485200
website/hls-library/video-library/motion-graphics/02_mg-type-trolla/hls/720p/segment_054.ts	1342320
website/hls-library/video-library/motion-graphics/02_mg-type-trolla/hls/720p/segment_055.ts	1370144
website/hls-library/video-library/motion-graphics/02_mg-type-trolla/hls/720p/segment_056.ts	1456812
website/hls-library/video-library/motion-graphics/02_mg-type-trolla/hls/720p/segment_057.ts	1240424
website/hls-library/video-library/motion-graphics/02_mg-type-trolla/hls/720p/segment_058.ts	523580
website/hls-library/video-library/motion-graphics/02_mg-type-trolla/hls/master.m3u8	504
website/hls-library/video-library/motion-graphics/02_mg-type-trolla/trollatunga-still-narrow.jpg	480563
website/hls-library/video-library/motion-graphics/02_mg-type-trolla/trollatunga-still-wide.jpg	514799
website/hls-library/video-library/motion-graphics/02_mg-type-trolla/video_trollatunga-master_1920.mp4	28511352
website/hls-library/video-library/motion-graphics/03_mg-dust/.DS_Store	6148
website/hls-library/video-library/motion-graphics/03_mg-dust/dust_motion-02.mp4	22712161
website/hls-library/video-library/motion-graphics/03_mg-dust/dust_still.png	190284
website/hls-library/video-library/motion-graphics/03_mg-dust/hls/.DS_Store	6148
website/hls-library/video-library/motion-graphics/03_mg-dust/hls/1080p/index.m3u8	608
website/hls-library/video-library/motion-graphics/03_mg-dust/hls/1080p/segment_000.ts	2669224
website/hls-library/video-library/motion-graphics/03_mg-dust/hls/1080p/segment_001.ts	2734272
website/hls-library/video-library/motion-graphics/03_mg-dust/hls/1080p/segment_002.ts	2766608
website/hls-library/video-library/motion-graphics/03_mg-dust/hls/1080p/segment_003.ts	3319704
website/hls-library/video-library/motion-graphics/03_mg-dust/hls/1080p/segment_004.ts	643712
website/hls-library/video-library/motion-graphics/03_mg-dust/hls/1080p/segment_005.ts	3777484
website/hls-library/video-library/motion-graphics/03_mg-dust/hls/1080p/segment_006.ts	2924716
website/hls-library/video-library/motion-graphics/03_mg-dust/hls/1080p/segment_007.ts	2911368
website/hls-library/video-library/motion-graphics/03_mg-dust/hls/1080p/segment_008.ts	1177256
website/hls-library/video-library/motion-graphics/03_mg-dust/hls/1080p/segment_009.ts	1648384
website/hls-library/video-library/motion-graphics/03_mg-dust/hls/1080p/segment_010.ts	2748372
website/hls-library/video-library/motion-graphics/03_mg-dust/hls/1080p/segment_011.ts	2836732
website/hls-library/video-library/motion-graphics/03_mg-dust/hls/1080p/segment_012.ts	2740852
website/hls-library/video-library/motion-graphics/03_mg-dust/hls/1080p/segment_013.ts	1563596
website/hls-library/video-library/motion-graphics/03_mg-dust/hls/1080p/segment_014.ts	375624
website/hls-library/video-library/motion-graphics/03_mg-dust/hls/360p/index.m3u8	608
website/hls-library/video-library/motion-graphics/03_mg-dust/hls/360p/segment_000.ts	460412
website/hls-library/video-library/motion-graphics/03_mg-dust/hls/360p/segment_001.ts	553284
website/hls-library/video-library/motion-graphics/03_mg-dust/hls/360p/segment_002.ts	410968
website/hls-library/video-library/motion-graphics/03_mg-dust/hls/360p/segment_003.ts	459284
website/hls-library/video-library/motion-graphics/03_mg-dust/hls/360p/segment_004.ts	318848
website/hls-library/video-library/motion-graphics/03_mg-dust/hls/360p/segment_005.ts	773996
website/hls-library/video-library/motion-graphics/03_mg-dust/hls/360p/segment_006.ts	385964
website/hls-library/video-library/motion-graphics/03_mg-dust/hls/360p/segment_007.ts	471316
website/hls-library/video-library/motion-graphics/03_mg-dust/hls/360p/segment_008.ts	239512
website/hls-library/video-library/motion-graphics/03_mg-dust/hls/360p/segment_009.ts	374308
website/hls-library/video-library/motion-graphics/03_mg-dust/hls/360p/segment_010.ts	552156
website/hls-library/video-library/motion-graphics/03_mg-dust/hls/360p/segment_011.ts	541252
website/hls-library/video-library/motion-graphics/03_mg-dust/hls/360p/segment_012.ts	499704
website/hls-library/video-library/motion-graphics/03_mg-dust/hls/360p/segment_013.ts	347800
website/hls-library/video-library/motion-graphics/03_mg-dust/hls/360p/segment_014.ts	45872
website/hls-library/video-library/motion-graphics/03_mg-dust/hls/480p/index.m3u8	608
website/hls-library/video-library/motion-graphics/03_mg-dust/hls/480p/segment_000.ts	837728
website/hls-library/video-library/motion-graphics/03_mg-dust/hls/480p/segment_001.ts	1555324
website/hls-library/video-library/motion-graphics/03_mg-dust/hls/480p/segment_002.ts	835848
website/hls-library/video-library/motion-graphics/03_mg-dust/hls/480p/segment_003.ts	570580
website/hls-library/video-library/motion-graphics/03_mg-dust/hls/480p/segment_004.ts	601600
website/hls-library/video-library/motion-graphics/03_mg-dust/hls/480p/segment_005.ts	935864
website/hls-library/video-library/motion-graphics/03_mg-dust/hls/480p/segment_006.ts	1006740
website/hls-library/video-library/motion-graphics/03_mg-dust/hls/480p/segment_007.ts	726996
website/hls-library/video-library/motion-graphics/03_mg-dust/hls/480p/segment_008.ts	403636
website/hls-library/video-library/motion-graphics/03_mg-dust/hls/480p/segment_009.ts	596900
website/hls-library/video-library/motion-graphics/03_mg-dust/hls/480p/segment_010.ts	1017832
website/hls-library/video-library/motion-graphics/03_mg-dust/hls/480p/segment_011.ts	994144
website/hls-library/video-library/motion-graphics/03_mg-dust/hls/480p/segment_012.ts	1278964
website/hls-library/video-library/motion-graphics/03_mg-dust/hls/480p/segment_013.ts	366224
website/hls-library/video-library/motion-graphics/03_mg-dust/hls/480p/segment_014.ts	9776
website/hls-library/video-library/motion-graphics/03_mg-dust/hls/720p/index.m3u8	608
website/hls-library/video-library/motion-graphics/03_mg-dust/hls/720p/segment_000.ts	1368076
website/hls-library/video-library/motion-graphics/03_mg-dust/hls/720p/segment_001.ts	1780736
website/hls-library/video-library/motion-graphics/03_mg-dust/hls/720p/segment_002.ts	1230648
website/hls-library/video-library/motion-graphics/03_mg-dust/hls/720p/segment_003.ts	1928128
website/hls-library/video-library/motion-graphics/03_mg-dust/hls/720p/segment_004.ts	946392
website/hls-library/video-library/motion-graphics/03_mg-dust/hls/720p/segment_005.ts	1722644
website/hls-library/video-library/motion-graphics/03_mg-dust/hls/720p/segment_006.ts	1519040
website/hls-library/video-library/motion-graphics/03_mg-dust/hls/720p/segment_007.ts	1236100
website/hls-library/video-library/motion-graphics/03_mg-dust/hls/720p/segment_008.ts	1117660
website/hls-library/video-library/motion-graphics/03_mg-dust/hls/720p/segment_009.ts	676048
website/hls-library/video-library/motion-graphics/03_mg-dust/hls/720p/segment_010.ts	1437636
website/hls-library/video-library/motion-graphics/03_mg-dust/hls/720p/segment_011.ts	2118760
website/hls-library/video-library/motion-graphics/03_mg-dust/hls/720p/segment_012.ts	1129504
website/hls-library/video-library/motion-graphics/03_mg-dust/hls/720p/segment_013.ts	896384
website/hls-library/video-library/motion-graphics/03_mg-dust/hls/720p/segment_014.ts	208868
website/hls-library/video-library/motion-graphics/03_mg-dust/hls/master.m3u8	504
website/hls-library/video-library/motion-graphics/04_mg-sanid/.DS_Store	6148
website/hls-library/video-library/motion-graphics/04_mg-sanid/hls/.DS_Store	6148
website/hls-library/video-library/motion-graphics/04_mg-sanid/hls/1080p/index.m3u8	1037
website/hls-library/video-library/motion-graphics/04_mg-sanid/hls/1080p/segment_000.ts	4427212
website/hls-library/video-library/motion-graphics/04_mg-sanid/hls/1080p/segment_001.ts	1593488
website/hls-library/video-library/motion-graphics/04_mg-sanid/hls/1080p/segment_002.ts	3061580
website/hls-library/video-library/motion-graphics/04_mg-sanid/hls/1080p/segment_003.ts	2744800
website/hls-library/video-library/motion-graphics/04_mg-sanid/hls/1080p/segment_004.ts	4179804
website/hls-library/video-library/motion-graphics/04_mg-sanid/hls/1080p/segment_005.ts	2986944
website/hls-library/video-library/motion-graphics/04_mg-sanid/hls/1080p/segment_006.ts	2746868
website/hls-library/video-library/motion-graphics/04_mg-sanid/hls/1080p/segment_007.ts	4148596
website/hls-library/video-library/motion-graphics/04_mg-sanid/hls/1080p/segment_008.ts	1631840
website/hls-library/video-library/motion-graphics/04_mg-sanid/hls/1080p/segment_009.ts	3071732
website/hls-library/video-library/motion-graphics/04_mg-sanid/hls/1080p/segment_010.ts	2789168
website/hls-library/video-library/motion-graphics/04_mg-sanid/hls/1080p/segment_011.ts	4150852
website/hls-library/video-library/motion-graphics/04_mg-sanid/hls/1080p/segment_012.ts	3020596
website/hls-library/video-library/motion-graphics/04_mg-sanid/hls/1080p/segment_013.ts	2767924
website/hls-library/video-library/motion-graphics/04_mg-sanid/hls/1080p/segment_014.ts	4149160
website/hls-library/video-library/motion-graphics/04_mg-sanid/hls/1080p/segment_015.ts	1633532
website/hls-library/video-library/motion-graphics/04_mg-sanid/hls/1080p/segment_016.ts	3061768
website/hls-library/video-library/motion-graphics/04_mg-sanid/hls/1080p/segment_017.ts	2790296
website/hls-library/video-library/motion-graphics/04_mg-sanid/hls/1080p/segment_018.ts	4148220
website/hls-library/video-library/motion-graphics/04_mg-sanid/hls/1080p/segment_019.ts	3026988
website/hls-library/video-library/motion-graphics/04_mg-sanid/hls/1080p/segment_020.ts	2777888
website/hls-library/video-library/motion-graphics/04_mg-sanid/hls/1080p/segment_021.ts	4144084
website/hls-library/video-library/motion-graphics/04_mg-sanid/hls/1080p/segment_022.ts	1637668
website/hls-library/video-library/motion-graphics/04_mg-sanid/hls/1080p/segment_023.ts	3055000
website/hls-library/video-library/motion-graphics/04_mg-sanid/hls/1080p/segment_024.ts	2798004
website/hls-library/video-library/motion-graphics/04_mg-sanid/hls/1080p/segment_025.ts	4141452
website/hls-library/video-library/motion-graphics/04_mg-sanid/hls/1080p/segment_026.ts	3033944
website/hls-library/video-library/motion-graphics/04_mg-sanid/hls/1080p/segment_027.ts	2779580
website/hls-library/video-library/motion-graphics/04_mg-sanid/hls/360p/index.m3u8	1037
website/hls-library/video-library/motion-graphics/04_mg-sanid/hls/360p/segment_000.ts	769672
website/hls-library/video-library/motion-graphics/04_mg-sanid/hls/360p/segment_001.ts	292716
website/hls-library/video-library/motion-graphics/04_mg-sanid/hls/360p/segment_002.ts	584304
website/hls-library/video-library/motion-graphics/04_mg-sanid/hls/360p/segment_003.ts	492560
website/hls-library/video-library/motion-graphics/04_mg-sanid/hls/360p/segment_004.ts	768544
website/hls-library/video-library/motion-graphics/04_mg-sanid/hls/360p/segment_005.ts	566820
website/hls-library/video-library/motion-graphics/04_mg-sanid/hls/360p/segment_006.ts	492184
website/hls-library/video-library/motion-graphics/04_mg-sanid/hls/360p/segment_007.ts	761964
website/hls-library/video-library/motion-graphics/04_mg-sanid/hls/360p/segment_008.ts	294408
website/hls-library/video-library/motion-graphics/04_mg-sanid/hls/360p/segment_009.ts	582800
website/hls-library/video-library/motion-graphics/04_mg-sanid/hls/360p/segment_010.ts	497448
website/hls-library/video-library/motion-graphics/04_mg-sanid/hls/360p/segment_011.ts	756512
website/hls-library/video-library/motion-graphics/04_mg-sanid/hls/360p/segment_012.ts	574340
website/hls-library/video-library/motion-graphics/04_mg-sanid/hls/360p/segment_013.ts	495756
website/hls-library/video-library/motion-graphics/04_mg-sanid/hls/360p/segment_014.ts	757640
website/hls-library/video-library/motion-graphics/04_mg-sanid/hls/360p/segment_015.ts	294032
website/hls-library/video-library/motion-graphics/04_mg-sanid/hls/360p/segment_016.ts	584492
website/hls-library/video-library/motion-graphics/04_mg-sanid/hls/360p/segment_017.ts	500268
website/hls-library/video-library/motion-graphics/04_mg-sanid/hls/360p/segment_018.ts	751060
website/hls-library/video-library/motion-graphics/04_mg-sanid/hls/360p/segment_019.ts	576972
website/hls-library/video-library/motion-graphics/04_mg-sanid/hls/360p/segment_020.ts	496696
website/hls-library/video-library/motion-graphics/04_mg-sanid/hls/360p/segment_021.ts	757828
website/hls-library/video-library/motion-graphics/04_mg-sanid/hls/360p/segment_022.ts	293092
website/hls-library/video-library/motion-graphics/04_mg-sanid/hls/360p/segment_023.ts	583176
website/hls-library/video-library/motion-graphics/04_mg-sanid/hls/360p/segment_024.ts	501584
website/hls-library/video-library/motion-graphics/04_mg-sanid/hls/360p/segment_025.ts	749556
website/hls-library/video-library/motion-graphics/04_mg-sanid/hls/360p/segment_026.ts	577160
website/hls-library/video-library/motion-graphics/04_mg-sanid/hls/360p/segment_027.ts	498576
website/hls-library/video-library/motion-graphics/04_mg-sanid/hls/480p/index.m3u8	1037
website/hls-library/video-library/motion-graphics/04_mg-sanid/hls/480p/segment_000.ts	1440268
website/hls-library/video-library/motion-graphics/04_mg-sanid/hls/480p/segment_001.ts	553284
website/hls-library/video-library/motion-graphics/04_mg-sanid/hls/480p/segment_002.ts	1034564
website/hls-library/video-library/motion-graphics/04_mg-sanid/hls/480p/segment_003.ts	924396
website/hls-library/video-library/motion-graphics/04_mg-sanid/hls/480p/segment_004.ts	1412068
website/hls-library/video-library/motion-graphics/04_mg-sanid/hls/480p/segment_005.ts	1020840
website/hls-library/video-library/motion-graphics/04_mg-sanid/hls/480p/segment_006.ts	927216
website/hls-library/video-library/motion-graphics/04_mg-sanid/hls/480p/segment_007.ts	1415264
website/hls-library/video-library/motion-graphics/04_mg-sanid/hls/480p/segment_008.ts	558924
website/hls-library/video-library/motion-graphics/04_mg-sanid/hls/480p/segment_009.ts	1033624
website/hls-library/video-library/motion-graphics/04_mg-sanid/hls/480p/segment_010.ts	936616
website/hls-library/video-library/motion-graphics/04_mg-sanid/hls/480p/segment_011.ts	1389132
website/hls-library/video-library/motion-graphics/04_mg-sanid/hls/480p/segment_012.ts	1029112
website/hls-library/video-library/motion-graphics/04_mg-sanid/hls/480p/segment_013.ts	934736
website/hls-library/video-library/motion-graphics/04_mg-sanid/hls/480p/segment_014.ts	1411504
website/hls-library/video-library/motion-graphics/04_mg-sanid/hls/480p/segment_015.ts	562496
website/hls-library/video-library/motion-graphics/04_mg-sanid/hls/480p/segment_016.ts	1037760
website/hls-library/video-library/motion-graphics/04_mg-sanid/hls/480p/segment_017.ts	931540
website/hls-library/video-library/motion-graphics/04_mg-sanid/hls/480p/segment_018.ts	1381800
website/hls-library/video-library/motion-graphics/04_mg-sanid/hls/480p/segment_019.ts	1034376
website/hls-library/video-library/motion-graphics/04_mg-sanid/hls/480p/segment_020.ts	934736
website/hls-library/video-library/motion-graphics/04_mg-sanid/hls/480p/segment_021.ts	1410376
website/hls-library/video-library/motion-graphics/04_mg-sanid/hls/480p/segment_022.ts	563248
website/hls-library/video-library/motion-graphics/04_mg-sanid/hls/480p/segment_023.ts	1034940
website/hls-library/video-library/motion-graphics/04_mg-sanid/hls/480p/segment_024.ts	937932
website/hls-library/video-library/motion-graphics/04_mg-sanid/hls/480p/segment_025.ts	1376912
website/hls-library/video-library/motion-graphics/04_mg-sanid/hls/480p/segment_026.ts	1034564
website/hls-library/video-library/motion-graphics/04_mg-sanid/hls/480p/segment_027.ts	938308
website/hls-library/video-library/motion-graphics/04_mg-sanid/hls/720p/index.m3u8	1037
website/hls-library/video-library/motion-graphics/04_mg-sanid/hls/720p/segment_000.ts	2432908
website/hls-library/video-library/motion-graphics/04_mg-sanid/hls/720p/segment_001.ts	916124
website/hls-library/video-library/motion-graphics/04_mg-sanid/hls/720p/segment_002.ts	1706100
website/hls-library/video-library/motion-graphics/04_mg-sanid/hls/720p/segment_003.ts	1519604
website/hls-library/video-library/motion-graphics/04_mg-sanid/hls/720p/segment_004.ts	2342856
website/hls-library/video-library/motion-graphics/04_mg-sanid/hls/720p/segment_005.ts	1679968
website/hls-library/video-library/motion-graphics/04_mg-sanid/hls/720p/segment_006.ts	1522048
website/hls-library/video-library/motion-graphics/04_mg-sanid/hls/720p/segment_007.ts	2320484
website/hls-library/video-library/motion-graphics/04_mg-sanid/hls/720p/segment_008.ts	938496
website/hls-library/video-library/motion-graphics/04_mg-sanid/hls/720p/segment_009.ts	1708920
website/hls-library/video-library/motion-graphics/04_mg-sanid/hls/720p/segment_010.ts	1537652
website/hls-library/video-library/motion-graphics/04_mg-sanid/hls/720p/segment_011.ts	2318228
website/hls-library/video-library/motion-graphics/04_mg-sanid/hls/720p/segment_012.ts	1698580
website/hls-library/video-library/motion-graphics/04_mg-sanid/hls/720p/segment_013.ts	1534456
website/hls-library/video-library/motion-graphics/04_mg-sanid/hls/720p/segment_014.ts	2321048
website/hls-library/video-library/motion-graphics/04_mg-sanid/hls/720p/segment_015.ts	938308
website/hls-library/video-library/motion-graphics/04_mg-sanid/hls/720p/segment_016.ts	1712492
website/hls-library/video-library/motion-graphics/04_mg-sanid/hls/720p/segment_017.ts	1542728
website/hls-library/video-library/motion-graphics/04_mg-sanid/hls/720p/segment_018.ts	2305256
website/hls-library/video-library/motion-graphics/04_mg-sanid/hls/720p/segment_019.ts	1700836
website/hls-library/video-library/motion-graphics/04_mg-sanid/hls/720p/segment_020.ts	1541788
website/hls-library/video-library/motion-graphics/04_mg-sanid/hls/720p/segment_021.ts	2317100
website/hls-library/video-library/motion-graphics/04_mg-sanid/hls/720p/segment_022.ts	942820
website/hls-library/video-library/motion-graphics/04_mg-sanid/hls/720p/segment_023.ts	1703468
website/hls-library/video-library/motion-graphics/04_mg-sanid/hls/720p/segment_024.ts	1547428
website/hls-library/video-library/motion-graphics/04_mg-sanid/hls/720p/segment_025.ts	2298864
website/hls-library/video-library/motion-graphics/04_mg-sanid/hls/720p/segment_026.ts	1706476
website/hls-library/video-library/motion-graphics/04_mg-sanid/hls/720p/segment_027.ts	1543480
website/hls-library/video-library/motion-graphics/04_mg-sanid/hls/master.m3u8	503
website/hls-library/video-library/motion-graphics/04_mg-sanid/sanid-01-master_1920.mp4	410612521
website/hls-library/video-library/motion-graphics/04_mg-sanid/sanid-02-master.mp4	235402428
website/hls-library/video-library/motion-graphics/04_mg-sanid/sanid-still.png	3257633
website/hls-library/video-library/motion-graphics/05_mg-aftra/.DS_Store	6148
website/hls-library/video-library/motion-graphics/05_mg-aftra/aftra-still.png	166994
website/hls-library/video-library/motion-graphics/05_mg-aftra/aftra_master_1920.mp4	11679018
website/hls-library/video-library/motion-graphics/05_mg-aftra/hls/.DS_Store	6148
website/hls-library/video-library/motion-graphics/05_mg-aftra/hls/1080p/index.m3u8	443
website/hls-library/video-library/motion-graphics/05_mg-aftra/hls/1080p/segment_000.ts	2301308
website/hls-library/video-library/motion-graphics/05_mg-aftra/hls/1080p/segment_001.ts	2277244
website/hls-library/video-library/motion-graphics/05_mg-aftra/hls/1080p/segment_002.ts	2502468
website/hls-library/video-library/motion-graphics/05_mg-aftra/hls/1080p/segment_003.ts	2659448
website/hls-library/video-library/motion-graphics/05_mg-aftra/hls/1080p/segment_004.ts	2468628
website/hls-library/video-library/motion-graphics/05_mg-aftra/hls/1080p/segment_005.ts	2509800
website/hls-library/video-library/motion-graphics/05_mg-aftra/hls/1080p/segment_006.ts	2369176
website/hls-library/video-library/motion-graphics/05_mg-aftra/hls/1080p/segment_007.ts	2381208
website/hls-library/video-library/motion-graphics/05_mg-aftra/hls/1080p/segment_008.ts	2648544
website/hls-library/video-library/motion-graphics/05_mg-aftra/hls/1080p/segment_009.ts	1036256
website/hls-library/video-library/motion-graphics/05_mg-aftra/hls/360p/index.m3u8	443
website/hls-library/video-library/motion-graphics/05_mg-aftra/hls/360p/segment_000.ts	423000
website/hls-library/video-library/motion-graphics/05_mg-aftra/hls/360p/segment_001.ts	433528
website/hls-library/video-library/motion-graphics/05_mg-aftra/hls/360p/segment_002.ts	487108
website/hls-library/video-library/motion-graphics/05_mg-aftra/hls/360p/segment_003.ts	504780
website/hls-library/video-library/motion-graphics/05_mg-aftra/hls/360p/segment_004.ts	463232
website/hls-library/video-library/motion-graphics/05_mg-aftra/hls/360p/segment_005.ts	477708
website/hls-library/video-library/motion-graphics/05_mg-aftra/hls/360p/segment_006.ts	450260
website/hls-library/video-library/motion-graphics/05_mg-aftra/hls/360p/segment_007.ts	434092
website/hls-library/video-library/motion-graphics/05_mg-aftra/hls/360p/segment_008.ts	489176
website/hls-library/video-library/motion-graphics/05_mg-aftra/hls/360p/segment_009.ts	182548
website/hls-library/video-library/motion-graphics/05_mg-aftra/hls/480p/index.m3u8	443
website/hls-library/video-library/motion-graphics/05_mg-aftra/hls/480p/segment_000.ts	732260
website/hls-library/video-library/motion-graphics/05_mg-aftra/hls/480p/segment_001.ts	777004
website/hls-library/video-library/motion-graphics/05_mg-aftra/hls/480p/segment_002.ts	868748
website/hls-library/video-library/motion-graphics/05_mg-aftra/hls/480p/segment_003.ts	949964
website/hls-library/video-library/motion-graphics/05_mg-aftra/hls/480p/segment_004.ts	855400
website/hls-library/video-library/motion-graphics/05_mg-aftra/hls/480p/segment_005.ts	909168
website/hls-library/video-library/motion-graphics/05_mg-aftra/hls/480p/segment_006.ts	850700
website/hls-library/video-library/motion-graphics/05_mg-aftra/hls/480p/segment_007.ts	818552
website/hls-library/video-library/motion-graphics/05_mg-aftra/hls/480p/segment_008.ts	865552
website/hls-library/video-library/motion-graphics/05_mg-aftra/hls/480p/segment_009.ts	327684
website/hls-library/video-library/motion-graphics/05_mg-aftra/hls/720p/index.m3u8	443
website/hls-library/video-library/motion-graphics/05_mg-aftra/hls/720p/segment_000.ts	1232716
website/hls-library/video-library/motion-graphics/05_mg-aftra/hls/720p/segment_001.ts	1266932
website/hls-library/video-library/motion-graphics/05_mg-aftra/hls/720p/segment_002.ts	1424664
website/hls-library/video-library/motion-graphics/05_mg-aftra/hls/720p/segment_003.ts	1511896
website/hls-library/video-library/motion-graphics/05_mg-aftra/hls/720p/segment_004.ts	1390636
website/hls-library/video-library/motion-graphics/05_mg-aftra/hls/720p/segment_005.ts	1462076
website/hls-library/video-library/motion-graphics/05_mg-aftra/hls/720p/segment_006.ts	1374656
website/hls-library/video-library/motion-graphics/05_mg-aftra/hls/720p/segment_007.ts	1300020
website/hls-library/video-library/motion-graphics/05_mg-aftra/hls/720p/segment_008.ts	1460572
website/hls-library/video-library/motion-graphics/05_mg-aftra/hls/720p/segment_009.ts	561180
website/hls-library/video-library/motion-graphics/05_mg-aftra/hls/master.m3u8	503
website/hls-library/video-library/motion-graphics/06_mg-field/.DS_Store	6148
website/hls-library/video-library/motion-graphics/06_mg-field/field-motion.mp4	75373302
website/hls-library/video-library/motion-graphics/06_mg-field/field-still.png	727077
website/hls-library/video-library/motion-graphics/06_mg-field/hls/.DS_Store	6148
website/hls-library/video-library/motion-graphics/06_mg-field/hls/1080p/index.m3u8	575
website/hls-library/video-library/motion-graphics/06_mg-field/hls/1080p/segment_000.ts	2507920
website/hls-library/video-library/motion-graphics/06_mg-field/hls/1080p/segment_001.ts	3250520
website/hls-library/video-library/motion-graphics/06_mg-field/hls/1080p/segment_002.ts	1650076
website/hls-library/video-library/motion-graphics/06_mg-field/hls/1080p/segment_003.ts	1677712
website/hls-library/video-library/motion-graphics/06_mg-field/hls/1080p/segment_004.ts	2832220
website/hls-library/video-library/motion-graphics/06_mg-field/hls/1080p/segment_005.ts	2567516
website/hls-library/video-library/motion-graphics/06_mg-field/hls/1080p/segment_006.ts	2355076
website/hls-library/video-library/motion-graphics/06_mg-field/hls/1080p/segment_007.ts	2007652
website/hls-library/video-library/motion-graphics/06_mg-field/hls/1080p/segment_008.ts	2071008
website/hls-library/video-library/motion-graphics/06_mg-field/hls/1080p/segment_009.ts	2136056
website/hls-library/video-library/motion-graphics/06_mg-field/hls/1080p/segment_010.ts	2821504
website/hls-library/video-library/motion-graphics/06_mg-field/hls/1080p/segment_011.ts	3274396
website/hls-library/video-library/motion-graphics/06_mg-field/hls/1080p/segment_012.ts	2177604
website/hls-library/video-library/motion-graphics/06_mg-field/hls/1080p/segment_013.ts	2481976
website/hls-library/video-library/motion-graphics/06_mg-field/hls/360p/index.m3u8	575
website/hls-library/video-library/motion-graphics/06_mg-field/hls/360p/segment_000.ts	487672
website/hls-library/video-library/motion-graphics/06_mg-field/hls/360p/segment_001.ts	635064
website/hls-library/video-library/motion-graphics/06_mg-field/hls/360p/segment_002.ts	290272
website/hls-library/video-library/motion-graphics/06_mg-field/hls/360p/segment_003.ts	303620
website/hls-library/video-library/motion-graphics/06_mg-field/hls/360p/segment_004.ts	566256
website/hls-library/video-library/motion-graphics/06_mg-field/hls/360p/segment_005.ts	496696
website/hls-library/video-library/motion-graphics/06_mg-field/hls/360p/segment_006.ts	411532
website/hls-library/video-library/motion-graphics/06_mg-field/hls/360p/segment_007.ts	353252
website/hls-library/video-library/motion-graphics/06_mg-field/hls/360p/segment_008.ts	414728
website/hls-library/video-library/motion-graphics/06_mg-field/hls/360p/segment_009.ts	382956
website/hls-library/video-library/motion-graphics/06_mg-field/hls/360p/segment_010.ts	480716
website/hls-library/video-library/motion-graphics/06_mg-field/hls/360p/segment_011.ts	725868
website/hls-library/video-library/motion-graphics/06_mg-field/hls/360p/segment_012.ts	416984
website/hls-library/video-library/motion-graphics/06_mg-field/hls/360p/segment_013.ts	424316
website/hls-library/video-library/motion-graphics/06_mg-field/hls/480p/index.m3u8	575
website/hls-library/video-library/motion-graphics/06_mg-field/hls/480p/segment_000.ts	903904
website/hls-library/video-library/motion-graphics/06_mg-field/hls/480p/segment_001.ts	1137776
website/hls-library/video-library/motion-graphics/06_mg-field/hls/480p/segment_002.ts	529596
website/hls-library/video-library/motion-graphics/06_mg-field/hls/480p/segment_003.ts	559676
website/hls-library/video-library/motion-graphics/06_mg-field/hls/480p/segment_004.ts	1043024
website/hls-library/video-library/motion-graphics/06_mg-field/hls/480p/segment_005.ts	808212
website/hls-library/video-library/motion-graphics/06_mg-field/hls/480p/segment_006.ts	799000
website/hls-library/video-library/motion-graphics/06_mg-field/hls/480p/segment_007.ts	626416
website/hls-library/video-library/motion-graphics/06_mg-field/hls/480p/segment_008.ts	703872
website/hls-library/video-library/motion-graphics/06_mg-field/hls/480p/segment_009.ts	698608
website/hls-library/video-library/motion-graphics/06_mg-field/hls/480p/segment_010.ts	965380
website/hls-library/video-library/motion-graphics/06_mg-field/hls/480p/segment_011.ts	1199816
website/hls-library/video-library/motion-graphics/06_mg-field/hls/480p/segment_012.ts	791668
website/hls-library/video-library/motion-graphics/06_mg-field/hls/480p/segment_013.ts	795992
website/hls-library/video-library/motion-graphics/06_mg-field/hls/720p/index.m3u8	575
website/hls-library/video-library/motion-graphics/06_mg-field/hls/720p/segment_000.ts	1450608
website/hls-library/video-library/motion-graphics/06_mg-field/hls/720p/segment_001.ts	1858192
website/hls-library/video-library/motion-graphics/06_mg-field/hls/720p/segment_002.ts	890556
website/hls-library/video-library/motion-graphics/06_mg-field/hls/720p/segment_003.ts	901836
website/hls-library/video-library/motion-graphics/06_mg-field/hls/720p/segment_004.ts	1612476
website/hls-library/video-library/motion-graphics/06_mg-field/hls/720p/segment_005.ts	1407932
website/hls-library/video-library/motion-graphics/06_mg-field/hls/720p/segment_006.ts	1355292
website/hls-library/video-library/motion-graphics/06_mg-field/hls/720p/segment_007.ts	1081564
website/hls-library/video-library/motion-graphics/06_mg-field/hls/720p/segment_008.ts	1113712
website/hls-library/video-library/motion-graphics/06_mg-field/hls/720p/segment_009.ts	1168044
website/hls-library/video-library/motion-graphics/06_mg-field/hls/720p/segment_010.ts	1637668
website/hls-library/video-library/motion-graphics/06_mg-field/hls/720p/segment_011.ts	1875112
website/hls-library/video-library/motion-graphics/06_mg-field/hls/720p/segment_012.ts	1225196
website/hls-library/video-library/motion-graphics/06_mg-field/hls/720p/segment_013.ts	1373904
website/hls-library/video-library/motion-graphics/06_mg-field/hls/master.m3u8	504
website/hls-library/video-library/motion-graphics/07_mg-vatn/.DS_Store	6148
website/hls-library/video-library/motion-graphics/07_mg-vatn/hls/.DS_Store	6148
website/hls-library/video-library/motion-graphics/07_mg-vatn/hls/1080p/index.m3u8	1103
website/hls-library/video-library/motion-graphics/07_mg-vatn/hls/1080p/segment_000.ts	3053120
website/hls-library/video-library/motion-graphics/07_mg-vatn/hls/1080p/segment_001.ts	1474108
website/hls-library/video-library/motion-graphics/07_mg-vatn/hls/1080p/segment_002.ts	1241176
website/hls-library/video-library/motion-graphics/07_mg-vatn/hls/1080p/segment_003.ts	1659664
website/hls-library/video-library/motion-graphics/07_mg-vatn/hls/1080p/segment_004.ts	1831308
website/hls-library/video-library/motion-graphics/07_mg-vatn/hls/1080p/segment_005.ts	2315784
website/hls-library/video-library/motion-graphics/07_mg-vatn/hls/1080p/segment_006.ts	1970616
website/hls-library/video-library/motion-graphics/07_mg-vatn/hls/1080p/segment_007.ts	2597220
website/hls-library/video-library/motion-graphics/07_mg-vatn/hls/1080p/segment_008.ts	2375568
website/hls-library/video-library/motion-graphics/07_mg-vatn/hls/1080p/segment_009.ts	4141640
website/hls-library/video-library/motion-graphics/07_mg-vatn/hls/1080p/segment_010.ts	1971180
website/hls-library/video-library/motion-graphics/07_mg-vatn/hls/1080p/segment_011.ts	1979452
website/hls-library/video-library/motion-graphics/07_mg-vatn/hls/1080p/segment_012.ts	3183780
website/hls-library/video-library/motion-graphics/07_mg-vatn/hls/1080p/segment_013.ts	3256912
website/hls-library/video-library/motion-graphics/07_mg-vatn/hls/1080p/segment_014.ts	3193556
website/hls-library/video-library/motion-graphics/07_mg-vatn/hls/1080p/segment_015.ts	2958744
website/hls-library/video-library/motion-graphics/07_mg-vatn/hls/1080p/segment_016.ts	3052368
website/hls-library/video-library/motion-graphics/07_mg-vatn/hls/1080p/segment_017.ts	2088680
website/hls-library/video-library/motion-graphics/07_mg-vatn/hls/1080p/segment_018.ts	3001984
website/hls-library/video-library/motion-graphics/07_mg-vatn/hls/1080p/segment_019.ts	4044820
website/hls-library/video-library/motion-graphics/07_mg-vatn/hls/1080p/segment_020.ts	5095176
website/hls-library/video-library/motion-graphics/07_mg-vatn/hls/1080p/segment_021.ts	2822068
website/hls-library/video-library/motion-graphics/07_mg-vatn/hls/1080p/segment_022.ts	3017212
website/hls-library/video-library/motion-graphics/07_mg-vatn/hls/1080p/segment_023.ts	1514528
website/hls-library/video-library/motion-graphics/07_mg-vatn/hls/1080p/segment_024.ts	1601572
website/hls-library/video-library/motion-graphics/07_mg-vatn/hls/1080p/segment_025.ts	1529944
website/hls-library/video-library/motion-graphics/07_mg-vatn/hls/1080p/segment_026.ts	1679780
website/hls-library/video-library/motion-graphics/07_mg-vatn/hls/1080p/segment_027.ts	1544044
website/hls-library/video-library/motion-graphics/07_mg-vatn/hls/1080p/segment_028.ts	1246628
website/hls-library/video-library/motion-graphics/07_mg-vatn/hls/1080p/segment_029.ts	1237980
website/hls-library/video-library/motion-graphics/07_mg-vatn/hls/360p/index.m3u8	1103
website/hls-library/video-library/motion-graphics/07_mg-vatn/hls/360p/segment_000.ts	579604
website/hls-library/video-library/motion-graphics/07_mg-vatn/hls/360p/segment_001.ts	299860
website/hls-library/video-library/motion-graphics/07_mg-vatn/hls/360p/segment_002.ts	287640
website/hls-library/video-library/motion-graphics/07_mg-vatn/hls/360p/segment_003.ts	346108
website/hls-library/video-library/motion-graphics/07_mg-vatn/hls/360p/segment_004.ts	408712
website/hls-library/video-library/motion-graphics/07_mg-vatn/hls/360p/segment_005.ts	440484
website/hls-library/video-library/motion-graphics/07_mg-vatn/hls/360p/segment_006.ts	360020
website/hls-library/video-library/motion-graphics/07_mg-vatn/hls/360p/segment_007.ts	503276
website/hls-library/video-library/motion-graphics/07_mg-vatn/hls/360p/segment_008.ts	498576
website/hls-library/video-library/motion-graphics/07_mg-vatn/hls/360p/segment_009.ts	801632
website/hls-library/video-library/motion-graphics/07_mg-vatn/hls/360p/segment_010.ts	421684
website/hls-library/video-library/motion-graphics/07_mg-vatn/hls/360p/segment_011.ts	402132
website/hls-library/video-library/motion-graphics/07_mg-vatn/hls/360p/segment_012.ts	580168
website/hls-library/video-library/motion-graphics/07_mg-vatn/hls/360p/segment_013.ts	575092
website/hls-library/video-library/motion-graphics/07_mg-vatn/hls/360p/segment_014.ts	580544
website/hls-library/video-library/motion-graphics/07_mg-vatn/hls/360p/segment_015.ts	590508
website/hls-library/video-library/motion-graphics/07_mg-vatn/hls/360p/segment_016.ts	593140
website/hls-library/video-library/motion-graphics/07_mg-vatn/hls/360p/segment_017.ts	382956
website/hls-library/video-library/motion-graphics/07_mg-vatn/hls/360p/segment_018.ts	534672
website/hls-library/video-library/motion-graphics/07_mg-vatn/hls/360p/segment_019.ts	439732
website/hls-library/video-library/motion-graphics/07_mg-vatn/hls/360p/segment_020.ts	817236
website/hls-library/video-library/motion-graphics/07_mg-vatn/hls/360p/segment_021.ts	468496
website/hls-library/video-library/motion-graphics/07_mg-vatn/hls/360p/segment_022.ts	503276
website/hls-library/video-library/motion-graphics/07_mg-vatn/hls/360p/segment_023.ts	277112
website/hls-library/video-library/motion-graphics/07_mg-vatn/hls/360p/segment_024.ts	291024
website/hls-library/video-library/motion-graphics/07_mg-vatn/hls/360p/segment_025.ts	294220
website/hls-library/video-library/motion-graphics/07_mg-vatn/hls/360p/segment_026.ts	305500
website/hls-library/video-library/motion-graphics/07_mg-vatn/hls/360p/segment_027.ts	296852
website/hls-library/video-library/motion-graphics/07_mg-vatn/hls/360p/segment_028.ts	278992
website/hls-library/video-library/motion-graphics/07_mg-vatn/hls/360p/segment_029.ts	187624
website/hls-library/video-library/motion-graphics/07_mg-vatn/hls/480p/index.m3u8	1103
website/hls-library/video-library/motion-graphics/07_mg-vatn/hls/480p/segment_000.ts	1047912
website/hls-library/video-library/motion-graphics/07_mg-vatn/hls/480p/segment_001.ts	515120
website/hls-library/video-library/motion-graphics/07_mg-vatn/hls/480p/segment_002.ts	474512
website/hls-library/video-library/motion-graphics/07_mg-vatn/hls/480p/segment_003.ts	589192
website/hls-library/video-library/motion-graphics/07_mg-vatn/hls/480p/segment_004.ts	737900
website/hls-library/video-library/motion-graphics/07_mg-vatn/hls/480p/segment_005.ts	773620
website/hls-library/video-library/motion-graphics/07_mg-vatn/hls/480p/segment_006.ts	693156
website/hls-library/video-library/motion-graphics/07_mg-vatn/hls/480p/segment_007.ts	901272
website/hls-library/video-library/motion-graphics/07_mg-vatn/hls/480p/segment_008.ts	846376
website/hls-library/video-library/motion-graphics/07_mg-vatn/hls/480p/segment_009.ts	1501744
website/hls-library/video-library/motion-graphics/07_mg-vatn/hls/480p/segment_010.ts	706316
website/hls-library/video-library/motion-graphics/07_mg-vatn/hls/480p/segment_011.ts	695600
website/hls-library/video-library/motion-graphics/07_mg-vatn/hls/480p/segment_012.ts	1193424
website/hls-library/video-library/motion-graphics/07_mg-vatn/hls/480p/segment_013.ts	1086452
website/hls-library/video-library/motion-graphics/07_mg-vatn/hls/480p/segment_014.ts	1090024
website/hls-library/video-library/motion-graphics/07_mg-vatn/hls/480p/segment_015.ts	1061824
website/hls-library/video-library/motion-graphics/07_mg-vatn/hls/480p/segment_016.ts	1056372
website/hls-library/video-library/motion-graphics/07_mg-vatn/hls/480p/segment_017.ts	644276
website/hls-library/video-library/motion-graphics/07_mg-vatn/hls/480p/segment_018.ts	983428
website/hls-library/video-library/motion-graphics/07_mg-vatn/hls/480p/segment_019.ts	1021216
website/hls-library/video-library/motion-graphics/07_mg-vatn/hls/480p/segment_020.ts	1547240
website/hls-library/video-library/motion-graphics/07_mg-vatn/hls/480p/segment_021.ts	808964
website/hls-library/video-library/motion-graphics/07_mg-vatn/hls/480p/segment_022.ts	952596
website/hls-library/video-library/motion-graphics/07_mg-vatn/hls/480p/segment_023.ts	482784
website/hls-library/video-library/motion-graphics/07_mg-vatn/hls/480p/segment_024.ts	530160
website/hls-library/video-library/motion-graphics/07_mg-vatn/hls/480p/segment_025.ts	534860
website/hls-library/video-library/motion-graphics/07_mg-vatn/hls/480p/segment_026.ts	552720
website/hls-library/video-library/motion-graphics/07_mg-vatn/hls/480p/segment_027.ts	537868
website/hls-library/video-library/motion-graphics/07_mg-vatn/hls/480p/segment_028.ts	525648
website/hls-library/video-library/motion-graphics/07_mg-vatn/hls/480p/segment_029.ts	340844
website/hls-library/video-library/motion-graphics/07_mg-vatn/hls/720p/index.m3u8	1103
website/hls-library/video-library/motion-graphics/07_mg-vatn/hls/720p/segment_000.ts	1717944
website/hls-library/video-library/motion-graphics/07_mg-vatn/hls/720p/segment_001.ts	916876
website/hls-library/video-library/motion-graphics/07_mg-vatn/hls/720p/segment_002.ts	779072
website/hls-library/video-library/motion-graphics/07_mg-vatn/hls/720p/segment_003.ts	956544
website/hls-library/video-library/motion-graphics/07_mg-vatn/hls/720p/segment_004.ts	1219932
website/hls-library/video-library/motion-graphics/07_mg-vatn/hls/720p/segment_005.ts	1249260
website/hls-library/video-library/motion-graphics/07_mg-vatn/hls/720p/segment_006.ts	992452
website/hls-library/video-library/motion-graphics/07_mg-vatn/hls/720p/segment_007.ts	1438388
website/hls-library/video-library/motion-graphics/07_mg-vatn/hls/720p/segment_008.ts	1344952
website/hls-library/video-library/motion-graphics/07_mg-vatn/hls/720p/segment_009.ts	2585188
website/hls-library/video-library/motion-graphics/07_mg-vatn/hls/720p/segment_010.ts	1304720
website/hls-library/video-library/motion-graphics/07_mg-vatn/hls/720p/segment_011.ts	871568
website/hls-library/video-library/motion-graphics/07_mg-vatn/hls/720p/segment_012.ts	2027392
website/hls-library/video-library/motion-graphics/07_mg-vatn/hls/720p/segment_013.ts	1833752
website/hls-library/video-library/motion-graphics/07_mg-vatn/hls/720p/segment_014.ts	1793144
website/hls-library/video-library/motion-graphics/07_mg-vatn/hls/720p/segment_015.ts	1712304
website/hls-library/video-library/motion-graphics/07_mg-vatn/hls/720p/segment_016.ts	1686360
website/hls-library/video-library/motion-graphics/07_mg-vatn/hls/720p/segment_017.ts	1029300
website/hls-library/video-library/motion-graphics/07_mg-vatn/hls/720p/segment_018.ts	1710424
website/hls-library/video-library/motion-graphics/07_mg-vatn/hls/720p/segment_019.ts	1804800
website/hls-library/video-library/motion-graphics/07_mg-vatn/hls/720p/segment_020.ts	2688964
website/hls-library/video-library/motion-graphics/07_mg-vatn/hls/720p/segment_021.ts	1397404
website/hls-library/video-library/motion-graphics/07_mg-vatn/hls/720p/segment_022.ts	1637480
website/hls-library/video-library/motion-graphics/07_mg-vatn/hls/720p/segment_023.ts	821372
website/hls-library/video-library/motion-graphics/07_mg-vatn/hls/720p/segment_024.ts	873448
website/hls-library/video-library/motion-graphics/07_mg-vatn/hls/720p/segment_025.ts	853896
website/hls-library/video-library/motion-graphics/07_mg-vatn/hls/720p/segment_026.ts	931540
website/hls-library/video-library/motion-graphics/07_mg-vatn/hls/720p/segment_027.ts	895820
website/hls-library/video-library/motion-graphics/07_mg-vatn/hls/720p/segment_028.ts	980044
website/hls-library/video-library/motion-graphics/07_mg-vatn/hls/720p/segment_029.ts	404952
website/hls-library/video-library/motion-graphics/07_mg-vatn/hls/master.m3u8	505
website/hls-library/video-library/motion-graphics/07_mg-vatn/vatn-still.png	1570418
website/hls-library/video-library/motion-graphics/07_mg-vatn/vatn.mp4	134070453
website/hls-library/video-library/motion-graphics/08_mg-type-gr/.DS_Store	6148
website/hls-library/video-library/motion-graphics/08_mg-type-gr/hls/.DS_Store	6148
website/hls-library/video-library/motion-graphics/08_mg-type-gr/hls/1080p/index.m3u8	377
website/hls-library/video-library/motion-graphics/08_mg-type-gr/hls/1080p/segment_000.ts	1986784
website/hls-library/video-library/motion-graphics/08_mg-type-gr/hls/1080p/segment_001.ts	2048824
website/hls-library/video-library/motion-graphics/08_mg-type-gr/hls/1080p/segment_002.ts	2878656
website/hls-library/video-library/motion-graphics/08_mg-type-gr/hls/1080p/segment_003.ts	2632564
website/hls-library/video-library/motion-graphics/08_mg-type-gr/hls/1080p/segment_004.ts	2212572
website/hls-library/video-library/motion-graphics/08_mg-type-gr/hls/1080p/segment_005.ts	2804020
website/hls-library/video-library/motion-graphics/08_mg-type-gr/hls/1080p/segment_006.ts	1905192
website/hls-library/video-library/motion-graphics/08_mg-type-gr/hls/1080p/segment_007.ts	722108
website/hls-library/video-library/motion-graphics/08_mg-type-gr/hls/360p/index.m3u8	377
website/hls-library/video-library/motion-graphics/08_mg-type-gr/hls/360p/segment_000.ts	375248
website/hls-library/video-library/motion-graphics/08_mg-type-gr/hls/360p/segment_001.ts	378632
website/hls-library/video-library/motion-graphics/08_mg-type-gr/hls/360p/segment_002.ts	540124
website/hls-library/video-library/motion-graphics/08_mg-type-gr/hls/360p/segment_003.ts	499140
website/hls-library/video-library/motion-graphics/08_mg-type-gr/hls/360p/segment_004.ts	415668
website/hls-library/video-library/motion-graphics/08_mg-type-gr/hls/360p/segment_005.ts	537492
website/hls-library/video-library/motion-graphics/08_mg-type-gr/hls/360p/segment_006.ts	349868
website/hls-library/video-library/motion-graphics/08_mg-type-gr/hls/360p/segment_007.ts	119380
website/hls-library/video-library/motion-graphics/08_mg-type-gr/hls/480p/index.m3u8	377
website/hls-library/video-library/motion-graphics/08_mg-type-gr/hls/480p/segment_000.ts	686388
website/hls-library/video-library/motion-graphics/08_mg-type-gr/hls/480p/segment_001.ts	692216
website/hls-library/video-library/motion-graphics/08_mg-type-gr/hls/480p/segment_002.ts	976284
website/hls-library/video-library/motion-graphics/08_mg-type-gr/hls/480p/segment_003.ts	905408
website/hls-library/video-library/motion-graphics/08_mg-type-gr/hls/480p/segment_004.ts	761588
website/hls-library/video-library/motion-graphics/08_mg-type-gr/hls/480p/segment_005.ts	971208
website/hls-library/video-library/motion-graphics/08_mg-type-gr/hls/480p/segment_006.ts	631492
website/hls-library/video-library/motion-graphics/08_mg-type-gr/hls/480p/segment_007.ts	213756
website/hls-library/video-library/motion-graphics/08_mg-type-gr/hls/720p/index.m3u8	377
website/hls-library/video-library/motion-graphics/08_mg-type-gr/hls/720p/segment_000.ts	1133264
website/hls-library/video-library/motion-graphics/08_mg-type-gr/hls/720p/segment_001.ts	1124616
website/hls-library/video-library/motion-graphics/08_mg-type-gr/hls/720p/segment_002.ts	1614732
website/hls-library/video-library/motion-graphics/08_mg-type-gr/hls/720p/segment_003.ts	1484072
website/hls-library/video-library/motion-graphics/08_mg-type-gr/hls/720p/segment_004.ts	1246064
website/hls-library/video-library/motion-graphics/08_mg-type-gr/hls/720p/segment_005.ts	1574124
website/hls-library/video-library/motion-graphics/08_mg-type-gr/hls/720p/segment_006.ts	1046408
website/hls-library/video-library/motion-graphics/08_mg-type-gr/hls/720p/segment_007.ts	371488
website/hls-library/video-library/motion-graphics/08_mg-type-gr/hls/master.m3u8	504
website/hls-library/video-library/motion-graphics/08_mg-type-gr/type_gr-2k-still.png	516291
website/hls-library/video-library/motion-graphics/08_mg-type-gr/type_gr-4k-master_1920.mp4	2211217
website/hls-library/video-library/motion-graphics/09_mg-textblock/.DS_Store	6148
website/hls-library/video-library/motion-graphics/09_mg-textblock/hls/.DS_Store	6148
website/hls-library/video-library/motion-graphics/09_mg-textblock/hls/1080p/index.m3u8	382
website/hls-library/video-library/motion-graphics/09_mg-textblock/hls/1080p/segment_000.ts	5986296
website/hls-library/video-library/motion-graphics/09_mg-textblock/hls/1080p/segment_001.ts	2849892
website/hls-library/video-library/motion-graphics/09_mg-textblock/hls/1080p/segment_002.ts	6223740
website/hls-library/video-library/motion-graphics/09_mg-textblock/hls/1080p/segment_003.ts	2812480
website/hls-library/video-library/motion-graphics/09_mg-textblock/hls/1080p/segment_004.ts	6241788
website/hls-library/video-library/motion-graphics/09_mg-textblock/hls/1080p/segment_005.ts	2807968
website/hls-library/video-library/motion-graphics/09_mg-textblock/hls/1080p/segment_006.ts	6266228
website/hls-library/video-library/motion-graphics/09_mg-textblock/hls/1080p/segment_007.ts	2813044
website/hls-library/video-library/motion-graphics/09_mg-textblock/hls/360p/index.m3u8	382
website/hls-library/video-library/motion-graphics/09_mg-textblock/hls/360p/segment_000.ts	1079120
website/hls-library/video-library/motion-graphics/09_mg-textblock/hls/360p/segment_001.ts	513240
website/hls-library/video-library/motion-graphics/09_mg-textblock/hls/360p/segment_002.ts	1149996
website/hls-library/video-library/motion-graphics/09_mg-textblock/hls/360p/segment_003.ts	508916
website/hls-library/video-library/motion-graphics/09_mg-textblock/hls/360p/segment_004.ts	1143604
website/hls-library/video-library/motion-graphics/09_mg-textblock/hls/360p/segment_005.ts	503464
website/hls-library/video-library/motion-graphics/09_mg-textblock/hls/360p/segment_006.ts	1143604
website/hls-library/video-library/motion-graphics/09_mg-textblock/hls/360p/segment_007.ts	503464
website/hls-library/video-library/motion-graphics/09_mg-textblock/hls/480p/index.m3u8	382
website/hls-library/video-library/motion-graphics/09_mg-textblock/hls/480p/segment_000.ts	1998252
website/hls-library/video-library/motion-graphics/09_mg-textblock/hls/480p/segment_001.ts	961056
website/hls-library/video-library/motion-graphics/09_mg-textblock/hls/480p/segment_002.ts	2108420
website/hls-library/video-library/motion-graphics/09_mg-textblock/hls/480p/segment_003.ts	949212
website/hls-library/video-library/motion-graphics/09_mg-textblock/hls/480p/segment_004.ts	2103720
website/hls-library/video-library/motion-graphics/09_mg-textblock/hls/480p/segment_005.ts	946204
website/hls-library/video-library/motion-graphics/09_mg-textblock/hls/480p/segment_006.ts	2119136
website/hls-library/video-library/motion-graphics/09_mg-textblock/hls/480p/segment_007.ts	939812
website/hls-library/video-library/motion-graphics/09_mg-textblock/hls/720p/index.m3u8	382
website/hls-library/video-library/motion-graphics/09_mg-textblock/hls/720p/segment_000.ts	3321960
website/hls-library/video-library/motion-graphics/09_mg-textblock/hls/720p/segment_001.ts	1586720
website/hls-library/video-library/motion-graphics/09_mg-textblock/hls/720p/segment_002.ts	3487024
website/hls-library/video-library/motion-graphics/09_mg-textblock/hls/720p/segment_003.ts	1566416
website/hls-library/video-library/motion-graphics/09_mg-textblock/hls/720p/segment_004.ts	3487776
website/hls-library/video-library/motion-graphics/09_mg-textblock/hls/720p/segment_005.ts	1563596
website/hls-library/video-library/motion-graphics/09_mg-textblock/hls/720p/segment_006.ts	3497740
website/hls-library/video-library/motion-graphics/09_mg-textblock/hls/720p/segment_007.ts	1565288
website/hls-library/video-library/motion-graphics/09_mg-textblock/hls/master.m3u8	503
website/hls-library/video-library/motion-graphics/09_mg-textblock/mg-textblock-still.png	741110
website/hls-library/video-library/motion-graphics/09_mg-textblock/mg-textblock_1920.mp4	22214570
website/hls-library/video-library/studio/hls/1080p/index.m3u8	1070
website/hls-library/video-library/studio/hls/1080p/segment_000.ts	2521268
website/hls-library/video-library/studio/hls/1080p/segment_001.ts	2823384
website/hls-library/video-library/studio/hls/1080p/segment_002.ts	2814548
website/hls-library/video-library/studio/hls/1080p/segment_003.ts	1883008
website/hls-library/video-library/studio/hls/1080p/segment_004.ts	2552664
website/hls-library/video-library/studio/hls/1080p/segment_005.ts	1890152
website/hls-library/video-library/studio/hls/1080p/segment_006.ts	2495512
website/hls-library/video-library/studio/hls/1080p/segment_007.ts	2768488
website/hls-library/video-library/studio/hls/1080p/segment_008.ts	2321800
website/hls-library/video-library/studio/hls/1080p/segment_009.ts	2014044
website/hls-library/video-library/studio/hls/1080p/segment_010.ts	1151688
website/hls-library/video-library/studio/hls/1080p/segment_011.ts	3268568
website/hls-library/video-library/studio/hls/1080p/segment_012.ts	2407904
website/hls-library/video-library/studio/hls/1080p/segment_013.ts	2838800
website/hls-library/video-library/studio/hls/1080p/segment_014.ts	1606272
website/hls-library/video-library/studio/hls/1080p/segment_015.ts	2424448
website/hls-library/video-library/studio/hls/1080p/segment_016.ts	2729948
website/hls-library/video-library/studio/hls/1080p/segment_017.ts	3259356
website/hls-library/video-library/studio/hls/1080p/segment_018.ts	2356016
website/hls-library/video-library/studio/hls/1080p/segment_019.ts	2374064
website/hls-library/video-library/studio/hls/1080p/segment_020.ts	3482888
website/hls-library/video-library/studio/hls/1080p/segment_021.ts	2064804
website/hls-library/video-library/studio/hls/1080p/segment_022.ts	2499836
website/hls-library/video-library/studio/hls/1080p/segment_023.ts	1143040
website/hls-library/video-library/studio/hls/1080p/segment_024.ts	3462960
website/hls-library/video-library/studio/hls/1080p/segment_025.ts	2831844
website/hls-library/video-library/studio/hls/1080p/segment_026.ts	4497712
website/hls-library/video-library/studio/hls/1080p/segment_027.ts	1892596
website/hls-library/video-library/studio/hls/1080p/segment_028.ts	649540
website/hls-library/video-library/studio/hls/360p/index.m3u8	1070
website/hls-library/video-library/studio/hls/360p/segment_000.ts	476956
website/hls-library/video-library/studio/hls/360p/segment_001.ts	743916
website/hls-library/video-library/studio/hls/360p/segment_002.ts	517940
website/hls-library/video-library/studio/hls/360p/segment_003.ts	347424
website/hls-library/video-library/studio/hls/360p/segment_004.ts	482972
website/hls-library/video-library/studio/hls/360p/segment_005.ts	290272
website/hls-library/video-library/studio/hls/360p/segment_006.ts	632056
website/hls-library/video-library/studio/hls/360p/segment_007.ts	296476
website/hls-library/video-library/studio/hls/360p/segment_008.ts	569640
website/hls-library/video-library/studio/hls/360p/segment_009.ts	279744
website/hls-library/video-library/studio/hls/360p/segment_010.ts	139872
website/hls-library/video-library/studio/hls/360p/segment_011.ts	590696
website/hls-library/video-library/studio/hls/360p/segment_012.ts	426572
website/hls-library/video-library/studio/hls/360p/segment_013.ts	525836
website/hls-library/video-library/studio/hls/360p/segment_014.ts	334640
website/hls-library/video-library/studio/hls/360p/segment_015.ts	450072
website/hls-library/video-library/studio/hls/360p/segment_016.ts	477708
website/hls-library/video-library/studio/hls/360p/segment_017.ts	598404
website/hls-library/video-library/studio/hls/360p/segment_018.ts	478460
website/hls-library/video-library/studio/hls/360p/segment_019.ts	473384
website/hls-library/video-library/studio/hls/360p/segment_020.ts	621716
website/hls-library/video-library/studio/hls/360p/segment_021.ts	368292
website/hls-library/video-library/studio/hls/360p/segment_022.ts	490868
website/hls-library/video-library/studio/hls/360p/segment_023.ts	247220
website/hls-library/video-library/studio/hls/360p/segment_024.ts	646908
website/hls-library/video-library/studio/hls/360p/segment_025.ts	525084
website/hls-library/video-library/studio/hls/360p/segment_026.ts	839232
website/hls-library/video-library/studio/hls/360p/segment_027.ts	380888
website/hls-library/video-library/studio/hls/360p/segment_028.ts	139308
website/hls-library/video-library/studio/hls/480p/index.m3u8	1070
website/hls-library/video-library/studio/hls/480p/segment_000.ts	864424
website/hls-library/video-library/studio/hls/480p/segment_001.ts	1339876
website/hls-library/video-library/studio/hls/480p/segment_002.ts	963312
website/hls-library/video-library/studio/hls/480p/segment_003.ts	628484
website/hls-library/video-library/studio/hls/480p/segment_004.ts	861228
website/hls-library/video-library/studio/hls/480p/segment_005.ts	515120
website/hls-library/video-library/studio/hls/480p/segment_006.ts	1171616
website/hls-library/video-library/studio/hls/480p/segment_007.ts	529408
website/hls-library/video-library/studio/hls/480p/segment_008.ts	1044904
website/hls-library/video-library/studio/hls/480p/segment_009.ts	487860
website/hls-library/video-library/studio/hls/480p/segment_010.ts	247784
website/hls-library/video-library/studio/hls/480p/segment_011.ts	1104124
website/hls-library/video-library/studio/hls/480p/segment_012.ts	773620
website/hls-library/video-library/studio/hls/480p/segment_013.ts	957108
website/hls-library/video-library/studio/hls/480p/segment_014.ts	591824
website/hls-library/video-library/studio/hls/480p/segment_015.ts	822876
website/hls-library/video-library/studio/hls/480p/segment_016.ts	896008
website/hls-library/video-library/studio/hls/480p/segment_017.ts	1081940
website/hls-library/video-library/studio/hls/480p/segment_018.ts	856904
website/hls-library/video-library/studio/hls/480p/segment_019.ts	859912
website/hls-library/video-library/studio/hls/480p/segment_020.ts	1156952
website/hls-library/video-library/studio/hls/480p/segment_021.ts	665520
website/hls-library/video-library/studio/hls/480p/segment_022.ts	871568
website/hls-library/video-library/studio/hls/480p/segment_023.ts	428828
website/hls-library/video-library/studio/hls/480p/segment_024.ts	1186280
website/hls-library/video-library/studio/hls/480p/segment_025.ts	955792
website/hls-library/video-library/studio/hls/480p/segment_026.ts	1529380
website/hls-library/video-library/studio/hls/480p/segment_027.ts	669280
website/hls-library/video-library/studio/hls/480p/segment_028.ts	241016
website/hls-library/video-library/studio/hls/720p/index.m3u8	1070
website/hls-library/video-library/studio/hls/720p/segment_000.ts	1407180
website/hls-library/video-library/studio/hls/720p/segment_001.ts	2200728
website/hls-library/video-library/studio/hls/720p/segment_002.ts	1594804
website/hls-library/video-library/studio/hls/720p/segment_003.ts	1054116
website/hls-library/video-library/studio/hls/720p/segment_004.ts	1397216
website/hls-library/video-library/studio/hls/720p/segment_005.ts	828892
website/hls-library/video-library/studio/hls/720p/segment_006.ts	1915344
website/hls-library/video-library/studio/hls/720p/segment_007.ts	856152
website/hls-library/video-library/studio/hls/720p/segment_008.ts	1748588
website/hls-library/video-library/studio/hls/720p/segment_009.ts	770048
website/hls-library/video-library/studio/hls/720p/segment_010.ts	404576
website/hls-library/video-library/studio/hls/720p/segment_011.ts	1832436
website/hls-library/video-library/studio/hls/720p/segment_012.ts	1302840
website/hls-library/video-library/studio/hls/720p/segment_013.ts	1569988
website/hls-library/video-library/studio/hls/720p/segment_014.ts	936616
website/hls-library/video-library/studio/hls/720p/segment_015.ts	1353224
website/hls-library/video-library/studio/hls/720p/segment_016.ts	1479372
website/hls-library/video-library/studio/hls/720p/segment_017.ts	1824352
website/hls-library/video-library/studio/hls/720p/segment_018.ts	1371460
website/hls-library/video-library/studio/hls/720p/segment_019.ts	1397968
website/hls-library/video-library/studio/hls/720p/segment_020.ts	1911772
website/hls-library/video-library/studio/hls/720p/segment_021.ts	1127060
website/hls-library/video-library/studio/hls/720p/segment_022.ts	1418084
website/hls-library/video-library/studio/hls/720p/segment_023.ts	679244
website/hls-library/video-library/studio/hls/720p/segment_024.ts	1958584
website/hls-library/video-library/studio/hls/720p/segment_025.ts	1578448
website/hls-library/video-library/studio/hls/720p/segment_026.ts	2531232
website/hls-library/video-library/studio/hls/720p/segment_027.ts	1084196
website/hls-library/video-library/studio/hls/720p/segment_028.ts	374308
website/hls-library/video-library/studio/hls/master.m3u8	504
website/hls-library/video-library/studio/kolkrabbi-01_1080p.mp4	119255842
website/hls-library/video-library/work/aftra/aftra-cms/poster.jpg	51402
website/hls-library/video-library/work/aftra/aftra-cms/video.mp4	19757469
website/hls-library/video-library/work/grid-1/grid-01-motion-01/poster.jpg	18906
website/hls-library/video-library/work/grid-1/grid-01-motion-01/video.mp4	1217512
website/hls-library/video-library/work/grid-2/grid-02-motion-01/poster.jpg	17510
website/hls-library/video-library/work/grid-2/grid-02-motion-01/video.mp4	10997514
website/hls-library/video-library/work/kol-radial/radial-dark-1080p/poster.jpg	51902
website/hls-library/video-library/work/kol-radial/radial-dark-1080p/video.mp4	51356634
website/hls-library/video-library/work/monitor/02/poster.jpg	138568
website/hls-library/video-library/work/monitor/02/video.mp4	25218143
website/hls-library/video-library/work/monitor/12/poster.jpg	161184
website/hls-library/video-library/work/monitor/12/video.mp4	4001338
website/hls-library/video-library/work/monitor/tool-monitor-02b/poster.jpg	99294
website/hls-library/video-library/work/monitor/tool-monitor-02b/video.mp4	11697782
website/hls-library/video-library/work/motion-1/motion-01-01/poster.jpg	44810
website/hls-library/video-library/work/motion-1/motion-01-01/video.mp4	7001516
website/hls-library/video-library/work/motion-1/motion-01-06/poster.jpg	20416
website/hls-library/video-library/work/motion-1/motion-01-06/video.mp4	6850409
website/hls-library/video-library/work/motion-1/td-dust-01/poster.jpg	38623
website/hls-library/video-library/work/motion-1/td-dust-01/video.mp4	28730240
website/hls-library/video-library/work/motion-1/td-dust-02/poster.jpg	28451
website/hls-library/video-library/work/motion-1/td-dust-02/video.mp4	21009772
website/hls-library/video-library/work/motion-1/td-field/poster.jpg	283109
website/hls-library/video-library/work/motion-1/td-field/video.mp4	29371471
website/hls-library/video-library/work/motion-1/td-trollatunga-12/poster.jpg	216909
website/hls-library/video-library/work/motion-1/td-trollatunga-12/video.mp4	23452764
website/hls-library/video-library/work/motion-2/motion-02-01/poster.jpg	244669
website/hls-library/video-library/work/motion-2/motion-02-01/video.mp4	74776543
website/hls-library/video-library/work/motion-2/motion-02-02/poster.jpg	95926
website/hls-library/video-library/work/motion-2/motion-02-02/video.mp4	32061691
website/hls-library/video-library/work/motion-2/motion-02-03/poster.jpg	75581
website/hls-library/video-library/work/motion-2/motion-02-03/video.mp4	9474513
website/hls-library/video-library/work/motion-2/motion-02-04/poster.jpg	264954
website/hls-library/video-library/work/motion-2/motion-02-04/video.mp4	60186311
website/hls-library/video-library/work/motion-2/motion-02-05/poster.jpg	102229
website/hls-library/video-library/work/motion-2/motion-02-05/video.mp4	12784001
website/hls-library/video-library/work/motion-2/motion-02-06/poster.jpg	122242
website/hls-library/video-library/work/motion-2/motion-02-06/video.mp4	59547396
website/hls-library/video-library/work/tg-malromur/malromur-hero/poster.jpg	100611
website/hls-library/video-library/work/tg-malromur/malromur-hero/video.mp4	12721600
