img/.DS_Store	8196
img/01-illustrations/.DS_Store	8196
img/01-illustrations/INDEX.md	1363
img/01-illustrations/folio-1/INDEX.md	1994
img/01-illustrations/folio-1/_assets/01.png	3816646
img/01-illustrations/folio-1/_assets/02.png	4118853
img/01-illustrations/folio-1/_assets/03.png	31663
img/01-illustrations/folio-1/_assets/04.png	32448
img/01-illustrations/folio-1/_assets/05.png	36114
img/01-illustrations/folio-1/_assets/06.png	32894
img/01-illustrations/folio-1/_assets/07.png	85090
img/01-illustrations/folio-1/_assets/08.png	44465
img/01-illustrations/folio-1/_assets/09.png	38174
img/01-illustrations/folio-1/_assets/10.png	31856
img/01-illustrations/folio-1/_assets/11.png	45770
img/01-illustrations/folio-1/_assets/12.png	2807560
img/01-illustrations/folio-1/_assets/hero.jpg	5735777
img/01-illustrations/folio-1/logo-folio-01/lf-01-02.jpg	104965
img/01-illustrations/folio-1/logo-folio-01/lf-01-03.jpg	138765
img/01-illustrations/folio-1/logo-folio-01/lf-01-04.jpg	2237703
img/01-illustrations/folio-1/logo-folio-01/lf-01-05.jpg	150028
img/01-illustrations/folio-1/logo-folio-01/lf-01-06.jpg	110532
img/01-illustrations/folio-1/logo-folio-01/lf-01-07.jpg	370268
img/01-illustrations/folio-1/logo-folio-01/lf-01-08.jpg	147074
img/01-illustrations/folio-1/logo-folio-01/lf-01-09.jpg	141538
img/01-illustrations/folio-1/logo-folio-01/lf-01-10.jpg	2294342
img/01-illustrations/folio-1/logo-folio-01/lf-01-11.jpg	111486
img/01-illustrations/folio-1/logo-folio-01/lf-01-12.jpg	159149
img/01-illustrations/folio-1/logo-folio-01/lf-01-hero.jpg	3365902
img/01-illustrations/folio-1/logo-folio-01/lf-01-thumb.jpg	1505160
img/01-illustrations/folio-2/INDEX.md	1920
img/01-illustrations/folio-2/_assets/01.png	87265
img/01-illustrations/folio-2/_assets/02.png	892677
img/01-illustrations/folio-2/_assets/03.png	37324
img/01-illustrations/folio-2/_assets/04.png	34354
img/01-illustrations/folio-2/_assets/05.png	29732
img/01-illustrations/folio-2/_assets/06.png	38720
img/01-illustrations/folio-2/_assets/07.png	2754708
img/01-illustrations/folio-2/_assets/08.png	35585
img/01-illustrations/folio-2/_assets/09.png	39553
img/01-illustrations/folio-2/_assets/10.png	33556
img/01-illustrations/folio-2/_assets/11.png	40135
img/01-illustrations/folio-2/_assets/12.png	845469
img/01-illustrations/folio-2/logo-folio-02/lf-02-02.jpg	126508
img/01-illustrations/folio-2/logo-folio-02/lf-02-03.jpg	137041
img/01-illustrations/folio-2/logo-folio-02/lf-02-04.jpg	709440
img/01-illustrations/folio-2/logo-folio-02/lf-02-05.jpg	107117
img/01-illustrations/folio-2/logo-folio-02/lf-02-06.jpg	120717
img/01-illustrations/folio-2/logo-folio-02/lf-02-07.jpg	305768
img/01-illustrations/folio-2/logo-folio-02/lf-02-08.jpg	113912
img/01-illustrations/folio-2/logo-folio-02/lf-02-09.jpg	141664
img/01-illustrations/folio-2/logo-folio-02/lf-02-10.jpg	639723
img/01-illustrations/folio-2/logo-folio-02/lf-02-11.jpg	106323
img/01-illustrations/folio-2/logo-folio-02/lf-02-12.jpg	122380
img/01-illustrations/folio-2/logo-folio-02/lf-02-hero.jpg	2197944
img/01-illustrations/folio-2/logo-folio-02/lf-02-thumb.jpg	973163
img/01-illustrations/folio-3/INDEX.md	1920
img/01-illustrations/folio-3/_assets/01.png	4222655
img/01-illustrations/folio-3/_assets/02.png	217089
img/01-illustrations/folio-3/_assets/03.png	72356
img/01-illustrations/folio-3/_assets/04.png	96185
img/01-illustrations/folio-3/_assets/05.png	68224
img/01-illustrations/folio-3/_assets/06.png	74922
img/01-illustrations/folio-3/_assets/07.png	152426
img/01-illustrations/folio-3/_assets/08.png	79209
img/01-illustrations/folio-3/_assets/09.png	89714
img/01-illustrations/folio-3/_assets/10.png	94849
img/01-illustrations/folio-3/_assets/11.png	37929
img/01-illustrations/folio-3/_assets/12.png	2726682
img/01-illustrations/folio-3/_assets/svg/biskup.svg	1115
img/01-illustrations/folio-3/_assets/svg/black-house.svg	574
img/01-illustrations/folio-3/_assets/svg/canalix.svg	753
img/01-illustrations/folio-3/_assets/svg/carrow.svg	5791
img/01-illustrations/folio-3/_assets/svg/casedoc.svg	721
img/01-illustrations/folio-3/_assets/svg/exmon.svg	757
img/01-illustrations/folio-3/_assets/svg/flik.svg	775
img/01-illustrations/folio-3/_assets/svg/greind.svg	1942
img/01-illustrations/folio-3/_assets/svg/hidash-1.svg	721
img/01-illustrations/folio-3/_assets/svg/hidash-2.svg	3953
img/01-illustrations/folio-3/_assets/svg/kaffistofan.svg	2261
img/01-illustrations/folio-3/_assets/svg/kolkrabbi.svg	9352
img/01-illustrations/folio-3/_assets/svg/konsulat.svg	4093
img/01-illustrations/folio-3/_assets/svg/likhamur.svg	18474
img/01-illustrations/folio-3/_assets/svg/logo-1.svg	1174
img/01-illustrations/folio-3/_assets/svg/logo-2.svg	2141
img/01-illustrations/folio-3/_assets/svg/logo-3.svg	1236
img/01-illustrations/folio-3/_assets/svg/logo-4.svg	512
img/01-illustrations/folio-3/_assets/svg/logo-5.svg	663
img/01-illustrations/folio-3/_assets/svg/logo-6-1.svg	1132
img/01-illustrations/folio-3/_assets/svg/logo-6.svg	1942
img/01-illustrations/folio-3/_assets/svg/logo-7.svg	626
img/01-illustrations/folio-3/_assets/svg/mbsk.svg	1991
img/01-illustrations/folio-3/_assets/svg/microgroove.svg	2088
img/01-illustrations/folio-3/_assets/svg/mobe-3.svg	1085
img/01-illustrations/folio-3/_assets/svg/servado.svg	628
img/01-illustrations/folio-3/_assets/svg/snjallingur.svg	2093
img/01-illustrations/folio-3/_assets/thumbnail/illustration-4-thumbnail-02.png	179217
img/01-illustrations/folio-3/logo-folio-03/lf-03-02.jpg	171148
img/01-illustrations/folio-3/logo-folio-03/lf-03-03.jpg	99452
img/01-illustrations/folio-3/logo-folio-03/lf-03-04.jpg	2222361
img/01-illustrations/folio-3/logo-folio-03/lf-03-05.jpg	118519
img/01-illustrations/folio-3/logo-folio-03/lf-03-06.jpg	123645
img/01-illustrations/folio-3/logo-folio-03/lf-03-07.jpg	352261
img/01-illustrations/folio-3/logo-folio-03/lf-03-08.jpg	115751
img/01-illustrations/folio-3/logo-folio-03/lf-03-09.jpg	107660
img/01-illustrations/folio-3/logo-folio-03/lf-03-10.jpg	2222860
img/01-illustrations/folio-3/logo-folio-03/lf-03-11.jpg	178895
img/01-illustrations/folio-3/logo-folio-03/lf-03-12.jpg	177874
img/01-illustrations/folio-3/logo-folio-03/lf-03-hero.jpg	2090802
img/01-illustrations/folio-3/logo-folio-03/lf-03-thumb.jpg	1102993
img/01-illustrations/grid-01/grid-01-01.jpg	429456
img/01-illustrations/grid-01/grid-01-02.jpg	513276
img/01-illustrations/grid-01/grid-01-03.jpg	363688
img/01-illustrations/grid-01/grid-01-04.jpg	428820
img/01-illustrations/grid-01/grid-01-05.jpg	516137
img/01-illustrations/grid-01/grid-01-06.jpg	208954
img/01-illustrations/grid-01/grid-01-07.jpg	602445
img/01-illustrations/grid-01/grid-01-08.jpg	234519
img/01-illustrations/grid-01/grid-01-09.jpg	202487
img/01-illustrations/grid-01/grid-01-hero.jpg	565763
img/01-illustrations/grid-01/grid-01-thumb.jpg	396230
img/01-illustrations/grid-02/grid-02-01.jpg	529262
img/01-illustrations/grid-02/grid-02-02.jpg	303447
img/01-illustrations/grid-02/grid-02-03.jpg	196601
img/01-illustrations/grid-02/grid-02-04.jpg	495424
img/01-illustrations/grid-02/grid-02-05.jpg	409776
img/01-illustrations/grid-02/grid-02-06.jpg	560931
img/01-illustrations/grid-02/grid-02-07.jpg	365512
img/01-illustrations/grid-02/grid-02-08.jpg	229887
img/01-illustrations/grid-02/grid-02-09.jpg	201744
img/01-illustrations/grid-02/grid-02-hero.jpg	475886
img/01-illustrations/grid-02/grid-02-thumb.jpg	275385
img/01-illustrations/illustration-01/illustration-01-01.jpg	2538832
img/01-illustrations/illustration-01/illustration-01-02.jpg	519198
img/01-illustrations/illustration-01/illustration-01-03.jpg	265190
img/01-illustrations/illustration-01/illustration-01-04.jpg	1661123
img/01-illustrations/illustration-01/illustration-01-05.jpg	305012
img/01-illustrations/illustration-01/illustration-01-06.jpg	692337
img/01-illustrations/illustration-01/illustration-01-hero-01.jpg	1652063
img/01-illustrations/illustration-01/illustration-01-hero-02.jpg	817222
img/01-illustrations/illustration-01/illustration-01-thumb.jpg	651935
img/01-illustrations/illustration-02/illustration-02-01.jpg	548211
img/01-illustrations/illustration-02/illustration-02-02.jpg	283259
img/01-illustrations/illustration-02/illustration-02-03.jpg	188448
img/01-illustrations/illustration-02/illustration-02-04.jpg	435712
img/01-illustrations/illustration-02/illustration-02-05.jpg	178855
img/01-illustrations/illustration-02/illustration-02-06.jpg	124443
img/01-illustrations/illustration-02/illustration-02-07.jpg	499303
img/01-illustrations/illustration-02/illustration-02-08.jpg	1796241
img/01-illustrations/illustration-02/illustration-02-09.jpg	1753410
img/01-illustrations/illustration-02/illustration-02-hero.jpg	533605
img/01-illustrations/illustration-02/illustration-02-thumb.jpg	181477
img/01-illustrations/illustration-03/illustration-04-01.jpg	598662
img/01-illustrations/illustration-03/illustration-04-02.jpg	261542
img/01-illustrations/illustration-03/illustration-04-03.jpg	242715
img/01-illustrations/illustration-03/illustration-04-04.jpg	574529
img/01-illustrations/illustration-03/illustration-04-05.jpg	192412
img/01-illustrations/illustration-03/illustration-04-06.jpg	259177
img/01-illustrations/illustration-03/illustration-04-07.jpg	558314
img/01-illustrations/illustration-03/illustration-04-08.jpg	193745
img/01-illustrations/illustration-03/illustration-04-09.jpg	384178
img/01-illustrations/illustration-03/illustration-04-hero.jpg	558598
img/01-illustrations/illustration-03/illustration-04-thumb.jpg	193137
img/01-illustrations/pattern-01/pattern-01-01.jpg	577689
img/01-illustrations/pattern-01/pattern-01-02.jpg	377162
img/01-illustrations/pattern-01/pattern-01-03.jpg	472844
img/01-illustrations/pattern-01/pattern-01-04.jpg	405210
img/01-illustrations/pattern-01/pattern-01-05.jpg	303176
img/01-illustrations/pattern-01/pattern-01-06.jpg	380548
img/01-illustrations/pattern-01/pattern-01-hero.jpg	541464
img/01-illustrations/pattern-01/pattern-01-thumb.jpg	358650
img/01-illustrations/pattern-02/pattern-02-01.jpg	717535
img/01-illustrations/pattern-02/pattern-02-02.jpg	451400
img/01-illustrations/pattern-02/pattern-02-03.jpg	268841
img/01-illustrations/pattern-02/pattern-02-04.jpg	437537
img/01-illustrations/pattern-02/pattern-02-05.jpg	223169
img/01-illustrations/pattern-02/pattern-02-06.jpg	463277
img/01-illustrations/pattern-02/pattern-02-hero.jpg	392928
img/01-illustrations/pattern-02/pattern-02-thumb.jpg	233988
img/01-illustrations/pattern-03/pattern-03-01.jpg	468497
img/01-illustrations/pattern-03/pattern-03-02.jpg	244181
img/01-illustrations/pattern-03/pattern-03-03.jpg	243404
img/01-illustrations/pattern-03/pattern-03-04.jpg	661931
img/01-illustrations/pattern-03/pattern-03-05.jpg	165341
img/01-illustrations/pattern-03/pattern-03-06.jpg	164937
img/01-illustrations/pattern-03/pattern-03-hero.jpg	508193
img/01-illustrations/pattern-03/pattern-03-thumb.jpg	153132
img/02-tools/.DS_Store	8196
img/02-tools/INDEX.md	787
img/02-tools/tool-distress/INDEX.md	226
img/02-tools/tool-distress/_assets/slot/kol-distress-slot1.png	285842
img/02-tools/tool-distress/_assets/slot/kol-distress-ui.png	36669
img/02-tools/tool-distress/_assets/thumbnail/kol-distress-thumbnail-02.png	284018
img/02-tools/tool-editor/INDEX.md	220
img/02-tools/tool-editor/_assets/slot/kol-editor-landing.png	10106
img/02-tools/tool-editor/_assets/slot/kol-editor-slot1.png	1081016
img/02-tools/tool-editor/_assets/slot/kol-editor-view.png	14410
img/02-tools/tool-modulator/INDEX.md	229
img/02-tools/tool-modulator/_assets/slot/kol-modulator-slot1.png	131392
img/02-tools/tool-modulator/_assets/slot/kol-modulator-slot2.png	81114
img/02-tools/tool-modulator/_assets/slot/kol-modulator-slot3.png	116303
img/02-tools/tool-modulator/_assets/slot/kol-modulator-slot4.png	404670
img/02-tools/tool-modulator/_assets/slot/kol-modulator-slot4c.png	1183260
img/02-tools/tool-modulator/_assets/slot/kol-modulator-slot5.png	107990
img/02-tools/tool-modulator/_assets/slot/kol-modulator-slot6.png	616489
img/02-tools/tool-modulator/_assets/slot/kol-modulator-slot7.png	564128
img/02-tools/tool-modulator/_assets/variants/kol-modulator-a-dense.png	135657
img/02-tools/tool-modulator/_assets/variants/kol-modulator-a-flower.png	89082
img/02-tools/tool-modulator/_assets/variants/kol-modulator-a-gentle.png	85147
img/02-tools/tool-modulator/_assets/variants/kol-modulator-a-minimal.png	78102
img/02-tools/tool-modulator/_assets/variants/kol-modulator-a-ripple.png	125117
img/02-tools/tool-modulator/_assets/variants/kol-modulator-a-spiky.png	105784
img/02-tools/tool-monitor/INDEX.md	2146
img/02-tools/tool-monitor/_assets/09.png	3760944
img/02-tools/tool-monitor/_assets/10a.png	3289367
img/02-tools/tool-monitor/_assets/10b.png	4170651
img/02-tools/tool-monitor/_assets/4u.png	453493
img/02-tools/tool-monitor/_assets/7u.png	1195529
img/02-tools/tool-monitor/blog/_assets/blog-image-10.JPG	1705863
img/02-tools/tool-monitor/blog/_assets/blog-image-10b.jpg	1536049
img/02-tools/tool-monitor/blog/_assets/blog-image-11.png	454284
img/02-tools/tool-monitor/home-highlight/hl-monitor-1200.png	823262
img/02-tools/tool-monitor/home-highlight/monitor.png	933515
img/02-tools/tool-monitor/mirror-modules/INDEX.md	1411
img/02-tools/tool-monitor/mirror-modules/_assets/image copy 14.png	54001
img/02-tools/tool-monitor/mirror-modules/_assets/image copy 15.png	58724
img/02-tools/tool-monitor/mirror-modules/_assets/image copy 2.png	76801
img/02-tools/tool-monitor/mirror-modules/_assets/image copy 21.png	292962
img/02-tools/tool-monitor/mirror-modules/_assets/image copy 22.png	77386
img/02-tools/tool-monitor/mirror-modules/_assets/image copy 23.png	85752
img/02-tools/tool-monitor/mirror-modules/_assets/image copy 25.png	72704
img/02-tools/tool-monitor/mirror-modules/_assets/image copy 26.png	100542
img/02-tools/tool-monitor/mirror-modules/_assets/image copy 29.png	118665
img/02-tools/tool-monitor/mirror-modules/_assets/image copy 30.png	40735
img/02-tools/tool-monitor/mirror-modules/_assets/image copy 33.png	54196
img/02-tools/tool-monitor/mirror-modules/_assets/image copy 34.png	174856
img/02-tools/tool-monitor/mirror-modules/_assets/image copy 35.png	92255
img/02-tools/tool-monitor/mirror-modules/_assets/image copy 36.png	114029
img/02-tools/tool-monitor/mirror-modules/_assets/image copy 38.png	8105771
img/02-tools/tool-monitor/mirror-modules/_assets/image copy 39.png	408184
img/02-tools/tool-monitor/mirror-modules/_assets/image copy 46.png	91342
img/02-tools/tool-monitor/mirror-modules/_assets/image copy 48.png	184666
img/02-tools/tool-monitor/mirror-modules/_assets/image copy 51.png	132106
img/02-tools/tool-monitor/mirror-modules/_assets/image copy 52.png	363390
img/02-tools/tool-monitor/mirror-modules/_assets/image copy 55.png	122027
img/02-tools/tool-monitor/mirror-modules/_assets/image copy 58.png	78065
img/02-tools/tool-monitor/mirror-modules/_assets/image copy 6.png	44539
img/02-tools/tool-monitor/mirror-modules/_assets/image copy 67.png	180317
img/02-tools/tool-monitor/mirror-modules/_assets/image copy 69.png	99251
img/02-tools/tool-monitor/mirror-modules/_assets/image copy 72.png	184841
img/02-tools/tool-monitor/mirror-modules/_assets/image copy 73.png	94428
img/02-tools/tool-monitor/mirror-modules/_assets/image.png	43085
img/02-tools/tool-monitor/monitor/gallery-pairing.md	1098
img/02-tools/tool-monitor/monitor/monitor.md	3964
img/02-tools/tool-monitor/puppeteer-modules/INDEX.md	1642
img/02-tools/tool-monitor/puppeteer-modules/_assets/attenuator.png	26026
img/02-tools/tool-monitor/puppeteer-modules/_assets/clock.png	45898
img/02-tools/tool-monitor/puppeteer-modules/_assets/clockDiv.png	43633
img/02-tools/tool-monitor/puppeteer-modules/_assets/comparator.png	15224
img/02-tools/tool-monitor/puppeteer-modules/_assets/console.png	83353
img/02-tools/tool-monitor/puppeteer-modules/_assets/constant.png	10818
img/02-tools/tool-monitor/puppeteer-modules/_assets/delay.png	39636
img/02-tools/tool-monitor/puppeteer-modules/_assets/dither.png	59103
img/02-tools/tool-monitor/puppeteer-modules/_assets/envelope.png	32988
img/02-tools/tool-monitor/puppeteer-modules/_assets/filter.png	27811
img/02-tools/tool-monitor/puppeteer-modules/_assets/generator.png	47239
img/02-tools/tool-monitor/puppeteer-modules/_assets/generator2.png	41073
img/02-tools/tool-monitor/puppeteer-modules/_assets/joystick.png	21013
img/02-tools/tool-monitor/puppeteer-modules/_assets/kaleidoscope.png	44481
img/02-tools/tool-monitor/puppeteer-modules/_assets/lfo.png	28954
img/02-tools/tool-monitor/puppeteer-modules/_assets/life.png	37542
img/02-tools/tool-monitor/puppeteer-modules/_assets/lineGen.png	33553
img/02-tools/tool-monitor/puppeteer-modules/_assets/logic.png	15992
img/02-tools/tool-monitor/puppeteer-modules/_assets/magneto.png	179697
img/02-tools/tool-monitor/puppeteer-modules/_assets/maths.png	83475
img/02-tools/tool-monitor/puppeteer-modules/_assets/mixer.png	35701
img/02-tools/tool-monitor/puppeteer-modules/_assets/modGen.png	65188
img/02-tools/tool-monitor/puppeteer-modules/_assets/monitor.png	23475
img/02-tools/tool-monitor/puppeteer-modules/_assets/mult.png	16219
img/02-tools/tool-monitor/puppeteer-modules/_assets/noise.png	38329
img/02-tools/tool-monitor/puppeteer-modules/_assets/output.png	23465
img/02-tools/tool-monitor/puppeteer-modules/_assets/patch.png	13169
img/02-tools/tool-monitor/puppeteer-modules/_assets/pen.png	42608
img/02-tools/tool-monitor/puppeteer-modules/_assets/perf.png	9283
img/02-tools/tool-monitor/puppeteer-modules/_assets/power.png	9458
img/02-tools/tool-monitor/puppeteer-modules/_assets/quantizer.png	14526
img/02-tools/tool-monitor/puppeteer-modules/_assets/radialGen.png	82803
img/02-tools/tool-monitor/puppeteer-modules/_assets/ramp.png	18757
img/02-tools/tool-monitor/puppeteer-modules/_assets/recorder.png	49265
img/02-tools/tool-monitor/puppeteer-modules/_assets/reverb.png	31722
img/02-tools/tool-monitor/puppeteer-modules/_assets/rgb.png	51497
img/02-tools/tool-monitor/puppeteer-modules/_assets/ringMod.png	16703
img/02-tools/tool-monitor/puppeteer-modules/_assets/s2v.png	18495
img/02-tools/tool-monitor/puppeteer-modules/_assets/sampleHold.png	16061
img/02-tools/tool-monitor/puppeteer-modules/_assets/scaleOfs.png	16854
img/02-tools/tool-monitor/puppeteer-modules/_assets/scope.png	27445
img/02-tools/tool-monitor/puppeteer-modules/_assets/sequencer.png	42275
img/02-tools/tool-monitor/puppeteer-modules/_assets/smx3.png	34773
img/02-tools/tool-monitor/puppeteer-modules/_assets/svg.png	27382
img/02-tools/tool-monitor/puppeteer-modules/_assets/switch.png	21715
img/02-tools/tool-monitor/puppeteer-modules/_assets/transform.png	45935
img/02-tools/tool-monitor/puppeteer-modules/_assets/v2s.png	16327
img/02-tools/tool-monitor/puppeteer-modules/_assets/vca.png	19205
img/02-tools/tool-monitor/puppeteer-modules/_assets/waveform.png	36519
img/02-tools/tool-monitor/puppeteer-modules/_assets/waveshaper.png	38079
img/02-tools/tool-monitor/puppeteer-modules/_assets/wireframe.png	47454
img/02-tools/tool-monitor/puppeteer-patches/INDEX.md	1534
img/02-tools/tool-monitor/puppeteer-patches/_assets/70s.png	211712
img/02-tools/tool-monitor/puppeteer-patches/_assets/breathing.png	107824
img/02-tools/tool-monitor/puppeteer-patches/_assets/burst.png	131501
img/02-tools/tool-monitor/puppeteer-patches/_assets/color-cycle.png	119263
img/02-tools/tool-monitor/puppeteer-patches/_assets/color-steps.png	171816
img/02-tools/tool-monitor/puppeteer-patches/_assets/consoleMixer.png	217835
img/02-tools/tool-monitor/puppeteer-patches/_assets/dither.png	151809
img/02-tools/tool-monitor/puppeteer-patches/_assets/echo-trail.png	86665
img/02-tools/tool-monitor/puppeteer-patches/_assets/empty.png	58403
img/02-tools/tool-monitor/puppeteer-patches/_assets/filmstrip.png	270861
img/02-tools/tool-monitor/puppeteer-patches/_assets/filter.png	140648
img/02-tools/tool-monitor/puppeteer-patches/_assets/genHifi.png	138250
img/02-tools/tool-monitor/puppeteer-patches/_assets/genLofi.png	158783
img/02-tools/tool-monitor/puppeteer-patches/_assets/init-test.png	698287
img/02-tools/tool-monitor/puppeteer-patches/_assets/init.png	698546
img/02-tools/tool-monitor/puppeteer-patches/_assets/kaleidoscope.png	185127
img/02-tools/tool-monitor/puppeteer-patches/_assets/kraftwerk.png	157118
img/02-tools/tool-monitor/puppeteer-patches/_assets/life.png	120657
img/02-tools/tool-monitor/puppeteer-patches/_assets/lineGen.png	146106
img/02-tools/tool-monitor/puppeteer-patches/_assets/magneto.png	218443
img/02-tools/tool-monitor/puppeteer-patches/_assets/matrix.png	117007
img/02-tools/tool-monitor/puppeteer-patches/_assets/melody.png	144981
img/02-tools/tool-monitor/puppeteer-patches/_assets/metallic.png	104359
img/02-tools/tool-monitor/puppeteer-patches/_assets/modulator.png	145841
img/02-tools/tool-monitor/puppeteer-patches/_assets/morph-wave.png	78792
img/02-tools/tool-monitor/puppeteer-patches/_assets/morph.png	281427
img/02-tools/tool-monitor/puppeteer-patches/_assets/pendulum.png	93992
img/02-tools/tool-monitor/puppeteer-patches/_assets/radial.png	158307
img/02-tools/tool-monitor/puppeteer-patches/_assets/rhythm.png	131742
img/02-tools/tool-monitor/puppeteer-patches/_assets/seq-geo.png	137381
img/02-tools/tool-monitor/puppeteer-patches/_assets/sh-color.png	188394
img/02-tools/tool-monitor/puppeteer-patches/_assets/smx3.png	130597
img/02-tools/tool-monitor/puppeteer-patches/_assets/solarize.png	105321
img/02-tools/tool-monitor/puppeteer-patches/_assets/sonar.png	171555
img/02-tools/tool-monitor/puppeteer-patches/_assets/staircase.png	135875
img/02-tools/tool-monitor/puppeteer-patches/_assets/starter.png	25022
img/02-tools/tool-monitor/puppeteer-patches/_assets/system.png	307460
img/02-tools/tool-monitor/puppeteer-patches/_assets/trail-spin.png	198466
img/02-tools/tool-monitor/puppeteer-patches/_assets/vca-pulse.png	108263
img/02-tools/tool-monitor/puppeteer-patches/_assets/wash.png	144518
img/02-tools/tool-monitor/puppeteer-patches/_assets/wire-color.png	151570
img/02-tools/tool-monitor/puppeteer-patches/_assets/wireframe.png	141628
img/02-tools/tool-monitor/raw-patch-1/INDEX.md	1113
img/02-tools/tool-monitor/raw-patch-1/_assets/convway-01.png	1014080
img/02-tools/tool-monitor/raw-patch-1/_assets/convway-02.png	924546
img/02-tools/tool-monitor/raw-patch-1/_assets/conway-03-4-5.png	791810
img/02-tools/tool-monitor/raw-patch-1/_assets/expanded-module-card-4-5.png	187761
img/02-tools/tool-monitor/raw-patch-1/_assets/expanded-patch-card-4-5.png	319989
img/02-tools/tool-monitor/raw-patch-1/_assets/library.png	402538
img/02-tools/tool-monitor/raw-patch-1/_assets/life-module.png	454209
img/02-tools/tool-monitor/raw-patch-1/_assets/patch-01-5-3.png	395526
img/02-tools/tool-monitor/raw-patch-1/_assets/patch-02-5-3.png	215724
img/02-tools/tool-monitor/raw-patch-1/_assets/shortcuts-4-5.png	289574
img/02-tools/tool-monitor/raw-patch-1/_assets/wakthrough-02.png	90426
img/02-tools/tool-monitor/raw-patch-1/_assets/walkthrough-01.png	77474
img/02-tools/tool-monitor/raw-patch-1/_assets/workbench-01-5-3.png	435050
img/02-tools/tool-monitor/raw-patch-1/_assets/workbench-02-5-3.png	394722
img/02-tools/tool-monitor/raw-patch/INDEX.md	1642
img/02-tools/tool-monitor/raw-patch/_assets/Screenshot 2026-04-04 at 02.14.51.png	1996654
img/02-tools/tool-monitor/raw-patch/_assets/hero-5-3.png	1724856
img/02-tools/tool-monitor/raw-patch/_assets/home-monitor.png	123782
img/02-tools/tool-monitor/raw-patch/_assets/home-walkthrough-01.png	157977
img/02-tools/tool-monitor/raw-patch/_assets/home-walkthrough-02.png	161263
img/02-tools/tool-monitor/raw-patch/_assets/home-walkthrough-03.png	154543
img/02-tools/tool-monitor/raw-patch/_assets/home-walkthrough-04.png	160212
img/02-tools/tool-monitor/raw-patch/_assets/home-walkthrough-05.png	219215
img/02-tools/tool-monitor/raw-patch/_assets/home-walkthrough-06.png	99703
img/02-tools/tool-monitor/raw-patch/_assets/library-modules-01.png	2269783
img/02-tools/tool-monitor/raw-patch/_assets/library-modules-02.png	842698
img/02-tools/tool-monitor/raw-patch/_assets/library-modules-03.png	185847
img/02-tools/tool-monitor/raw-patch/_assets/library-patches-04.png	3209808
img/02-tools/tool-monitor/raw-patch/_assets/library-patches-06.png	260745
img/02-tools/tool-monitor/raw-patch/_assets/module-panel-4-5-01.png	324353
img/02-tools/tool-monitor/raw-patch/_assets/module-panel-4-5-02.png	266335
img/02-tools/tool-monitor/raw-patch/_assets/monitor-create-01.png	90682
img/02-tools/tool-monitor/raw-patch/_assets/monitor-create-02.png	386681
img/02-tools/tool-monitor/raw-patch/_assets/monitor-create-03.png	384357
img/02-tools/tool-monitor/raw-patch/_assets/monitor-create-04.png	461920
img/02-tools/tool-monitor/raw-patch/_assets/monitor-create-05.png	1170214
img/02-tools/tool-monitor/raw-patch/_assets/monitor-create-06.png	961729
img/02-tools/tool-monitor/raw-patch/_assets/monitor-create-07.png	1002146
img/02-tools/tool-monitor/raw-patch/_assets/patch-5-3.png	652163
img/02-tools/tool-monitor/raw-patch/_assets/patch-output-01.png	1671409
img/02-tools/tool-monitor/raw-patch/_assets/patch-output-02.png	2179877
img/02-tools/tool-monitor/raw-patch/_assets/thumb-01-4-3.png	467284
img/02-tools/tool-monitor/raw-patch/_assets/thumb-01-4-5.png	566674
img/02-tools/tool-monitor/raw-patch/_assets/thumb-02-4-3.png	385463
img/02-tools/tool-monitor/raw-patch/_assets/thumb-02-4-5.png	429012
img/02-tools/tool-monitor/social/_assets/thumbnail/monitor-thumb-4-5.png	770777
img/02-tools/tool-monitor/tool-monitor2/tool-monitor-01.jpg	945737
img/02-tools/tool-monitor/tool-monitor2/tool-monitor-02.jpg	167989
img/02-tools/tool-monitor/tool-monitor2/tool-monitor-03.jpg	210844
img/02-tools/tool-monitor/tool-monitor2/tool-monitor-04.jpg	609194
img/02-tools/tool-monitor/tool-monitor2/tool-monitor-05.jpg	571467
img/02-tools/tool-monitor/tool-monitor2/tool-monitor-06.jpg	811918
img/02-tools/tool-monitor/tool-monitor2/tool-monitor-hero.jpg	1019344
img/02-tools/tool-monitor/tool-monitor2/tool-monitor-thumb.jpg	559212
img/02-tools/tool-monitor/video-modules-ref/INDEX.md	1495
img/02-tools/tool-monitor/video-modules-ref/_assets/divider.png	385016
img/02-tools/tool-monitor/video-modules-ref/_assets/filter.png	653310
img/02-tools/tool-monitor/video-modules-ref/_assets/image copy 10.png	2699727
img/02-tools/tool-monitor/video-modules-ref/_assets/image copy 11.png	3074743
img/02-tools/tool-monitor/video-modules-ref/_assets/image copy 12.png	1598092
img/02-tools/tool-monitor/video-modules-ref/_assets/image copy 13.png	1108214
img/02-tools/tool-monitor/video-modules-ref/_assets/image copy 17.png	834724
img/02-tools/tool-monitor/video-modules-ref/_assets/image copy 18.png	2533583
img/02-tools/tool-monitor/video-modules-ref/_assets/image copy 19.png	1157509
img/02-tools/tool-monitor/video-modules-ref/_assets/image copy 20.png	1759181
img/02-tools/tool-monitor/video-modules-ref/_assets/image copy 21.png	1153014
img/02-tools/tool-monitor/video-modules-ref/_assets/image copy 22.png	317433
img/02-tools/tool-monitor/video-modules-ref/_assets/image copy 24.png	8177710
img/02-tools/tool-monitor/video-modules-ref/_assets/image copy 26.png	290288
img/02-tools/tool-monitor/video-modules-ref/_assets/image copy 3.png	75589
img/02-tools/tool-monitor/video-modules-ref/_assets/image copy 33.png	1998701
img/02-tools/tool-monitor/video-modules-ref/_assets/image copy 34.png	1235277
img/02-tools/tool-monitor/video-modules-ref/_assets/image copy 4.png	1776047
img/02-tools/tool-monitor/video-modules-ref/_assets/image copy 5.png	2316054
img/02-tools/tool-monitor/video-modules-ref/_assets/image copy 6.png	4360102
img/02-tools/tool-monitor/video-modules-ref/_assets/image copy 7.png	2586279
img/02-tools/tool-monitor/video-modules-ref/_assets/image copy 8.png	1073427
img/02-tools/tool-monitor/video-modules-ref/_assets/image copy 9.png	2623788
img/02-tools/tool-monitor/video-modules-ref/_assets/image copy.png	78643
img/02-tools/tool-monitor/video-modules-ref/_assets/image.png	177593
img/02-tools/tool-monitor/video-modules-ref/_assets/lifeforms.png	1807506
img/02-tools/tool-monitor/video-modules-ref/_assets/magneto.png	657925
img/02-tools/tool-monitor/video-modules-ref/_assets/maths.png	1605300
img/02-tools/tool-monitor/video-modules-ref/_assets/mult.png	520461
img/02-tools/tool-monitor/video-modules-ref/_assets/noisetools.png	772238
img/02-tools/tool-monitor/video-modules-ref/_assets/quadratt.png	1214899
img/02-tools/tool-monitor/video-modules-ref/_assets/sequencer a-155.png	1507538
img/02-tools/tool-monitor/video-modules-ref/_assets/sequencer.png	2670034
img/02-tools/tool-monitor/video-modules-ref/_assets/zeroscope.png	723993
img/02-tools/tool-monitor/video-modulo-april/INDEX.md	1885
img/02-tools/tool-monitor/video-modulo-april/_assets/april-02-01.png	1600153
img/02-tools/tool-monitor/video-modulo-april/_assets/april-02-02.png	672282
img/02-tools/tool-monitor/video-modulo-april/_assets/april-02-03.png	28939
img/02-tools/tool-monitor/video-modulo-april/_assets/april-02-04.png	655290
img/02-tools/tool-monitor/video-modulo-april/_assets/april-02-05.png	737882
img/02-tools/tool-monitor/video-modulo-april/_assets/april-02-06.png	671321
img/02-tools/tool-monitor/video-modulo-april/_assets/april-02-07.png	1561826
img/02-tools/tool-monitor/video-modulo-april/_assets/april-02-08.png	546629
img/02-tools/tool-monitor/video-modulo-april/_assets/april-02-09.png	127111
img/02-tools/tool-monitor/video-modulo-april/_assets/april-02-10.png	29459
img/02-tools/tool-monitor/video-modulo-april/_assets/april-02-11.png	801786
img/02-tools/tool-monitor/video-modulo-april/_assets/april-02-12.png	762529
img/02-tools/tool-monitor/video-modulo-april/_assets/april-02-13.png	23085
img/02-tools/tool-monitor/video-modulo-april/_assets/april-02-14.png	608968
img/02-tools/tool-monitor/video-modulo-april/_assets/april-03-01.png	1342866
img/02-tools/tool-monitor/video-modulo-april/_assets/april-03-02.png	41093
img/02-tools/tool-monitor/video-modulo-april/_assets/april-03-03.png	37234
img/02-tools/tool-monitor/video-modulo-april/_assets/april-03-04.png	46224
img/02-tools/tool-monitor/video-modulo-april/_assets/april-03-05.png	141560
img/02-tools/tool-monitor/video-modulo-april/_assets/april-03-06.png	39580
img/02-tools/tool-monitor/video-modulo-april/_assets/april-03-07.png	45934
img/02-tools/tool-monitor/video-modulo-april/_assets/april-03-08.png	42242
img/02-tools/tool-monitor/video-modulo-april/_assets/april-03-09.png	50063
img/02-tools/tool-monitor/video-modulo-april/_assets/april-03-10.png	45205
img/02-tools/tool-monitor/video-modulo-april/_assets/april-03-11.png	50227
img/02-tools/tool-monitor/video-modulo-april/_assets/april-03-12.png	49947
img/02-tools/tool-monitor/video-modulo-april/_assets/april-03-13.png	13774
img/02-tools/tool-monitor/video-modulo-april/_assets/april-03-14.png	18256
img/02-tools/tool-monitor/video-modulo-april/_assets/april-03-15.png	43848
img/02-tools/tool-monitor/video-modulo-april/_assets/april-03-16.png	669030
img/02-tools/tool-monitor/video-modulo-april/_assets/april-03-17.png	1622339
img/02-tools/tool-monitor/video-modulo-april/_assets/april-03-18.png	1411337
img/02-tools/tool-monitor/video-modulo-april/_assets/april-04-01.png	55027
img/02-tools/tool-monitor/video-modulo-april/_assets/april-04-02.png	50069
img/02-tools/tool-monitor/video-modulo-april/_assets/april-04-03.png	53389
img/02-tools/tool-monitor/video-modulo-april/_assets/april-04-04.png	36129
img/02-tools/tool-monitor/video-modulo-april/_assets/april-04-05.png	106456
img/02-tools/tool-monitor/video-modulo-april/_assets/april-04-06.png	283741
img/02-tools/tool-monitor/video-modulo-april/_assets/april-04-07.png	102786
img/02-tools/tool-monitor/video-modulo-april/_assets/april-04-08.png	45655
img/02-tools/tool-monitor/video-modulo-april/_assets/april-04-09.png	94664
img/02-tools/tool-monitor/video-modulo-april/_assets/april-04-10.png	374990
img/02-tools/tool-monitor/video-modulo-april/_assets/april-04-11.png	349338
img/02-tools/tool-monitor/video-modulo-april/_assets/april-04-12.png	142174
img/02-tools/tool-monitor/video-modulo-april/_assets/april-04-13.png	197946
img/02-tools/tool-monitor/video-modulo-april/_assets/april-04-14.png	56660
img/02-tools/tool-monitor/video-modulo-april/_assets/april-04-15.png	53796
img/02-tools/tool-monitor/video-modulo-april/_assets/april-04-16.png	135167
img/02-tools/tool-monitor/video-modulo-april/_assets/case-01.png	543870
img/02-tools/tool-monitor/video-modulo-april/_assets/case-02.png	2525088
img/02-tools/tool-noter/_noter.png	227240
img/02-tools/tool-noter/noter-2.png	328313
img/02-tools/tool-noter/w Note (Note).png	207254
img/02-tools/tool-radial/INDEX.md	220
img/02-tools/tool-radial/_assets/article/article-radial-apparat-hero-01.png	572585
img/02-tools/tool-radial/_assets/article/article-radial-apparat-hero-02.png	573205
img/02-tools/tool-radial/_assets/article/article-radial-apparat-thumb-01.png	450865
img/02-tools/tool-radial/_assets/captures/screenshot-2026-03-13-1221-11.png	291223
img/02-tools/tool-radial/_assets/captures/screenshot-2026-03-13-1221-15.png	313879
img/02-tools/tool-radial/_assets/hero/kol-radial-hero-02.png	721065
img/02-tools/tool-radial/_assets/slot/kol-radial-slot1.png	237452
img/02-tools/tool-radial/_assets/slot/kol-radial-slot11.png	309022
img/02-tools/tool-radial/_assets/slot/kol-radial-slot12.png	301228
img/02-tools/tool-radial/_assets/slot/kol-radial-slot4.png	298464
img/02-tools/tool-radial/_assets/slot/kol-radial-slot5.png	249798
img/02-tools/tool-radial/_assets/slot/kol-radial-slot6.png	250607
img/02-tools/tool-radial/_assets/slot/kol-radial-ui.png	69389
img/02-tools/tool-radial/_assets/thumbnail/kol-radial-thumbnail-02.png	89188
img/02-tools/tool-radial/cms-blog-radial-apparat/article-radial-apparat-thumb-02.png	1168833
img/02-tools/tool-radial/cms-blog-radial-apparat/article-radial-apparat-thumb-03.png	654403
img/02-tools/tool-radial/kolkrabbi-radial.png	1293708
img/02-tools/tool-radial/kolkrabbi-stack.png	6719176
img/02-tools/tool-radial/radial-grid/grid cross.png	45076
img/02-tools/tool-radial/radial-grid/grid-2.png	55854
img/02-tools/tool-radial/radial-grid/grid.png	61732
img/02-tools/tool-radial/tool-radial2/_tool-radial-hero.jpg	472634
img/02-tools/tool-radial/tool-radial2/_tool-radial-thumb.jpg	349900
img/02-tools/tool-radial/tool-radial2/tool-radial-01.jpg	733639
img/02-tools/tool-radial/tool-radial2/tool-radial-02.jpg	315758
img/02-tools/tool-radial/tool-radial2/tool-radial-03.jpg	384519
img/02-tools/tool-radial/tool-radial2/tool-radial-04.jpg	686897
img/02-tools/tool-radial/tool-radial2/tool-radial-05.jpg	445373
img/02-tools/tool-radial/tool-radial2/tool-radial-06.jpg	249963
img/02-tools/tool-vcap/INDEX.md	841
img/02-tools/tool-vcap/Untitled.jpg	81402
img/02-tools/tool-vcap/_assets/vcap-01.png	402163
img/02-tools/tool-vcap/_assets/vcap-02.png	681735
img/02-tools/tool-vcap/_assets/vcap-03.png	620837
img/02-tools/tool-vcap/_assets/vcap-04.png	597927
img/02-tools/tool-vcap/_assets/vcap-05.jpg	642983
img/02-tools/tool-vcap/_assets/vcap-06.jpg	1629512
img/02-tools/tool-vcap/_assets/vcap-07.jpg	1154108
img/02-tools/tool-vcap/_assets/vcap-08.jpg	1181144
img/02-tools/tool-vcap/_assets/vcap-09.jpg	1825544
img/03-clients/.DS_Store	8196
img/03-clients/INDEX.md	1123
img/03-clients/aftra/.DS_Store	6148
img/03-clients/aftra/INDEX.md	751
img/03-clients/aftra/_assets/aftra-still.png	166994
img/03-clients/aftra/_assets/aftra-thumbnail-00.png	1593939
img/03-clients/aftra/_assets/aftra-thumbnail-14-4-3.png	240453
img/03-clients/aftra/_assets/aftra-thumbnail-16-4-3.png	3484844
img/03-clients/aftra/aftra-01/INDEX.md	1752
img/03-clients/aftra/aftra-01/_assets/01.png	1302932
img/03-clients/aftra/aftra-01/_assets/02.png	2431327
img/03-clients/aftra/aftra-01/_assets/03.png	954719
img/03-clients/aftra/aftra-01/_assets/04.png	720958
img/03-clients/aftra/aftra-01/_assets/05.png	642194
img/03-clients/aftra/aftra-01/_assets/06.png	691787
img/03-clients/aftra/aftra-01/_assets/07.png	729943
img/03-clients/aftra/aftra-01/_assets/08.png	236460
img/03-clients/aftra/aftra-01/_assets/09.png	158602
img/03-clients/aftra/aftra-01/_assets/10.png	205942
img/03-clients/aftra/aftra-01/_assets/11.png	64724
img/03-clients/aftra/aftra-01/_assets/12.png	122130
img/03-clients/aftra/aftra-01/_assets/13.png	141962
img/03-clients/aftra/aftra-02/INDEX.md	1784
img/03-clients/aftra/aftra-02/_assets/01-aftra-5-3.png	1042927
img/03-clients/aftra/aftra-02/_assets/02-aftra-5-3.png	1297951
img/03-clients/aftra/aftra-02/_assets/03-aftra-4-5.png	1977792
img/03-clients/aftra/aftra-02/_assets/04-aftra-4-5.png	202542
img/03-clients/aftra/aftra-02/_assets/05-aftra-5-3.png	1072244
img/03-clients/aftra/aftra-02/_assets/06-aftra-4-5.png	756699
img/03-clients/aftra/aftra-02/_assets/07-aftra-4-5.png	483217
img/03-clients/aftra/aftra-02/_assets/08-aftra-5-3.png	95257
img/03-clients/aftra/aftra-02/_assets/09-aftra-4-5.png	119663
img/03-clients/aftra/aftra-02/_assets/10-aftra-4-5.png	191382
img/03-clients/aftra/aftra-02/_assets/11-aftra-5-3.png	152514
img/03-clients/aftra/aftra-02/_assets/12-aftra-4-5.png	362077
img/03-clients/aftra/aftra-02/_assets/13-aftra-4-5.png	387953
img/03-clients/aftra/aftra/aftra.jpg	19614684
img/03-clients/another-creation/.DS_Store	8196
img/03-clients/another-creation/acyr-brand/INDEX.md	5176
img/03-clients/another-creation/acyr-brand/ac-assets.af	152703
img/03-clients/another-creation/acyr-brand/favicon/favicon-ac-01.svg	12545
img/03-clients/another-creation/acyr-brand/favicon/favicon-ac-02.svg	12693
img/03-clients/another-creation/acyr-brand/favicon/favicon.svg	9615
img/03-clients/another-creation/acyr-brand/lockups/ac-lockup-hori.svg	17479
img/03-clients/another-creation/acyr-brand/lockups/ac-lockup-vert.svg	17402
img/03-clients/another-creation/acyr-brand/lockups/ac-logomark.svg	12519
img/03-clients/another-creation/acyr-brand/lockups/ac-wordmark.svg	4952
img/03-clients/another-creation/acyr-brand/lockups/lockup-hori.svg	17626
img/03-clients/another-creation/acyr-brand/lockups/lockup-signature-01-dark.svg	29626
img/03-clients/another-creation/acyr-brand/lockups/lockup-signature-01-light.svg	29628
img/03-clients/another-creation/acyr-brand/lockups/lockup-signature-02-dark.svg	17238
img/03-clients/another-creation/acyr-brand/lockups/lockup-signature-02-light.svg	17227
img/03-clients/another-creation/acyr-brand/lockups/lockup-signature-dark.svg	17453
img/03-clients/another-creation/acyr-brand/lockups/lockup-signature-light.svg	17453
img/03-clients/another-creation/acyr-brand/lockups/lockup-stacked-dark.svg	17480
img/03-clients/another-creation/acyr-brand/lockups/lockup-stacked-light.svg	17480
img/03-clients/another-creation/acyr-brand/lockups/lockup-vert.svg	17529
img/03-clients/another-creation/acyr-brand/lockups/lockup-vertical-dark.svg	17505
img/03-clients/another-creation/acyr-brand/lockups/lockup-vertical-light.svg	17505
img/03-clients/another-creation/acyr-brand/lockups/logomark.svg	12554
img/03-clients/another-creation/acyr-brand/lockups/signature-contained-thick-dark.svg	12719
img/03-clients/another-creation/acyr-brand/lockups/signature-contained-thick-light.svg	12719
img/03-clients/another-creation/acyr-brand/lockups/signature-thick-dark.svg	12514
img/03-clients/another-creation/acyr-brand/lockups/signature-thick-light.svg	12514
img/03-clients/another-creation/acyr-brand/lockups/signature-thin-dark.svg	24767
img/03-clients/another-creation/acyr-brand/lockups/signature-thin-light.svg	24767
img/03-clients/another-creation/acyr-brand/lockups/wordmark-stacked-dark.svg	4982
img/03-clients/another-creation/acyr-brand/lockups/wordmark-stacked-light.svg	4982
img/03-clients/another-creation/acyr-brand/lockups/wordmark-vertical-dark.svg	4993
img/03-clients/another-creation/acyr-brand/lockups/wordmark-vertical-light.svg	4993
img/03-clients/another-creation/acyr-brand/lockups/wordmark.svg	5057
img/03-clients/another-creation/acyr-og-img/INDEX.md	1187
img/03-clients/another-creation/acyr-og-img/_assets/open-graph-01.jpg	776022
img/03-clients/another-creation/acyr-og-img/_assets/open-graph-02.jpg	983271
img/03-clients/another-creation/acyr-og-img/_assets/open-graph-03.jpg	494709
img/03-clients/another-creation/acyr-og-img/_assets/open-graph-03.png	1106554
img/03-clients/another-creation/acyr-og-img/_assets/open-graph-04.jpg	326423
img/03-clients/another-creation/acyr-og-img/_assets/open-graph-05.jpg	248359
img/03-clients/another-creation/acyr-og-img/_assets/open-graph-06.jpg	2016906
img/03-clients/another-creation/acyr-og-img/_assets/open-graph-07.jpg	2861128
img/03-clients/another-creation/acyr-og-img/_assets/open-graph-08.jpg	2701133
img/03-clients/another-creation/acyr-og-img/_assets/open-graph-09.jpg	2613422
img/03-clients/another-creation/acyr-og-img/_assets/open-graph-10.jpg	268776
img/03-clients/another-creation/acyr-og-img/_assets/open-graph-11.jpg	1101972
img/03-clients/another-creation/acyr-og-img/_assets/open-graph-12.jpg	683365
img/03-clients/another-creation/acyr-og-img/_assets/open-graph-13.jpg	1112504
img/03-clients/another-creation/acyr-og-img/_assets/open-graph-14.jpg	2205481
img/03-clients/another-creation/acyr-og-img/_assets/open-graph-15.jpg	1547275
img/03-clients/another-creation/acyr-photos/ac-anna-web/33a4402.jpg	489663
img/03-clients/another-creation/acyr-photos/ac-anna-web/33a4480.jpg	487692
img/03-clients/another-creation/acyr-photos/ac-anna-web/33a4595.jpg	486969
img/03-clients/another-creation/acyr-photos/ac-anna-web/33a4630.jpg	491888
img/03-clients/another-creation/acyr-photos/ac-anna-web/33a4660.jpg	479186
img/03-clients/another-creation/acyr-photos/ac-anna-web/33a4694.jpg	493810
img/03-clients/another-creation/acyr-photos/ac-anna-web/33a4749.jpg	484815
img/03-clients/another-creation/acyr-photos/ac-anna-web/33a4797.jpg	481787
img/03-clients/another-creation/acyr-photos/ac-anna-web/33a4800.jpg	478831
img/03-clients/another-creation/acyr-photos/ac-anna-web/33a4806.jpg	487094
img/03-clients/another-creation/acyr-photos/ac-anna-web/33a4816.jpg	481476
img/03-clients/another-creation/acyr-photos/ac-anna-web/33a4845.jpg	470549
img/03-clients/another-creation/acyr-photos/ac-anna-web/33a4852.jpg	477903
img/03-clients/another-creation/acyr-photos/ac-anna-web/33a4855.jpg	488980
img/03-clients/another-creation/acyr-photos/ac-anna-web/33a4865.jpg	453246
img/03-clients/another-creation/acyr-photos/ac-anna-web/33a4887.jpg	470760
img/03-clients/another-creation/acyr-photos/ac-anna-web/33a4931.jpg	479579
img/03-clients/another-creation/acyr-photos/ac-anna-web/33a4965.jpg	481171
img/03-clients/another-creation/acyr-photos/ac-anna-web/33a4990.jpg	484686
img/03-clients/another-creation/acyr-photos/ac-anna-web/33a4996.jpg	465508
img/03-clients/another-creation/acyr-photos/ac-anna-web/33a5011.jpg	466702
img/03-clients/another-creation/acyr-photos/ac-anna-web/33a5012.jpg	477202
img/03-clients/another-creation/acyr-photos/ac-anna-web/33a5018.jpg	489112
img/03-clients/another-creation/acyr-photos/ac-anna-web/33a5074.jpg	481370
img/03-clients/another-creation/acyr-photos/ac-anna-web/33a5152.jpg	485791
img/03-clients/another-creation/acyr-photos/ac-anna-web/33a5193.jpg	480095
img/03-clients/another-creation/acyr-photos/ac-anna-web/33a5342.jpg	486380
img/03-clients/another-creation/acyr-photos/ac-anna-web/33a5402.jpg	490491
img/03-clients/another-creation/acyr-photos/ac-anna-web/33a5428.jpg	482499
img/03-clients/another-creation/acyr-photos/ac-anna-web/33a5464.jpg	489535
img/03-clients/another-creation/acyr-photos/ac-anna-web/33a5518.jpg	490585
img/03-clients/another-creation/acyr-photos/ac-anna-web/33a5620-2-1-.jpg	494716
img/03-clients/another-creation/acyr-photos/ac-anna-web/33a5634-3.jpg	485155
img/03-clients/another-creation/acyr-photos/ac-anna-web/33a5876-2.jpg	492386
img/03-clients/another-creation/acyr-photos/ac-anna-web/33a5887.jpg	485178
img/03-clients/another-creation/acyr-photos/ac-anna-web/33a5900-2.jpg	487058
img/03-clients/another-creation/acyr-photos/ac-anna-web/33a5964-2.jpg	482020
img/03-clients/another-creation/acyr-photos/ac-anna-web/33a5999.jpg	484756
img/03-clients/another-creation/acyr-photos/ac-anna-web/33a6000.jpg	486239
img/03-clients/another-creation/acyr-photos/ac-anna-web/33a6034.jpg	493069
img/03-clients/another-creation/acyr-photos/ac-anna-web/33a6047.jpg	484576
img/03-clients/another-creation/acyr-photos/ac-anna-web/33a6052.jpg	491630
img/03-clients/another-creation/acyr-photos/ac-anna-web/33a6055.jpg	483787
img/03-clients/another-creation/acyr-photos/ac-anna-web/33a6082-1-.jpg	491875
img/03-clients/another-creation/acyr-photos/ac-anna-web/33a6229-1-.jpg	490514
img/03-clients/another-creation/acyr-photos/ac-anna-web/33a6242.jpg	486785
img/03-clients/another-creation/acyr-photos/ac-anna-web/33a6275.jpg	482428
img/03-clients/another-creation/acyr-photos/ac-anna-web/33a6361.jpg	471234
img/03-clients/another-creation/acyr-photos/ac-anna-web/33a6370.jpg	477030
img/03-clients/another-creation/acyr-photos/ac-anna-web/33a6418.jpg	492370
img/03-clients/another-creation/acyr-photos/ac-anna-web/33a6554.jpg	485944
img/03-clients/another-creation/acyr-photos/ac-anna-web/33a6584.jpg	491606
img/03-clients/another-creation/acyr-photos/ac-anna-web/33a6596.jpg	486557
img/03-clients/another-creation/acyr-photos/ac-anna-web/33a6719.jpg	466375
img/03-clients/another-creation/acyr-photos/ac-anna-web/33a6764.jpg	485489
img/03-clients/another-creation/acyr-photos/ac-anna-web/33a6769.jpg	468666
img/03-clients/another-creation/acyr-photos/ac-anna-web/33a7123.jpg	467217
img/03-clients/another-creation/acyr-photos/ac-anna-web/33a7177.jpg	477179
img/03-clients/another-creation/acyr-photos/ac-anna-web/33a7296-1-.jpg	484270
img/03-clients/another-creation/acyr-photos/ac-anna-web/33a7302-1-.jpg	492795
img/03-clients/another-creation/acyr-photos/ac-anna-web/33a7313.jpg	490090
img/03-clients/another-creation/acyr-photos/ac-anna-web/33a7391-1-.jpg	452946
img/03-clients/another-creation/acyr-photos/ac-anna-web/33a7396.jpg	470988
img/03-clients/another-creation/acyr-photos/ac-anna-web/33a7413.jpg	451067
img/03-clients/another-creation/acyr-photos/ac-anna-web/33a7414.jpg	454788
img/03-clients/another-creation/acyr-photos/ac-anna-web/33a7415.jpg	453174
img/03-clients/another-creation/acyr-photos/ac-anna-web/33a7416.jpg	442475
img/03-clients/another-creation/acyr-photos/ac-anna-web/33a7517.jpg	484115
img/03-clients/another-creation/acyr-photos/ac-anna-web/33a7551.jpg	482092
img/03-clients/another-creation/acyr-photos/ac-anna-web/33a7554.jpg	485508
img/03-clients/another-creation/acyr-photos/ac-mood/image-34.jpeg	214830
img/03-clients/another-creation/acyr-photos/ac-mood/image-35.jpeg	709221
img/03-clients/another-creation/acyr-photos/ac-mood/image-36.jpeg	181600
img/03-clients/another-creation/acyr-photos/ac-mood/image-37.jpeg	1196276
img/03-clients/another-creation/acyr-photos/ac-mood/image-38.jpeg	790528
img/03-clients/another-creation/acyr-photos/ac-mood/image-39.jpeg	1806336
img/03-clients/another-creation/acyr-photos/ac-mood/image-40.jpeg	650913
img/03-clients/another-creation/acyr-photos/ac-mood/image-41.jpeg	868574
img/03-clients/another-creation/acyr-photos/ac-mood/image-42.jpeg	486963
img/03-clients/another-creation/acyr-photos/ac-mood/image-43.jpeg	778683
img/03-clients/another-creation/acyr-photos/ac-mood/image-44.jpeg	1445888
img/03-clients/another-creation/acyr-photos/ac-mood/image-45.jpeg	329223
img/03-clients/another-creation/acyr-photos/ac-mood/image-46.jpeg	943914
img/03-clients/another-creation/acyr-photos/ac-mood/image-47.jpeg	1347584
img/03-clients/another-creation/acyr-photos/ac-mood/image-48.jpeg	278313
img/03-clients/another-creation/acyr-photos/ac-mood/image-49.jpeg	1345300
img/03-clients/another-creation/acyr-photos/ac-mood/image-50.jpeg	116304
img/03-clients/another-creation/acyr-photos/ac-mood/image-51.jpeg	145017
img/03-clients/another-creation/acyr-photos/ac-mood/image-52.jpeg	1101824
img/03-clients/another-creation/acyr-photos/ac-mood/image-53.jpeg	1347584
img/03-clients/another-creation/acyr-photos/ac-mood/image-54.jpeg	330465
img/03-clients/another-creation/acyr-photos/ac-mood/image-55.jpeg	1347584
img/03-clients/another-creation/acyr-photos/ac-mood/image0.jpeg	167936
img/03-clients/another-creation/acyr-photos/ac-mood/image1.jpeg	217088
img/03-clients/another-creation/acyr-photos/ac-mood/image10.jpeg	217088
img/03-clients/another-creation/acyr-photos/ac-mood/image11.jpeg	217088
img/03-clients/another-creation/acyr-photos/ac-mood/image12.jpeg	217088
img/03-clients/another-creation/acyr-photos/ac-mood/image13.jpeg	217088
img/03-clients/another-creation/acyr-photos/ac-mood/image14.jpeg	217088
img/03-clients/another-creation/acyr-photos/ac-mood/image15.jpeg	217088
img/03-clients/another-creation/acyr-photos/ac-mood/image16.jpeg	217088
img/03-clients/another-creation/acyr-photos/ac-mood/image17.jpeg	217088
img/03-clients/another-creation/acyr-photos/ac-mood/image18.jpeg	217088
img/03-clients/another-creation/acyr-photos/ac-mood/image19.jpeg	217088
img/03-clients/another-creation/acyr-photos/ac-mood/image2.jpeg	217088
img/03-clients/another-creation/acyr-photos/ac-mood/image20.jpeg	217088
img/03-clients/another-creation/acyr-photos/ac-mood/image21.jpeg	217088
img/03-clients/another-creation/acyr-photos/ac-mood/image22.jpeg	217088
img/03-clients/another-creation/acyr-photos/ac-mood/image23.jpeg	227569
img/03-clients/another-creation/acyr-photos/ac-mood/image24.jpeg	275183
img/03-clients/another-creation/acyr-photos/ac-mood/image25.jpeg	560574
img/03-clients/another-creation/acyr-photos/ac-mood/image26.jpeg	137421
img/03-clients/another-creation/acyr-photos/ac-mood/image27.jpeg	1087858
img/03-clients/another-creation/acyr-photos/ac-mood/image28.jpeg	824932
img/03-clients/another-creation/acyr-photos/ac-mood/image29.jpeg	716705
img/03-clients/another-creation/acyr-photos/ac-mood/image3.jpeg	217088
img/03-clients/another-creation/acyr-photos/ac-mood/image30.jpeg	1341510
img/03-clients/another-creation/acyr-photos/ac-mood/image31.jpeg	1382654
img/03-clients/another-creation/acyr-photos/ac-mood/image32.jpeg	1012060
img/03-clients/another-creation/acyr-photos/ac-mood/image33.jpeg	882975
img/03-clients/another-creation/acyr-photos/ac-mood/image4.jpeg	217088
img/03-clients/another-creation/acyr-photos/ac-mood/image5.jpeg	217088
img/03-clients/another-creation/acyr-photos/ac-mood/image6.jpeg	217088
img/03-clients/another-creation/acyr-photos/ac-mood/image7.jpeg	217088
img/03-clients/another-creation/acyr-photos/ac-mood/image8.jpeg	217088
img/03-clients/another-creation/acyr-photos/ac-mood/image9.jpeg	217088
img/03-clients/another-creation/acyr-photos/ac-yr/acyr-01.jpg	225311
img/03-clients/another-creation/acyr-photos/ac-yr/acyr-02.jpg	409174
img/03-clients/another-creation/acyr-photos/ac-yr/acyr-03.jpg	49945
img/03-clients/another-creation/acyr-photos/ac-yr/acyr-04.jpg	81813
img/03-clients/another-creation/acyr-photos/ac-yr/acyr-05.jpg	61493
img/03-clients/another-creation/acyr-photos/ac-yr/acyr-06.jpg	1016273
img/03-clients/another-creation/acyr-photos/ac-yr/acyr-07.jpg	50402
img/03-clients/another-creation/acyr-photos/ac-yr/acyr-08.jpg	184299
img/03-clients/another-creation/acyr-photos/ac-yr/acyr-09.jpg	150349
img/03-clients/another-creation/acyr-photos/ac-yr/acyr-10.jpg	703843
img/03-clients/another-creation/acyr-photos/ac-yr/acyr-11.jpg	237127
img/03-clients/another-creation/acyr-photos/ac-yr/acyr-12.jpg	145205
img/03-clients/another-creation/acyr-photos/ac-yr/acyr-13.jpg	133789
img/03-clients/another-creation/acyr-photos/ac-yr/acyr-14.jpg	492613
img/03-clients/another-creation/acyr-photos/ac-yr/acyr-15.jpg	185677
img/03-clients/another-creation/acyr-photos/ac-yr/acyr-16.jpg	296376
img/03-clients/another-creation/acyr-photos/ac-yr/acyr-17.jpg	219937
img/03-clients/another-creation/acyr-photos/ac-yr/acyr-18.jpg	74369
img/03-clients/another-creation/acyr-photos/ac-yr/acyr-19.jpg	55384
img/03-clients/another-creation/acyr-photos/ac-yr/acyr-20.jpg	61633
img/03-clients/another-creation/acyr-photos/ac-yr/acyr-21.jpg	34638
img/03-clients/another-creation/acyr-photos/ac-yr/acyr-22.jpg	389157
img/03-clients/another-creation/acyr-photos/ac-yr/acyr-23.jpg	93955
img/03-clients/another-creation/acyr-photos/ac-yr/acyr-24.jpg	139424
img/03-clients/another-creation/acyr-photos/ac-yr/acyr-25.jpg	310669
img/03-clients/another-creation/acyr-photos/ac-yr/acyr-26.jpg	98720
img/03-clients/another-creation/acyr-photos/ac-yr/acyr-27.jpg	604396
img/03-clients/another-creation/acyr-photos/ac-yr/acyr-28.jpg	48724
img/03-clients/another-creation/acyr-photos/ac-yr/acyr-29.jpg	136094
img/03-clients/another-creation/acyr-refernce/ac-texture/4K3pzpOu.jpg	891014
img/03-clients/another-creation/acyr-refernce/ac-texture/73mFhYAR.jpg	259296
img/03-clients/another-creation/acyr-refernce/ac-texture/Irl99HVe.jpg	230021
img/03-clients/another-creation/acyr-refernce/ac-texture/K5-0kdCb-2.jpg	930778
img/03-clients/another-creation/acyr-refernce/ac-texture/K5-0kdCb.jpg	255992
img/03-clients/another-creation/acyr-refernce/ac-texture/YN8W1q9w.jpg	335634
img/03-clients/another-creation/acyr-refernce/ac-texture/_bzCcPKC.jpg	343208
img/03-clients/another-creation/acyr-refernce/ac-texture/_xDzfVlg.jpg	212386
img/03-clients/another-creation/acyr-refernce/ac-texture/erlhDz77.jpg	43373
img/03-clients/another-creation/acyr-refernce/ac-texture/kzSM3gJg.jpg	283186
img/03-clients/another-creation/acyr-refernce/ac-web-old/404-fullpage.png	229618
img/03-clients/another-creation/acyr-refernce/ac-web-old/about.png	8094312
img/03-clients/another-creation/acyr-refernce/ac-web-old/card.png	412369
img/03-clients/another-creation/acyr-refernce/ac-web-old/contact-2-fullpage.png	1516259
img/03-clients/another-creation/acyr-refernce/ac-web-old/contact-form-fullpage.png	321197
img/03-clients/another-creation/acyr-refernce/ac-web-old/handmade.png	18116775
img/03-clients/another-creation/acyr-refernce/ac-web-old/home-fullpage.png	111537662
img/03-clients/another-creation/acyr-refernce/ac-web-old/priv-pol-fullpage.png	674978
img/03-clients/another-creation/acyr-refernce/ac-web-old/product-fullpage.png	23342357
img/03-clients/another-creation/acyr-refernce/ac-web-old/shipping-returns-hyde-fullpage.png	1568612
img/03-clients/another-creation/acyr-slides/slides-01/acyr_branded_assets.001.jpeg	125555
img/03-clients/another-creation/acyr-slides/slides-01/acyr_branded_assets.002.jpeg	81830
img/03-clients/another-creation/acyr-slides/slides-01/acyr_branded_assets.003.jpeg	132495
img/03-clients/another-creation/acyr-slides/slides-01/acyr_branded_assets.004.jpeg	73496
img/03-clients/another-creation/acyr-slides/slides-01/acyr_branded_assets.005.jpeg	121384
img/03-clients/another-creation/acyr-slides/slides-01/acyr_branded_assets.006.jpeg	147667
img/03-clients/another-creation/acyr-slides/slides-01/acyr_branded_assets.007.jpeg	164206
img/03-clients/another-creation/acyr-slides/slides-01/acyr_branded_assets.008.jpeg	115093
img/03-clients/another-creation/acyr-slides/slides-01/acyr_branded_assets.009.jpeg	137144
img/03-clients/another-creation/acyr-slides/slides-01/acyr_branded_assets.010.jpeg	190070
img/03-clients/another-creation/acyr-slides/slides-01/acyr_branded_assets.011.jpeg	202396
img/03-clients/another-creation/acyr-slides/slides-01/acyr_branded_assets.012.jpeg	72913
img/03-clients/another-creation/acyr-slides/slides-01/acyr_branded_assets.013.jpeg	112146
img/03-clients/another-creation/acyr-slides/slides-01/acyr_branded_assets.014.jpeg	68407
img/03-clients/another-creation/acyr-slides/slides-02/Another_Creation___Runway_Deck__Right_Grotesk_.001.jpeg	122395
img/03-clients/another-creation/acyr-slides/slides-02/Another_Creation___Runway_Deck__Right_Grotesk_.002.jpeg	77558
img/03-clients/another-creation/acyr-slides/slides-02/Another_Creation___Runway_Deck__Right_Grotesk_.003.jpeg	109532
img/03-clients/another-creation/acyr-slides/slides-02/Another_Creation___Runway_Deck__Right_Grotesk_.004.jpeg	136054
img/03-clients/another-creation/acyr-slides/slides-02/Another_Creation___Runway_Deck__Right_Grotesk_.005.jpeg	65494
img/03-clients/another-creation/acyr-slides/slides-02/Another_Creation___Runway_Deck__Right_Grotesk_.006.jpeg	79132
img/03-clients/another-creation/acyr-slides/slides-02/Another_Creation___Runway_Deck__Right_Grotesk_.007.jpeg	90741
img/03-clients/another-creation/acyr-slides/slides-02/Another_Creation___Runway_Deck__Right_Grotesk_.008.jpeg	63021
img/03-clients/another-creation/acyr-slides/slides-pptx/Another_Creation___Runway_Deck.pptx	172194
img/03-clients/another-creation/acyr-slides/slides-pptx/Another_Creation___Runway_Deck__Right_Grotesk_.pptx	174953
img/03-clients/another-creation/acyr-slides/slides-pptx/acyr_branded_assets.pptx	313666
img/03-clients/another-creation/logo-svg/01-apotek.svg	23097
img/03-clients/another-creation/logo-svg/02-kvik.svg	27799
img/03-clients/another-creation/logo-svg/03-rannis.svg	16723
img/03-clients/another-creation/logo-svg/04-chinese-european-art-centre.svg	6406
img/03-clients/another-creation/logo-svg/05-hmdm.svg	3215
img/03-clients/another-creation/logo-svg/06-fh.svg	2540
img/03-clients/another-creation/logo-svg/07-rff.svg	29513
img/03-clients/another-creation/logo-svg/08-warrior.svg	1012
img/03-clients/canalix/.DS_Store	6148
img/03-clients/canalix/INDEX.md	1647
img/03-clients/canalix/canalix-guide/Canalix_Style-Sheet_2022-09-28-v2.pdf	12549027
img/03-clients/canalix/canalix-guide/Canalix_Style-Sheet_2022-09-28.pdf	12552345
img/03-clients/canalix/canalix-img/01.png	4733089
img/03-clients/canalix/canalix-img/02.png	2155528
img/03-clients/canalix/canalix-img/03.png	47522
img/03-clients/canalix/canalix-img/04.png	89078
img/03-clients/canalix/canalix-img/06.png	199616
img/03-clients/canalix/canalix-img/07.png	117498
img/03-clients/canalix/canalix-img/08.png	53244
img/03-clients/canalix/canalix-img/09.png	90458
img/03-clients/canalix/canalix-img/10.png	126071
img/03-clients/canalix/canalix-img/11.png	51213
img/03-clients/canalix/canalix-img/12.png	5635851
img/03-clients/canalix/canalix-img/hero.jpg	4941074
img/03-clients/canalix/canalix-slides/Canalix Brand Sheet.pdf	3319866
img/03-clients/canalix/canalix-slides/Canalix Presentation 2024.key	83705656
img/03-clients/canalix/canalix-slides/Canalix Update 2024.key	83703155
img/03-clients/canalix/canalix-slides/Canalix Update 2024.pdf	26938848
img/03-clients/canalix/canalix-slides/Canalix_2022-09-20-v2.pdf	46268423
img/03-clients/casedoc/.DS_Store	8196
img/03-clients/casedoc/casedoc-brand-slides/brand-slides-01@2x.png	246348
img/03-clients/casedoc/casedoc-brand-slides/brand-slides-02@2x.png	6804322
img/03-clients/casedoc/casedoc-brand-slides/brand-slides-03@2x.png	6674847
img/03-clients/casedoc/casedoc-brand-slides/brand-slides-04@2x.png	1815224
img/03-clients/casedoc/casedoc-brand-slides/brand-slides-05@2x.png	6432719
img/03-clients/casedoc/casedoc-brand-slides/brand-slides-06@2x.png	8963745
img/03-clients/casedoc/casedoc-brand-slides/brand-slides-07@2x.png	221679
img/03-clients/casedoc/casedoc-brand-slides/svg/brand-slides-01.svg	92189
img/03-clients/casedoc/casedoc-brand-slides/svg/brand-slides-02.svg	16579464
img/03-clients/casedoc/casedoc-brand-slides/svg/brand-slides-03.svg	9221937
img/03-clients/casedoc/casedoc-brand-slides/svg/brand-slides-04.svg	4797671
img/03-clients/casedoc/casedoc-brand-slides/svg/brand-slides-05.svg	15729830
img/03-clients/casedoc/casedoc-brand-slides/svg/brand-slides-06.svg	10232709
img/03-clients/casedoc/casedoc-brand-slides/svg/brand-slides-07.svg	72091
img/03-clients/casedoc/casedoc-concept/concept-01.svg	1948
img/03-clients/casedoc/casedoc-concept/concept-02.svg	2504
img/03-clients/casedoc/casedoc-concept/concept-03.svg	2764
img/03-clients/casedoc/casedoc-concept/concept-comp.svg	7042
img/03-clients/casedoc/casedoc-concept/concept-plug-1.svg	196
img/03-clients/casedoc/casedoc-guides/casedoc-logos.afdesign	73572
img/03-clients/casedoc/casedoc-guides/graphics-brand-casedoc-2022.png	3784543
img/03-clients/casedoc/casedoc-guides/graphics-illust-casedoc-2020.pdf	1391064
img/03-clients/casedoc/casedoc-handoff/document-casedoc-case-mgmt.pdf	251796
img/03-clients/casedoc/casedoc-handoff/document-casedoc-cms.pdf	173946
img/03-clients/casedoc/casedoc-handoff/document-casedoc-software-service.pages	1102677
img/03-clients/casedoc/casedoc-handoff/document-virtual-hearings-18m.pdf	180775
img/03-clients/casedoc/casedoc-handoff/document-virtual-hearings-teams.pdf	403052
img/03-clients/casedoc/casedoc-handoff/keynote-brand-guide-2020.pdf	4930935
img/03-clients/casedoc/casedoc-handoff/keynote-brand-overview-2020.pptx	10168090
img/03-clients/casedoc/casedoc-handoff/keynote-roadmap-2021.key	6195823
img/03-clients/casedoc/casedoc-handoff/keynote-sag-overview-2020.key	10373185
img/03-clients/casedoc/casedoc-handoff/keynote-sag-overview-2020.pdf	1806042
img/03-clients/casedoc/casedoc-handoff/keynote-trust.key	6493952
img/03-clients/casedoc/casedoc-handoff/keynote-value-prop-2021.key	5852638
img/03-clients/casedoc/casedoc-handoff/keynote-value-prop-2021.pdf	1406785
img/03-clients/casedoc/casedoc-handoff/logo-casedoc-2020.pdf	671930
img/03-clients/casedoc/casedoc-handoff/logo-structure-casedoc-2020.pdf	602165
img/03-clients/casedoc/casedoc-handoff/marketing-ads-ecourts.png	48252
img/03-clients/casedoc/casedoc-handoff/marketing-conf-panels.pdf	137648
img/03-clients/casedoc/casedoc-projects/png/01@2x.png	221282
img/03-clients/casedoc/casedoc-projects/png/02@2x.png	246836
img/03-clients/casedoc/casedoc-projects/png/08@2x.png	711871
img/03-clients/casedoc/casedoc-projects/png/09@2x.png	777715
img/03-clients/casedoc/casedoc-projects/png/10@2x.png	815991
img/03-clients/casedoc/casedoc-projects/png/11@2x.png	1112181
img/03-clients/casedoc/casedoc-projects/png/12@2x.png	842542
img/03-clients/casedoc/casedoc-projects/png/13@2x.png	1420489
img/03-clients/casedoc/casedoc-projects/png/14@2x.png	3951748
img/03-clients/casedoc/casedoc-projects/png/3d-filler-forms.png	20995709
img/03-clients/casedoc/casedoc-projects/png/aa01@2x.png	158682
img/03-clients/casedoc/casedoc-projects/png/aa02@2x.png	151423
img/03-clients/casedoc/casedoc-projects/png/bla@2x.png	2080637
img/03-clients/casedoc/casedoc-projects/png/jsx-ref-01@2x.png	271295
img/03-clients/casedoc/casedoc-projects/png/jsx-ref-02@2x.png	1197122
img/03-clients/casedoc/casedoc-projects/png/jsx-ref-03@2x.png	975005
img/03-clients/casedoc/casedoc-projects/png/jsx-ref-04@2x.png	1367335
img/03-clients/casedoc/casedoc-projects/png/jsx-ref-05@2x.png	800996
img/03-clients/casedoc/casedoc-projects/png/jsx-ref-06@2x.png	686080
img/03-clients/casedoc/casedoc-projects/png/sheet.png	561555
img/03-clients/casedoc/casedoc-projects/svg/01.svg	72065
img/03-clients/casedoc/casedoc-projects/svg/02.svg	92011
img/03-clients/casedoc/casedoc-projects/svg/03.svg	16579468
img/03-clients/casedoc/casedoc-projects/svg/04.svg	9221943
img/03-clients/casedoc/casedoc-projects/svg/05.svg	4797677
img/03-clients/casedoc/casedoc-projects/svg/06.svg	15729836
img/03-clients/casedoc/casedoc-projects/svg/07.svg	10232715
img/03-clients/casedoc/casedoc-projects/svg/08.svg	92928
img/03-clients/casedoc/casedoc-projects/svg/09.svg	131511
img/03-clients/casedoc/casedoc-projects/svg/10.svg	312769
img/03-clients/casedoc/casedoc-projects/svg/11.svg	63109
img/03-clients/casedoc/casedoc-projects/svg/12.svg	49467
img/03-clients/casedoc/casedoc-projects/svg/13.svg	46149
img/03-clients/casedoc/casedoc-projects/svg/14.svg	45966430
img/03-clients/casedoc/casedoc-projects/svg/aa01.svg	47697
img/03-clients/casedoc/casedoc-projects/svg/aa02.svg	21000
img/03-clients/casedoc/casedoc-projects/svg/bla.svg	4090907
img/03-clients/casedoc/casedoc-projects/svg/jsx-ref-01.svg	28515
img/03-clients/casedoc/casedoc-projects/svg/jsx-ref-02.svg	265712
img/03-clients/casedoc/casedoc-projects/svg/jsx-ref-03.svg	26561
img/03-clients/casedoc/casedoc-projects/svg/jsx-ref-04.svg	59234
img/03-clients/casedoc/casedoc-projects/svg/jsx-ref-05.svg	660583
img/03-clients/casedoc/casedoc-projects/svg/jsx-ref-06.svg	88052
img/03-clients/casedoc/casedoc-projects/svg/sheet.svg	2810884
img/03-clients/exmon/INDEX.md	1538
img/03-clients/exmon/_assets/01.png	3734549
img/03-clients/exmon/_assets/02.png	1777556
img/03-clients/exmon/_assets/03.png	41334
img/03-clients/exmon/_assets/04.png	110448
img/03-clients/exmon/_assets/05.png	28864
img/03-clients/exmon/_assets/06.png	1710407
img/03-clients/exmon/_assets/07.png	361272
img/03-clients/exmon/_assets/08.png	76441
img/03-clients/exmon/_assets/09.png	91894
img/03-clients/exmon/_assets/10.png	56212
img/03-clients/exmon/_assets/11.png	102886
img/03-clients/exmon/_assets/12.png	5436769
img/03-clients/exmon/_assets/legacy-project.md	1470
img/03-clients/flik/INDEX.md	1586
img/03-clients/flik/_assets/01.png	7814926
img/03-clients/flik/_assets/02.png	4979970
img/03-clients/flik/_assets/03.png	41931
img/03-clients/flik/_assets/04.png	43279
img/03-clients/flik/_assets/05.png	33944
img/03-clients/flik/_assets/06.png	200285
img/03-clients/flik/_assets/07.png	148290
img/03-clients/flik/_assets/08.png	45788
img/03-clients/flik/_assets/09.png	79927
img/03-clients/flik/_assets/10.png	78704
img/03-clients/flik/_assets/11.png	1091200
img/03-clients/flik/_assets/12.png	5018741
img/03-clients/flik/_assets/hero.jpg	7252070
img/03-clients/flik/animate with code.png	62418
img/03-clients/flik/svg/09-flik-4-5.svg	23996
img/03-clients/flik/svg/12-flik-4-5.svg	41683
img/03-clients/flik/svg/Frame 12.svg	13775
img/03-clients/kaffistofan/INDEX.md	1658
img/03-clients/kaffistofan/_assets/01.png	4272067
img/03-clients/kaffistofan/_assets/02.png	8159789
img/03-clients/kaffistofan/_assets/03.png	61996
img/03-clients/kaffistofan/_assets/04.png	130743
img/03-clients/kaffistofan/_assets/05.png	93077
img/03-clients/kaffistofan/_assets/06.png	35798
img/03-clients/kaffistofan/_assets/07.png	5436818
img/03-clients/kaffistofan/_assets/08.png	168126
img/03-clients/kaffistofan/_assets/09.png	222929
img/03-clients/kaffistofan/_assets/10.png	4661694
img/03-clients/kaffistofan/_assets/11.png	81987
img/03-clients/kaffistofan/_assets/12.png	6293109
img/03-clients/kolkrabbi/INDEX.md	1705
img/03-clients/kolkrabbi/_assets/_assets/01.png	8631094
img/03-clients/kolkrabbi/_assets/_assets/02.png	6588916
img/03-clients/kolkrabbi/_assets/_assets/03.png	64986
img/03-clients/kolkrabbi/_assets/_assets/04.png	63128
img/03-clients/kolkrabbi/_assets/_assets/05.png	46769
img/03-clients/kolkrabbi/_assets/_assets/06.png	125989
img/03-clients/kolkrabbi/_assets/_assets/07.png	6543620
img/03-clients/kolkrabbi/_assets/_assets/08.png	7688768
img/03-clients/kolkrabbi/_assets/_assets/09.png	6038545
img/03-clients/kolkrabbi/_assets/_assets/10.png	5552241
img/03-clients/kolkrabbi/_assets/_assets/11.png	7781373
img/03-clients/kolkrabbi/_assets/_assets/12.png	7041414
img/03-clients/kolkrabbi/_assets/_assets/hero.jpg	6128786
img/03-clients/kolkrabbi/_assets/branded-graphics-png/kol-kolkrabbi-branded-images-01.png	2339981
img/03-clients/kolkrabbi/_assets/branded-graphics-png/kol-kolkrabbi-branded-images-02.png	651018
img/03-clients/kolkrabbi/_assets/branded-graphics-png/kol-kolkrabbi-branded-images-03.png	2829955
img/03-clients/kolkrabbi/_assets/branded-graphics-png/kol-kolkrabbi-branded-images-04.png	3465325
img/03-clients/kolkrabbi/_assets/branded-graphics-png/kol-kolkrabbi-branded-images-05.png	3617239
img/03-clients/kolkrabbi/_assets/branded-graphics-png/kol-kolkrabbi-branded-images-06.png	4447208
img/03-clients/kolkrabbi/_assets/branded-graphics-png/kol-kolkrabbi-branded-images-07.png	3862454
img/03-clients/kolkrabbi/_assets/branded-graphics-png/kol-kolkrabbi-branded-images-08.png	3055223
img/03-clients/kolkrabbi/_assets/branded-graphics-png/kol-kolkrabbi-branded-images-09.png	3181548
img/03-clients/kolkrabbi/_assets/branded-graphics-png/kol-kolkrabbi-branded-images-10.png	2845192
img/03-clients/kolkrabbi/_assets/branded-graphics-png/kol-kolkrabbi-branded-images-11.png	3102316
img/03-clients/kolkrabbi/_assets/branded-graphics-png/kol-kolkrabbi-color-ref-01.png	51746
img/03-clients/kolkrabbi/_assets/branded-graphics-png/kol-kolkrabbi-color-ref-02.png	145062
img/03-clients/kolkrabbi/_assets/branded-graphics-png/kol-kolkrabbi-color-ref-03.png	33215
img/03-clients/kolkrabbi/_assets/branded-graphics-png/kol-kolkrabbi-diagram-01.png	60250
img/03-clients/kolkrabbi/_assets/branded-graphics-png/kol-kolkrabbi-diagram-02.png	49435
img/03-clients/kolkrabbi/_assets/branded-graphics-png/kol-kolkrabbi-diagram-03.png	24438
img/03-clients/kolkrabbi/_assets/branded-graphics-png/kol-kolkrabbi-graphics-01.png	49687
img/03-clients/kolkrabbi/_assets/branded-graphics-png/kol-kolkrabbi-graphics-03.png	171873
img/03-clients/kolkrabbi/_assets/branded-graphics-png/kol-kolkrabbi-graphics-04.png	98287
img/03-clients/kolkrabbi/_assets/branded-graphics-svg/kol-kolkrabbi-branded-images-01.svg	7635851
img/03-clients/kolkrabbi/_assets/branded-graphics-svg/kol-kolkrabbi-branded-images-02.svg	3504735
img/03-clients/kolkrabbi/_assets/branded-graphics-svg/kol-kolkrabbi-branded-images-03.svg	3465156
img/03-clients/kolkrabbi/_assets/branded-graphics-svg/kol-kolkrabbi-branded-images-04.svg	4378308
img/03-clients/kolkrabbi/_assets/branded-graphics-svg/kol-kolkrabbi-branded-images-05.svg	17221585
img/03-clients/kolkrabbi/_assets/branded-graphics-svg/kol-kolkrabbi-branded-images-06.svg	15410799
img/03-clients/kolkrabbi/_assets/branded-graphics-svg/kol-kolkrabbi-branded-images-07.svg	5251536
img/03-clients/kolkrabbi/_assets/branded-graphics-svg/kol-kolkrabbi-branded-images-08.svg	4355484
img/03-clients/kolkrabbi/_assets/branded-graphics-svg/kol-kolkrabbi-branded-images-09.svg	5280824
img/03-clients/kolkrabbi/_assets/branded-graphics-svg/kol-kolkrabbi-branded-images-10.svg	12269571
img/03-clients/kolkrabbi/_assets/branded-graphics-svg/kol-kolkrabbi-branded-images-11.svg	4049781
img/03-clients/kolkrabbi/_assets/branded-graphics-svg/kol-kolkrabbi-color-ref-01.svg	449343
img/03-clients/kolkrabbi/_assets/branded-graphics-svg/kol-kolkrabbi-color-ref-02.svg	503071
img/03-clients/kolkrabbi/_assets/branded-graphics-svg/kol-kolkrabbi-color-ref-03.svg	46236
img/03-clients/kolkrabbi/_assets/branded-graphics-svg/kol-kolkrabbi-diagram-01.svg	31503
img/03-clients/kolkrabbi/_assets/branded-graphics-svg/kol-kolkrabbi-diagram-02.svg	12067
img/03-clients/kolkrabbi/_assets/branded-graphics-svg/kol-kolkrabbi-diagram-03.svg	19497
img/03-clients/kolkrabbi/_assets/branded-graphics-svg/kol-kolkrabbi-graphics-01.svg	33969
img/03-clients/kolkrabbi/_assets/branded-graphics-svg/kol-kolkrabbi-graphics-03.svg	86774
img/03-clients/kolkrabbi/_assets/branded-graphics-svg/kol-kolkrabbi-graphics-04.svg	182447
img/03-clients/servado/Servado Brand Assets_090120.key	6563218
img/03-clients/voyager/.DS_Store	6148
img/03-clients/voyager/voyager-clearspace/clearspace-01/clearspace-lockup-hori-01.svg	6662
img/03-clients/voyager/voyager-clearspace/clearspace-01/clearspace-lockup-hori-02.svg	6753
img/03-clients/voyager/voyager-clearspace/clearspace-01/clearspace-lockup-hori-guide-01.svg	8476
img/03-clients/voyager/voyager-clearspace/clearspace-01/clearspace-lockup-hori-guide-02.svg	8571
img/03-clients/voyager/voyager-clearspace/clearspace-01/clearspace-lockup-vert-01.svg	6877
img/03-clients/voyager/voyager-clearspace/clearspace-01/clearspace-lockup-vert-02.svg	6968
img/03-clients/voyager/voyager-clearspace/clearspace-01/clearspace-lockup-vert-guide-01.svg	9617
img/03-clients/voyager/voyager-clearspace/clearspace-01/clearspace-lockup-vert-guide-02.svg	9702
img/03-clients/voyager/voyager-clearspace/clearspace-02/clearspace-fix-lockup-hori-01.svg	10159
img/03-clients/voyager/voyager-clearspace/clearspace-02/clearspace-fix-lockup-hori-02.svg	10033
img/03-clients/voyager/voyager-clearspace/clearspace-02/clearspace-fix-lockup-vert-01.svg	12448
img/03-clients/voyager/voyager-clearspace/clearspace-02/clearspace-fix-lockup-vert-02.svg	12322
img/03-clients/voyager/voyager-clearspace/clearspace-03/logos-guides-ph-expanded.svg	28887
img/03-clients/voyager/voyager-clearspace/clearspace-03/logos-guides-ph-live.svg	24214
img/03-clients/voyager/voyager-lockups/lockup-horizontal-01.svg	3370
img/03-clients/voyager/voyager-lockups/lockup-horizontal-02.svg	3472
img/03-clients/voyager/voyager-lockups/lockup-vertical-01.svg	3433
img/03-clients/voyager/voyager-lockups/lockup-vertical-02.svg	3567
img/03-clients/voyager/voyager-lockups/logomark-01.svg	1094
img/03-clients/voyager/voyager-lockups/logomark-02.svg	1196
img/03-clients/voyager/voyager-lockups/wordmark.svg	2422
img/03-clients/voyager/voyager-pattern/pattern-01.svg	4177
img/03-clients/voyager/voyager-pattern/pattern-02.svg	41135
img/03-clients/voyager/voyager-pattern/pattern-03.svg	46003
img/03-clients/voyager/voyager-pattern/pattern-04.svg	10166
img/03-clients/voyager/voyager-pattern/pattern-05.svg	19508
img/03-clients/voyager/voyager-pattern/pattern-06.svg	16452
img/03-clients/voyager/voyager-pattern/pattern-07.svg	12834
img/03-clients/voyager/voyager-pattern/pattern-08.svg	4877
img/03-clients/voyager/voyager-pattern/pattern-09.svg	53300
img/03-clients/voyager/voyager-pattern/pattern-10.svg	14902
img/03-clients/voyager/voyager-pattern/pattern-11.svg	10199
img/03-clients/voyager/voyager-pattern/pattern-12.svg	3611
img/03-clients/voyager/voyager-pattern/pattern-13.svg	14234
img/03-clients/voyager/voyager-pattern/pattern-14.svg	4398
img/03-clients/voyager/voyager-pattern/pattern-15.svg	37121
img/03-clients/voyager/voyager-pattern/pattern-16.svg	7833
img/03-clients/voyager/voyager-pattern/pattern-17.svg	3823
img/03-clients/voyager/voyager-pattern/pattern-18.svg	7064
img/03-clients/voyager/voyager-pattern/pattern-19.svg	19672
img/03-clients/voyager/voyager-pattern/pattern-20.svg	20961
img/03-clients/work/.DS_Store	6148
img/03-clients/work/INDEX.md	3096
img/03-clients/work/clients/.DS_Store	6148
img/03-clients/work/clients/INDEX.md	1000
img/03-clients/work/clients/aftra/.DS_Store	6148
img/03-clients/work/clients/aftra/_assets/.DS_Store	6148
img/03-clients/work/clients/aftra/_assets/gallery/aftra-gallery-light-01-5-3.jpg	1165942
img/03-clients/work/clients/aftra/_assets/gallery/aftra-gallery-light-02-4-5.jpg	625311
img/03-clients/work/clients/aftra/_assets/gallery/aftra-gallery-light-03-4-5.jpg	672012
img/03-clients/work/clients/aftra/_assets/gallery/aftra-gallery-light-04-5-3.jpg	1087080
img/03-clients/work/clients/aftra/_assets/gallery/aftra-gallery-light-05-4-5.jpg	1182709
img/03-clients/work/clients/aftra/_assets/gallery/aftra-gallery-light-06-4-5.jpg	828447
img/03-clients/work/clients/aftra/_assets/gallery/aftra-gallery-light-07-5-3.jpg	1546422
img/03-clients/work/clients/aftra/_assets/gallery/aftra-gallery-light-08-4-5.jpg	356811
img/03-clients/work/clients/aftra/_assets/gallery/aftra-gallery-light-09-4-5.jpg	390067
img/03-clients/work/clients/aftra/_assets/gallery/aftra-gallery-light-10-5-3.jpg	6485331
img/03-clients/work/clients/aftra/_assets/gallery/aftra-gallery-light-11-4-5.jpg	828447
img/03-clients/work/clients/aftra/_assets/gallery/aftra-gallery-light-12-4-5.jpg	1427595
img/03-clients/work/clients/aftra/_assets/hero/aftra-hero-00-5-3.png	5710375
img/03-clients/work/clients/aftra/_assets/thumbnail/aftra-thumbnail-15-4-3.png	4307847
img/03-clients/work/clients/aftra/aftra.md	2980
img/03-clients/work/clients/canalix/_assets/gallery/canalix-gallery-01.png	4890633
img/03-clients/work/clients/canalix/_assets/gallery/canalix-gallery-02.png	39980
img/03-clients/work/clients/canalix/_assets/gallery/canalix-gallery-03.png	58835
img/03-clients/work/clients/canalix/_assets/gallery/canalix-gallery-04.png	4441980
img/03-clients/work/clients/canalix/_assets/gallery/canalix-gallery-05.png	42692
img/03-clients/work/clients/canalix/_assets/gallery/canalix-gallery-06.png	50238
img/03-clients/work/clients/canalix/_assets/gallery/canalix-gallery-07.png	2041098
img/03-clients/work/clients/canalix/_assets/gallery/canalix-gallery-08.png	116673
img/03-clients/work/clients/canalix/_assets/gallery/canalix-gallery-09.png	48574
img/03-clients/work/clients/canalix/_assets/gallery/canalix-gallery-10.png	62556
img/03-clients/work/clients/canalix/_assets/gallery/canalix-gallery-11.png	1155767
img/03-clients/work/clients/canalix/_assets/gallery/canalix-gallery-12.png	92953
img/03-clients/work/clients/canalix/_assets/gallery/canalix-gallery-13.png	2411216
img/03-clients/work/clients/canalix/_assets/hero/canalix-hero-01.png	4890633
img/03-clients/work/clients/canalix/_assets/thumbnail/canalix-thumbnail-01.png	3387759
img/03-clients/work/clients/canalix/canalix.md	2924
img/03-clients/work/clients/exmon/_assets/gallery/exmon-gallery-01.png	3078805
img/03-clients/work/clients/exmon/_assets/gallery/exmon-gallery-02.png	1369959
img/03-clients/work/clients/exmon/_assets/gallery/exmon-gallery-03.png	480316
img/03-clients/work/clients/exmon/_assets/gallery/exmon-gallery-04.png	287603
img/03-clients/work/clients/exmon/_assets/gallery/exmon-gallery-05.png	1508752
img/03-clients/work/clients/exmon/_assets/gallery/exmon-gallery-06.png	109097
img/03-clients/work/clients/exmon/_assets/gallery/exmon-gallery-07.png	5159733
img/03-clients/work/clients/exmon/_assets/gallery/exmon-gallery-08.png	70328
img/03-clients/work/clients/exmon/_assets/gallery/exmon-gallery-09.png	69110
img/03-clients/work/clients/exmon/_assets/gallery/exmon-gallery-10.png	111699
img/03-clients/work/clients/exmon/_assets/gallery/exmon-gallery-11.png	414471
img/03-clients/work/clients/exmon/_assets/gallery/exmon-gallery-12.png	137018
img/03-clients/work/clients/exmon/_assets/hero/exmon-hero-01.png	3078805
img/03-clients/work/clients/exmon/_assets/thumbnail/exmon-thumbnail-02.png	2260207
img/03-clients/work/clients/exmon/exmon.md	2618
img/03-clients/work/clients/flik/_assets/gallery/flik-gallery-01.png	7147255
img/03-clients/work/clients/flik/_assets/gallery/flik-gallery-02.png	32053
img/03-clients/work/clients/flik/_assets/gallery/flik-gallery-03.png	31063
img/03-clients/work/clients/flik/_assets/gallery/flik-gallery-04.png	116460
img/03-clients/work/clients/flik/_assets/gallery/flik-gallery-05.png	90943
img/03-clients/work/clients/flik/_assets/gallery/flik-gallery-06.png	18748
img/03-clients/work/clients/flik/_assets/gallery/flik-gallery-07.png	3942847
img/03-clients/work/clients/flik/_assets/gallery/flik-gallery-08.png	211631
img/03-clients/work/clients/flik/_assets/gallery/flik-gallery-09.png	106541
img/03-clients/work/clients/flik/_assets/gallery/flik-gallery-10.png	1148825
img/03-clients/work/clients/flik/_assets/gallery/flik-gallery-11.png	4023413
img/03-clients/work/clients/flik/_assets/gallery/flik-gallery-12.png	55658
img/03-clients/work/clients/flik/_assets/hero/flik-hero-01.png	7147255
img/03-clients/work/clients/flik/_assets/thumbnail/flik-thumbnail-01.png	5259618
img/03-clients/work/clients/flik/flik.md	2552
img/03-clients/work/clients/kaffistofan/_assets/gallery/kaffistofan-gallery-01.png	82116
img/03-clients/work/clients/kaffistofan/_assets/gallery/kaffistofan-gallery-02.png	57668
img/03-clients/work/clients/kaffistofan/_assets/gallery/kaffistofan-gallery-03.png	32730
img/03-clients/work/clients/kaffistofan/_assets/gallery/kaffistofan-gallery-04.png	4206567
img/03-clients/work/clients/kaffistofan/_assets/gallery/kaffistofan-gallery-05.png	48615
img/03-clients/work/clients/kaffistofan/_assets/gallery/kaffistofan-gallery-06.png	109643
img/03-clients/work/clients/kaffistofan/_assets/gallery/kaffistofan-gallery-07.png	7779622
img/03-clients/work/clients/kaffistofan/_assets/gallery/kaffistofan-gallery-08.png	85754
img/03-clients/work/clients/kaffistofan/_assets/gallery/kaffistofan-gallery-09.png	43715
img/03-clients/work/clients/kaffistofan/_assets/gallery/kaffistofan-gallery-10.png	4805583
img/03-clients/work/clients/kaffistofan/_assets/gallery/kaffistofan-gallery-11.png	3362380
img/03-clients/work/clients/kaffistofan/_assets/gallery/kaffistofan-gallery-12.png	3072267
img/03-clients/work/clients/kaffistofan/_assets/hero/kaffistofan-hero-01.png	5159343
img/03-clients/work/clients/kaffistofan/_assets/thumbnail/kaffistofan-thumbnail-01.png	3868867
img/03-clients/work/clients/kaffistofan/kaffistofan.md	2964
img/03-clients/work/clients/kolkrabbi/_assets/gallery/kolkrabbi-gallery-01.png	6664528
img/03-clients/work/clients/kolkrabbi/_assets/gallery/kolkrabbi-gallery-02.png	61263
img/03-clients/work/clients/kolkrabbi/_assets/gallery/kolkrabbi-gallery-03.png	79948
img/03-clients/work/clients/kolkrabbi/_assets/gallery/kolkrabbi-gallery-04.png	352686
img/03-clients/work/clients/kolkrabbi/_assets/gallery/kolkrabbi-gallery-05.png	93492
img/03-clients/work/clients/kolkrabbi/_assets/gallery/kolkrabbi-gallery-06.png	3660049
img/03-clients/work/clients/kolkrabbi/_assets/gallery/kolkrabbi-gallery-07.png	78278
img/03-clients/work/clients/kolkrabbi/_assets/gallery/kolkrabbi-gallery-08.png	2624174
img/03-clients/work/clients/kolkrabbi/_assets/gallery/kolkrabbi-gallery-09.png	34494
img/03-clients/work/clients/kolkrabbi/_assets/gallery/kolkrabbi-gallery-10.png	4892317
img/03-clients/work/clients/kolkrabbi/_assets/gallery/kolkrabbi-gallery-11.png	2800470
img/03-clients/work/clients/kolkrabbi/_assets/gallery/kolkrabbi-gallery-12.png	1767920
img/03-clients/work/clients/kolkrabbi/_assets/hero/kolkrabbi-hero-01.png	6664528
img/03-clients/work/clients/kolkrabbi/_assets/thumbnail/kolkrabbi-thumbnail-01.png	4581591
img/03-clients/work/clients/kolkrabbi/kolkrabbi.md	2664
img/03-clients/work/collections/INDEX.md	1050
img/03-clients/work/collections/folio-1/_assets/gallery/folio-1-gallery-01.png	6436778
img/03-clients/work/collections/folio-1/_assets/gallery/folio-1-gallery-02.png	17606
img/03-clients/work/collections/folio-1/_assets/gallery/folio-1-gallery-03.png	18201
img/03-clients/work/collections/folio-1/_assets/gallery/folio-1-gallery-04.png	3846520
img/03-clients/work/collections/folio-1/_assets/gallery/folio-1-gallery-05.png	19685
img/03-clients/work/collections/folio-1/_assets/gallery/folio-1-gallery-06.png	18310
img/03-clients/work/collections/folio-1/_assets/gallery/folio-1-gallery-07.png	84797
img/03-clients/work/collections/folio-1/_assets/gallery/folio-1-gallery-08.png	23926
img/03-clients/work/collections/folio-1/_assets/gallery/folio-1-gallery-09.png	20762
img/03-clients/work/collections/folio-1/_assets/gallery/folio-1-gallery-10.png	4058732
img/03-clients/work/collections/folio-1/_assets/gallery/folio-1-gallery-11.png	17052
img/03-clients/work/collections/folio-1/_assets/gallery/folio-1-gallery-12.png	24336
img/03-clients/work/collections/folio-1/_assets/hero/folio-1-hero-01.png	6436778
img/03-clients/work/collections/folio-1/_assets/thumbnail/folio-1-thumbnail-01.png	4450546
img/03-clients/work/collections/folio-1/folio-1.md	2607
img/03-clients/work/collections/folio-2/_assets/gallery/folio-2-gallery-01.png	3990573
img/03-clients/work/collections/folio-2/_assets/gallery/folio-2-gallery-02.png	19187
img/03-clients/work/collections/folio-2/_assets/gallery/folio-2-gallery-03.png	19236
img/03-clients/work/collections/folio-2/_assets/gallery/folio-2-gallery-04.png	1006477
img/03-clients/work/collections/folio-2/_assets/gallery/folio-2-gallery-05.png	16872
img/03-clients/work/collections/folio-2/_assets/gallery/folio-2-gallery-06.png	20677
img/03-clients/work/collections/folio-2/_assets/gallery/folio-2-gallery-07.png	82367
img/03-clients/work/collections/folio-2/_assets/gallery/folio-2-gallery-08.png	19749
img/03-clients/work/collections/folio-2/_assets/gallery/folio-2-gallery-09.png	21417
img/03-clients/work/collections/folio-2/_assets/gallery/folio-2-gallery-10.png	879585
img/03-clients/work/collections/folio-2/_assets/gallery/folio-2-gallery-11.png	18382
img/03-clients/work/collections/folio-2/_assets/gallery/folio-2-gallery-12.png	21170
img/03-clients/work/collections/folio-2/_assets/hero/folio-2-hero-01.png	3990573
img/03-clients/work/collections/folio-2/_assets/thumbnail/folio-2-thumbnail-01.png	2866676
img/03-clients/work/collections/folio-2/folio-2.md	2607
img/03-clients/work/collections/folio-3/_assets/gallery/folio-3-gallery-01.png	3835837
img/03-clients/work/collections/folio-3/_assets/gallery/folio-3-gallery-02.png	36047
img/03-clients/work/collections/folio-3/_assets/gallery/folio-3-gallery-03.png	16775
img/03-clients/work/collections/folio-3/_assets/gallery/folio-3-gallery-04.png	4042374
img/03-clients/work/collections/folio-3/_assets/gallery/folio-3-gallery-05.png	30240
img/03-clients/work/collections/folio-3/_assets/gallery/folio-3-gallery-06.png	38279
img/03-clients/work/collections/folio-3/_assets/gallery/folio-3-gallery-07.png	88363
img/03-clients/work/collections/folio-3/_assets/gallery/folio-3-gallery-08.png	19970
img/03-clients/work/collections/folio-3/_assets/gallery/folio-3-gallery-09.png	28503
img/03-clients/work/collections/folio-3/_assets/gallery/folio-3-gallery-10.png	4040469
img/03-clients/work/collections/folio-3/_assets/gallery/folio-3-gallery-11.png	26354
img/03-clients/work/collections/folio-3/_assets/gallery/folio-3-gallery-12.png	38815
img/03-clients/work/collections/folio-3/_assets/hero/folio-3-hero-01.png	3835837
img/03-clients/work/collections/folio-3/_assets/thumbnail/folio-3-thumbnail-01.png	3093426
img/03-clients/work/collections/folio-3/folio-3.md	2607
img/03-clients/work/collections/geometric-1/_assets/gallery/geometric-1-gallery-01.png	38403
img/03-clients/work/collections/geometric-1/_assets/gallery/geometric-1-gallery-02.png	303621
img/03-clients/work/collections/geometric-1/_assets/gallery/geometric-1-gallery-03.png	309930
img/03-clients/work/collections/geometric-1/_assets/gallery/geometric-1-gallery-04.png	38403
img/03-clients/work/collections/geometric-1/_assets/gallery/geometric-1-gallery-05.png	303621
img/03-clients/work/collections/geometric-1/_assets/gallery/geometric-1-gallery-06.png	309930
img/03-clients/work/collections/geometric-1/_assets/hero/geometric-1-hero-01.png	38403
img/03-clients/work/collections/geometric-1/_assets/thumbnail/geometric-1-thumbnail-01.png	23787
img/03-clients/work/collections/geometric-1/geometric-1.md	1802
img/03-clients/work/collections/geometric-2/_assets/gallery/geometric-2-gallery-01.png	160768
img/03-clients/work/collections/geometric-2/_assets/gallery/geometric-2-gallery-02.png	71654
img/03-clients/work/collections/geometric-2/_assets/gallery/geometric-2-gallery-03.png	71794
img/03-clients/work/collections/geometric-2/_assets/gallery/geometric-2-gallery-04.png	160755
img/03-clients/work/collections/geometric-2/_assets/gallery/geometric-2-gallery-05.png	71738
img/03-clients/work/collections/geometric-2/_assets/gallery/geometric-2-gallery-06.png	71656
img/03-clients/work/collections/geometric-2/_assets/hero/geometric-2-hero-01.png	109269
img/03-clients/work/collections/geometric-2/_assets/thumbnail/geometric-2-thumbnail-01.png	51186
img/03-clients/work/collections/geometric-2/geometric-2.md	1801
img/03-clients/work/collections/geometric-3/_assets/gallery/geometric-3-gallery-01.png	641254
img/03-clients/work/collections/geometric-3/_assets/gallery/geometric-3-gallery-02.png	459690
img/03-clients/work/collections/geometric-3/_assets/gallery/geometric-3-gallery-03.png	459896
img/03-clients/work/collections/geometric-3/_assets/gallery/geometric-3-gallery-04.png	758469
img/03-clients/work/collections/geometric-3/_assets/gallery/geometric-3-gallery-05.png	137425
img/03-clients/work/collections/geometric-3/_assets/gallery/geometric-3-gallery-06.png	322015
img/03-clients/work/collections/geometric-3/_assets/hero/geometric-3-hero-01.png	2229337
img/03-clients/work/collections/geometric-3/_assets/thumbnail/geometric-3-thumbnail-01.png	1247233
img/03-clients/work/collections/geometric-3/geometric-3.md	1768
img/03-clients/work/collections/grid-1/_assets/gallery/grid-1-gallery-01.png	121785
img/03-clients/work/collections/grid-1/_assets/gallery/grid-1-gallery-02.png	57008
img/03-clients/work/collections/grid-1/_assets/gallery/grid-1-gallery-03.png	19982
img/03-clients/work/collections/grid-1/_assets/gallery/grid-1-gallery-04.png	79022
img/03-clients/work/collections/grid-1/_assets/gallery/grid-1-gallery-05.png	64070
img/03-clients/work/collections/grid-1/_assets/gallery/grid-1-gallery-06.png	102055
img/03-clients/work/collections/grid-1/_assets/hero/grid-1-hero-01.png	125894
img/03-clients/work/collections/grid-1/_assets/thumbnail/grid-1-thumbnail-01.png	75416
img/03-clients/work/collections/grid-1/grid-1.md	1705
img/03-clients/work/collections/grid-2/_assets/gallery/grid-2-gallery-01.png	82364
img/03-clients/work/collections/grid-2/_assets/gallery/grid-2-gallery-02.png	97922
img/03-clients/work/collections/grid-2/_assets/gallery/grid-2-gallery-03.png	50908
img/03-clients/work/collections/grid-2/_assets/gallery/grid-2-gallery-04.png	78027
img/03-clients/work/collections/grid-2/_assets/gallery/grid-2-gallery-05.png	77252
img/03-clients/work/collections/grid-2/_assets/gallery/grid-2-gallery-06.png	47187
img/03-clients/work/collections/grid-2/_assets/hero/grid-2-hero-01.png	107953
img/03-clients/work/collections/grid-2/_assets/thumbnail/grid-2-thumbnail-01.png	71562
img/03-clients/work/collections/grid-2/grid-2.md	1661
img/03-clients/work/collections/illustration-1/_assets/gallery/illustration-1-gallery-01.png	2345267
img/03-clients/work/collections/illustration-1/_assets/gallery/illustration-1-gallery-02.png	34262
img/03-clients/work/collections/illustration-1/_assets/gallery/illustration-1-gallery-03.png	36798
img/03-clients/work/collections/illustration-1/_assets/gallery/illustration-1-gallery-04.png	436983
img/03-clients/work/collections/illustration-1/_assets/gallery/illustration-1-gallery-05.png	86491
img/03-clients/work/collections/illustration-1/_assets/gallery/illustration-1-gallery-06.png	109996
img/03-clients/work/collections/illustration-1/_assets/gallery/illustration-1-gallery-07.png	64044
img/03-clients/work/collections/illustration-1/_assets/gallery/illustration-1-gallery-08.png	72306
img/03-clients/work/collections/illustration-1/_assets/gallery/illustration-1-gallery-09.png	68547
img/03-clients/work/collections/illustration-1/_assets/gallery/illustration-1-gallery-10.png	49406
img/03-clients/work/collections/illustration-1/_assets/gallery/illustration-1-gallery-11.png	40207
img/03-clients/work/collections/illustration-1/_assets/gallery/illustration-1-gallery-12.png	45995
img/03-clients/work/collections/illustration-1/_assets/hero/illustration-1-hero-01.png	302531
img/03-clients/work/collections/illustration-1/_assets/thumbnail/illustration-1-thumbnail-01.png	181212
img/03-clients/work/collections/illustration-1/illustration-1.md	2942
img/03-clients/work/collections/illustration-2/_assets/gallery/illustration-2-gallery-01.png	81897
img/03-clients/work/collections/illustration-2/_assets/gallery/illustration-2-gallery-02.png	44145
img/03-clients/work/collections/illustration-2/_assets/gallery/illustration-2-gallery-03.png	42693
img/03-clients/work/collections/illustration-2/_assets/gallery/illustration-2-gallery-04.png	81897
img/03-clients/work/collections/illustration-2/_assets/gallery/illustration-2-gallery-05.png	42636
img/03-clients/work/collections/illustration-2/_assets/gallery/illustration-2-gallery-06.png	44145
img/03-clients/work/collections/illustration-2/_assets/hero/illustration-2-hero-01.png	81897
img/03-clients/work/collections/illustration-2/_assets/thumbnail/illustration-2-thumbnail-01.png	21701
img/03-clients/work/collections/illustration-2/illustration-2.md	1853
img/03-clients/work/collections/illustration-3/_assets/gallery/illustration-3-gallery-01.png	612400
img/03-clients/work/collections/illustration-3/_assets/gallery/illustration-3-gallery-02.png	159573
img/03-clients/work/collections/illustration-3/_assets/gallery/illustration-3-gallery-03.png	124189
img/03-clients/work/collections/illustration-3/_assets/gallery/illustration-3-gallery-04.png	474663
img/03-clients/work/collections/illustration-3/_assets/gallery/illustration-3-gallery-05.png	135878
img/03-clients/work/collections/illustration-3/_assets/gallery/illustration-3-gallery-06.png	124015
img/03-clients/work/collections/illustration-3/_assets/hero/illustration-3-hero-01.png	554080
img/03-clients/work/collections/illustration-3/_assets/thumbnail/illustration-3-thumbnail-01.png	338184
img/03-clients/work/collections/illustration-3/illustration-3.md	1827
img/03-clients/work/collections/illustration-4/_assets/gallery/illustration-4-gallery-01.png	272503
img/03-clients/work/collections/illustration-4/_assets/gallery/illustration-4-gallery-02.png	174258
img/03-clients/work/collections/illustration-4/_assets/gallery/illustration-4-gallery-03.png	144722
img/03-clients/work/collections/illustration-4/_assets/gallery/illustration-4-gallery-04.png	363909
img/03-clients/work/collections/illustration-4/_assets/gallery/illustration-4-gallery-05.png	112594
img/03-clients/work/collections/illustration-4/_assets/gallery/illustration-4-gallery-06.png	146876
img/03-clients/work/collections/illustration-4/_assets/hero/illustration-4-hero-01.png	704254
img/03-clients/work/collections/illustration-4/_assets/thumbnail/illustration-4-thumbnail-01.png	153633
img/03-clients/work/collections/illustration-4/illustration-4.md	1842
img/03-clients/work/collections/motion-1/_assets/gallery/motion-1-gallery-01.png	355364
img/03-clients/work/collections/motion-1/_assets/gallery/motion-1-gallery-02.png	867494
img/03-clients/work/collections/motion-1/_assets/gallery/motion-1-gallery-03.png	163198
img/03-clients/work/collections/motion-1/_assets/gallery/motion-1-gallery-04.png	1133642
img/03-clients/work/collections/motion-1/_assets/gallery/motion-1-gallery-05.png	144929
img/03-clients/work/collections/motion-1/_assets/gallery/motion-1-gallery-06.png	202909
img/03-clients/work/collections/motion-1/_assets/gallery/motion-1-gallery-07.png	956093
img/03-clients/work/collections/motion-1/_assets/gallery/motion-1-gallery-08.png	1142545
img/03-clients/work/collections/motion-1/_assets/gallery/motion-1-gallery-09.png	812460
img/03-clients/work/collections/motion-1/_assets/hero/motion-1-hero-01.png	1634604
img/03-clients/work/collections/motion-1/_assets/thumbnail/motion-1-thumbnail-01.png	868870
img/03-clients/work/collections/motion-1/motion-1.md	2233
img/03-clients/work/collections/pattern-1/_assets/gallery/pattern-1-gallery-01.png	487304
img/03-clients/work/collections/pattern-1/_assets/gallery/pattern-1-gallery-02.png	184494
img/03-clients/work/collections/pattern-1/_assets/gallery/pattern-1-gallery-03.png	556360
img/03-clients/work/collections/pattern-1/_assets/gallery/pattern-1-gallery-04.png	312202
img/03-clients/work/collections/pattern-1/_assets/gallery/pattern-1-gallery-05.png	344733
img/03-clients/work/collections/pattern-1/_assets/gallery/pattern-1-gallery-06.png	229676
img/03-clients/work/collections/pattern-1/_assets/gallery/pattern-1-gallery-07.png	616267
img/03-clients/work/collections/pattern-1/_assets/gallery/pattern-1-gallery-08.png	300114
img/03-clients/work/collections/pattern-1/_assets/gallery/pattern-1-gallery-09.png	483563
img/03-clients/work/collections/pattern-1/_assets/gallery/pattern-1-gallery-10.png	752298
img/03-clients/work/collections/pattern-1/_assets/gallery/pattern-1-gallery-11.png	310293
img/03-clients/work/collections/pattern-1/_assets/gallery/pattern-1-gallery-12.png	365130
img/03-clients/work/collections/pattern-1/_assets/hero/pattern-1-hero-01.png	806291
img/03-clients/work/collections/pattern-1/_assets/thumbnail/pattern-1-thumbnail-01.png	358220
img/03-clients/work/collections/pattern-1/pattern-1.md	2701
img/03-clients/work/collections/pattern-2/_assets/gallery/pattern-2-gallery-01.png	186129
img/03-clients/work/collections/pattern-2/_assets/gallery/pattern-2-gallery-02.png	124733
img/03-clients/work/collections/pattern-2/_assets/gallery/pattern-2-gallery-03.png	78512
img/03-clients/work/collections/pattern-2/_assets/gallery/pattern-2-gallery-04.png	112094
img/03-clients/work/collections/pattern-2/_assets/gallery/pattern-2-gallery-05.png	16844
img/03-clients/work/collections/pattern-2/_assets/gallery/pattern-2-gallery-06.png	78376
img/03-clients/work/collections/pattern-2/_assets/gallery/pattern-2-gallery-07.png	447996
img/03-clients/work/collections/pattern-2/_assets/gallery/pattern-2-gallery-08.png	36684
img/03-clients/work/collections/pattern-2/_assets/gallery/pattern-2-gallery-09.png	54531
img/03-clients/work/collections/pattern-2/_assets/hero/pattern-2-hero-01.png	74701
img/03-clients/work/collections/pattern-2/_assets/thumbnail/pattern-2-thumbnail-01.png	47063
img/03-clients/work/collections/pattern-2/pattern-2.md	2231
img/03-clients/work/collections/pattern-3/_assets/gallery/pattern-3-gallery-01.png	55459
img/03-clients/work/collections/pattern-3/_assets/gallery/pattern-3-gallery-02.png	40029
img/03-clients/work/collections/pattern-3/_assets/gallery/pattern-3-gallery-03.png	40934
img/03-clients/work/collections/pattern-3/_assets/gallery/pattern-3-gallery-04.png	56439
img/03-clients/work/collections/pattern-3/_assets/gallery/pattern-3-gallery-05.png	40319
img/03-clients/work/collections/pattern-3/_assets/gallery/pattern-3-gallery-06.png	35877
img/03-clients/work/collections/pattern-3/_assets/gallery/pattern-3-gallery-07.png	55013
img/03-clients/work/collections/pattern-3/_assets/gallery/pattern-3-gallery-08.png	29063
img/03-clients/work/collections/pattern-3/_assets/gallery/pattern-3-gallery-09.png	29064
img/03-clients/work/collections/pattern-3/_assets/hero/pattern-3-hero-01.png	52120
img/03-clients/work/collections/pattern-3/_assets/thumbnail/pattern-3-thumbnail-01.png	30481
img/03-clients/work/collections/pattern-3/pattern-3.md	2199
img/03-clients/work/systems/INDEX.md	1115
img/03-clients/work/systems/ascii-card/ascii-card.md	5118
img/03-clients/work/systems/chess/_assets/gallery/chess-analysis-fullpage.png	119901
img/03-clients/work/systems/chess/chess.md	8362
img/03-clients/work/systems/dashboard/_assets/gallery/dashboard-analytics-components.png	1382050
img/03-clients/work/systems/dashboard/_assets/gallery/dashboard-fireshot-capture-002.png	413983
img/03-clients/work/systems/dashboard/_assets/gallery/dashboard-ha.png	308397
img/03-clients/work/systems/dashboard/_assets/gallery/dashboard-my-image.png	225631
img/03-clients/work/systems/dashboard/dashboard.md	5868
img/03-clients/work/systems/foundry/_assets/gallery/foundry-preview-dark-130.png	230797
img/03-clients/work/systems/foundry/_assets/gallery/foundry-preview-dark-170.png	283250
img/03-clients/work/systems/foundry/_assets/gallery/foundry-preview-dark-60.png	229178
img/03-clients/work/systems/foundry/_assets/thumbnail/foundry-recording-thumb.png	569994
img/03-clients/work/systems/foundry/foundry.md	4756
img/03-clients/work/tools/INDEX.md	1423
img/03-clients/work/tools/kol-distress/_assets/gallery/kol-distress-gallery-01.png	71568
img/03-clients/work/tools/kol-distress/_assets/gallery/kol-distress-gallery-02.png	46780
img/03-clients/work/tools/kol-distress/_assets/gallery/kol-distress-gallery-03.png	46780
img/03-clients/work/tools/kol-distress/_assets/gallery/kol-distress-gallery-04.png	119828
img/03-clients/work/tools/kol-distress/_assets/gallery/kol-distress-gallery-05.png	46780
img/03-clients/work/tools/kol-distress/_assets/gallery/kol-distress-gallery-06.png	46780
img/03-clients/work/tools/kol-distress/_assets/hero/kol-distress-hero-01.png	455054
img/03-clients/work/tools/kol-distress/_assets/thumbnail/kol-distress-thumbnail-01.png	46780
img/03-clients/work/tools/kol-distress/kol-distress.md	1885
img/03-clients/work/tools/kol-editor/_assets/gallery/kol-editor-gallery-01.png	759623
img/03-clients/work/tools/kol-editor/_assets/gallery/kol-editor-gallery-02.png	295775
img/03-clients/work/tools/kol-editor/_assets/gallery/kol-editor-gallery-03.png	295775
img/03-clients/work/tools/kol-editor/_assets/gallery/kol-editor-gallery-04.png	759623
img/03-clients/work/tools/kol-editor/_assets/gallery/kol-editor-gallery-05.png	295762
img/03-clients/work/tools/kol-editor/_assets/gallery/kol-editor-gallery-06.png	295762
img/03-clients/work/tools/kol-editor/_assets/hero/kol-editor-hero-01.png	759623
img/03-clients/work/tools/kol-editor/_assets/thumbnail/kol-editor-thumbnail-01.png	403265
img/03-clients/work/tools/kol-editor/kol-editor.md	1919
img/03-clients/work/tools/kol-mirror/_assets/gallery/kol-mirror-gallery-01.png	71568
img/03-clients/work/tools/kol-mirror/_assets/gallery/kol-mirror-gallery-02.png	46780
img/03-clients/work/tools/kol-mirror/_assets/gallery/kol-mirror-gallery-03.png	46780
img/03-clients/work/tools/kol-mirror/_assets/gallery/kol-mirror-gallery-04.png	119828
img/03-clients/work/tools/kol-mirror/_assets/gallery/kol-mirror-gallery-05.png	46780
img/03-clients/work/tools/kol-mirror/_assets/gallery/kol-mirror-gallery-06.png	46780
img/03-clients/work/tools/kol-mirror/_assets/hero/kol-mirror-hero-01.png	455054
img/03-clients/work/tools/kol-mirror/_assets/thumbnail/kol-mirror-thumbnail-01.png	49770
img/03-clients/work/tools/kol-mirror/kol-mirror.md	1992
img/03-clients/work/tools/kol-modulator/_assets/gallery/kol-modulator-gallery-01.png	432658
img/03-clients/work/tools/kol-modulator/_assets/gallery/kol-modulator-gallery-02.png	380268
img/03-clients/work/tools/kol-modulator/_assets/gallery/kol-modulator-gallery-03.png	135277
img/03-clients/work/tools/kol-modulator/_assets/gallery/kol-modulator-gallery-04.png	224814
img/03-clients/work/tools/kol-modulator/_assets/gallery/kol-modulator-gallery-05.png	234567
img/03-clients/work/tools/kol-modulator/_assets/gallery/kol-modulator-gallery-06.png	264175
img/03-clients/work/tools/kol-modulator/_assets/gallery/kol-modulator-gallery-07.png	130447
img/03-clients/work/tools/kol-modulator/_assets/gallery/kol-modulator-gallery-08.png	477147
img/03-clients/work/tools/kol-modulator/_assets/gallery/kol-modulator-gallery-09.png	164324
img/03-clients/work/tools/kol-modulator/_assets/gallery/kol-modulator-gallery-10.png	238220
img/03-clients/work/tools/kol-modulator/_assets/gallery/kol-modulator-gallery-11.png	104941
img/03-clients/work/tools/kol-modulator/_assets/gallery/kol-modulator-gallery-12.png	200745
img/03-clients/work/tools/kol-modulator/_assets/gallery/kol-modulator-gallery-13.png	72562
img/03-clients/work/tools/kol-modulator/_assets/hero/kol-modulator-hero-01.png	381505
img/03-clients/work/tools/kol-modulator/_assets/thumbnail/kol-modulator-thumbnail-01.png	217064
img/03-clients/work/tools/kol-modulator/kol-modulator.md	3256
img/03-clients/work/tools/kol-noter/_assets/gallery/kol-noter-gallery-01.png	71568
img/03-clients/work/tools/kol-noter/_assets/gallery/kol-noter-gallery-02.png	46780
img/03-clients/work/tools/kol-noter/_assets/gallery/kol-noter-gallery-03.png	46780
img/03-clients/work/tools/kol-noter/_assets/gallery/kol-noter-gallery-04.png	119828
img/03-clients/work/tools/kol-noter/_assets/gallery/kol-noter-gallery-05.png	46780
img/03-clients/work/tools/kol-noter/_assets/gallery/kol-noter-gallery-06.png	46780
img/03-clients/work/tools/kol-noter/_assets/hero/kol-noter-hero-01.png	455054
img/03-clients/work/tools/kol-noter/_assets/thumbnail/kol-noter-thumbnail-01.png	115784
img/03-clients/work/tools/kol-noter/kol-noter.md	2001
img/03-clients/work/tools/kol-radial/_assets/gallery/kol-radial-gallery-01.png	270716
img/03-clients/work/tools/kol-radial/_assets/gallery/kol-radial-gallery-02.png	442988
img/03-clients/work/tools/kol-radial/_assets/gallery/kol-radial-gallery-03.png	702305
img/03-clients/work/tools/kol-radial/_assets/gallery/kol-radial-gallery-04.png	658022
img/03-clients/work/tools/kol-radial/_assets/gallery/kol-radial-gallery-05.png	848673
img/03-clients/work/tools/kol-radial/_assets/gallery/kol-radial-gallery-06.png	269098
img/03-clients/work/tools/kol-radial/_assets/gallery/kol-radial-gallery-07.png	987469
img/03-clients/work/tools/kol-radial/_assets/gallery/kol-radial-gallery-08.png	382260
img/03-clients/work/tools/kol-radial/_assets/gallery/kol-radial-gallery-09.png	339968
img/03-clients/work/tools/kol-radial/_assets/gallery/kol-radial-gallery-10.png	769003
img/03-clients/work/tools/kol-radial/_assets/gallery/kol-radial-gallery-11.png	682143
img/03-clients/work/tools/kol-radial/_assets/gallery/kol-radial-gallery-12.png	320948
img/03-clients/work/tools/kol-radial/_assets/hero/kol-radial-hero-01.png	255181
img/03-clients/work/tools/kol-radial/_assets/thumbnail/kol-radial-thumbnail-01.png	297410
img/03-clients/work/tools/kol-radial/kol-radial.md	2837
img/03-clients/work/tools/monitor/_assets/gallery/monitor-gallery-01.png	521299
img/03-clients/work/tools/monitor/_assets/gallery/monitor-gallery-02.png	378783
img/03-clients/work/tools/monitor/_assets/gallery/monitor-gallery-03.png	282913
img/03-clients/work/tools/monitor/_assets/gallery/monitor-gallery-04.png	394722
img/03-clients/work/tools/monitor/_assets/gallery/monitor-gallery-05.png	187761
img/03-clients/work/tools/monitor/_assets/gallery/monitor-gallery-06.png	319989
img/03-clients/work/tools/monitor/_assets/gallery/monitor-gallery-07.png	215724
img/03-clients/work/tools/monitor/_assets/gallery/monitor-gallery-08.png	289574
img/03-clients/work/tools/monitor/_assets/gallery/monitor-gallery-09.png	429012
img/03-clients/work/tools/monitor/_assets/gallery/monitor-gallery-10.png	402538
img/03-clients/work/tools/monitor/_assets/gallery/monitor-gallery-11.png	454209
img/03-clients/work/tools/monitor/_assets/hero/monitor-hero-02.png	823262
img/03-clients/work/tools/monitor/_assets/thumbnail/monitor-thumbnail-01.png	566674
img/03-clients/work/tools/monitor/monitor.md	2992
img/04-collections/.DS_Store	6148
img/04-collections/INDEX.md	630
img/04-collections/typefaces/sg-foundry/INDEX.md	983
img/04-collections/typefaces/sg-foundry/sg-foundry.png	451799
img/04-collections/typefaces/type-screengrabs/0877531ea29c674f8d9d5e2be53dab62_MD5.jpg	3229
img/04-collections/typefaces/type-screengrabs/0fb5db6de7704eb4eb81bfc063675ae6_MD5.jpg	12012
img/04-collections/typefaces/type-screengrabs/176c0586e16ddfe3729f07690b5b80ae_MD5.jpg	11438
img/04-collections/typefaces/type-screengrabs/3275a6b546c1a45d0421c8f6f091f336_MD5.jpg	13953
img/04-collections/typefaces/type-screengrabs/347c28995358deebee38412458044d04_MD5.jpg	5550
img/04-collections/typefaces/type-screengrabs/48f20dc867625ed558a2f862289a1dda_MD5.jpg	6143
img/04-collections/typefaces/type-screengrabs/650e46850801bd3f0a992d2d09534efd_MD5.jpg	7053
img/04-collections/typefaces/type-screengrabs/675b8cb72707c422b165070ab3138786_MD5.jpg	8029
img/04-collections/typefaces/type-screengrabs/6af73d24748f173137d2de0f692c722f_MD5.jpg	14439
img/04-collections/typefaces/type-screengrabs/8a3336f3774cbf3f20ef29c16289c2c6_MD5.jpg	7725
img/04-collections/typefaces/type-screengrabs/8fad742ca3af0a48e74a50b46ca438ad_MD5.jpg	6153
img/04-collections/typefaces/type-screengrabs/9a7eeb4ffe944bdeb16ef6eba1c5ce1f_MD5.jpg	4082
img/04-collections/typefaces/type-screengrabs/9cbd5d89824bba86f065373f817a9bcf_MD5.jpg	9443
img/04-collections/typefaces/type-screengrabs/a2c1f27f67b86f6de5055a3125f2978b_MD5.jpg	6594
img/04-collections/typefaces/type-screengrabs/a4e74c6d9fa334c66cba663b2e702a52_MD5.jpg	7841
img/04-collections/typefaces/type-screengrabs/b24770ed513bd0aeebf1a312c9bd5cdc_MD5.jpg	7877
img/04-collections/typefaces/type-screengrabs/b394845805fb878ba568048d868f0610_MD5.jpg	5488
img/04-collections/typefaces/type-screengrabs/b91114e9801a5adc4b95a4c7822be3b4_MD5.jpg	13291
img/04-collections/typefaces/type-screengrabs/c2c71a294c254bdb99bce111fa71f93e_MD5.jpg	7423
img/04-collections/typefaces/type-screengrabs/cc35c9bd0f576d355058af06a40dccbb_MD5.jpg	9420
img/04-collections/typefaces/type-screengrabs/d4101d3736056f77f5b869a549365bc0_MD5.jpg	6826
img/04-collections/typefaces/type-screengrabs/dc8cdbe89ff7fb7631b311e384465b5b_MD5.jpg	3257
img/04-collections/typefaces/type-screengrabs/e3a0a2b4f6136d7170dd15ed269f7a6b_MD5.jpg	5525
img/04-collections/typefaces/typeface-malromur/_malromur-hero.jpg	1021994
img/04-collections/typefaces/typeface-malromur/_malromur-thumb.jpg	228224
img/04-collections/typefaces/typeface-malromur/malromur-01.jpg	441360
img/04-collections/typefaces/typeface-malromur/malromur-02.jpg	177472
img/04-collections/typefaces/typeface-malromur/malromur-03.jpg	598157
img/04-collections/typefaces/typeface-malromur/malromur-04.jpg	1548583
img/04-collections/typefaces/typeface-malromur/malromur-05.jpg	125009
img/04-collections/typefaces/typeface-malromur/malromur-06.jpg	412319
img/04-collections/typefaces/typeface-malromur/malromur-07.jpg	575345
img/04-collections/typefaces/typeface-malromur/malromur-08.jpg	594649
img/04-collections/typefaces/typeface-malromur/malromur-09.jpg	509578
img/04-collections/typefaces/typeface-rot/_rot-hero.jpg	1271555
img/04-collections/typefaces/typeface-rot/_rot-thumb.jpg	728962
img/04-collections/typefaces/typeface-rot/rot-01.jpg	1137057
img/04-collections/typefaces/typeface-rot/rot-02.jpg	730502
img/04-collections/typefaces/typeface-rot/rot-03.jpg	592497
img/04-collections/typefaces/typeface-rot/rot-04.jpg	333570
img/04-collections/typefaces/typeface-rot/rot-05.jpg	393264
img/04-collections/typefaces/typeface-rot/rot-06.jpg	1382070
img/04-collections/typefaces/typeface-rot/rot-07.jpg	1431099
img/04-collections/typefaces/typeface-rot/rot-08.jpg	3031689
img/04-collections/typefaces/typeface-rot/rot-09.jpg	3250273
img/04-collections/typefaces/typefaces-og/open-graph-dylgjur.jpg	289229
img/04-collections/typefaces/typefaces-og/open-graph-foundry.jpg	65005
img/04-collections/typefaces/typefaces-og/open-graph-gullhamrar.jpg	321227
img/04-collections/typefaces/typefaces-og/open-graph-malromur.jpg	119857
img/04-collections/typefaces/typefaces-og/open-graph-rot.jpg	382596
img/04-collections/typefaces/typefaces-og/open-graph-trollatunga.jpg	196667
img/04-collections/visuals/ffmpeg/ffmpeg-01.png	2445947
img/04-collections/visuals/ffmpeg/ffmpeg-02.png	2056682
img/04-collections/visuals/ffmpeg/ffmpeg-03.png	2380506
img/04-collections/visuals/motion-01/_motion-01-thumb.jpg	754592
img/04-collections/visuals/motion-01/_motion-01-thumbb.jpg	717632
img/04-collections/visuals/touchdesigner/dust_still.png	190284
img/04-collections/visuals/touchdesigner/field-still.png	727077
img/04-collections/visuals/touchdesigner/mg-textblock-still.png	741110
img/04-collections/visuals/touchdesigner/mg_vatn-still.png	1570418
img/04-collections/visuals/touchdesigner/motion-01-thumb.jpg	1055067
img/04-collections/visuals/touchdesigner/motion-02-thumb.jpg	1079974
img/04-collections/visuals/touchdesigner/sanid-1.png	2697898
img/04-collections/visuals/touchdesigner/sanid-2.png	4004399
img/04-collections/visuals/touchdesigner/sanid-d.png	3257633
img/04-collections/visuals/touchdesigner/sanid-still.png	1025972
img/04-collections/visuals/touchdesigner/trollatunga-abstract-still.png	1135431
img/04-collections/visuals/touchdesigner/trollatunga-still-narrow.jpg	480563
img/04-collections/visuals/touchdesigner/trollatunga-still-wide.jpg	514799
img/04-collections/visuals/touchdesigner/type_gr-2k-still.png	516291
img/04-collections/visuals/touchdesigner/type_gr-4k-still.png	1871152
img/05-systems/.DS_Store	6148
img/05-systems/INDEX.md	510
img/05-systems/system-chess/27200-chess-games.md	16244
img/05-systems/system-chess/chess-boards-svg/ABoard.svg	9102
img/05-systems/system-chess/chess-boards-svg/board-1.svg	3715
img/05-systems/system-chess/chess-boards-svg/board-2.svg	3649
img/05-systems/system-chess/chess-boards-svg/board-3.svg	3715
img/05-systems/system-chess/chess-boards-svg/board-4.svg	3715
img/05-systems/system-chess/chess-boards-svg/board-5.svg	3715
img/05-systems/system-chess/chess-boards-svg/board.svg	3715
img/05-systems/system-chess/chess-pieces-svg/BBiskup.svg	7371
img/05-systems/system-chess/chess-pieces-svg/BKing.svg	8436
img/05-systems/system-chess/chess-pieces-svg/BKnight.svg	5568
img/05-systems/system-chess/chess-pieces-svg/BPawn.svg	1519
img/05-systems/system-chess/chess-pieces-svg/BQueen.svg	6891
img/05-systems/system-chess/chess-pieces-svg/BRook.svg	1656
img/05-systems/system-chess/chess-pieces-svg/WBiskup.svg	8976
img/05-systems/system-chess/chess-pieces-svg/WKing.svg	7140
img/05-systems/system-chess/chess-pieces-svg/WKnight.svg	7152
img/05-systems/system-chess/chess-pieces-svg/WPawn.svg	3187
img/05-systems/system-chess/chess-pieces-svg/WQueen.svg	13022
img/05-systems/system-chess/chess-pieces-svg/WRook.svg	2006
img/05-systems/system-chess/system-chess/chess-piece-sets/set-1/bishop-1.svg	1770
img/05-systems/system-chess/system-chess/chess-piece-sets/set-1/bishop.svg	1770
img/05-systems/system-chess/system-chess/chess-piece-sets/set-1/king-1.svg	1930
img/05-systems/system-chess/system-chess/chess-piece-sets/set-1/king.svg	1514
img/05-systems/system-chess/system-chess/chess-piece-sets/set-1/knight-1.svg	3372
img/05-systems/system-chess/system-chess/chess-piece-sets/set-1/knight.svg	3022
img/05-systems/system-chess/system-chess/chess-piece-sets/set-1/pawn-1.svg	668
img/05-systems/system-chess/system-chess/chess-piece-sets/set-1/pawn.svg	668
img/05-systems/system-chess/system-chess/chess-piece-sets/set-1/queen-1.svg	2586
img/05-systems/system-chess/system-chess/chess-piece-sets/set-1/queen.svg	3340
img/05-systems/system-chess/system-chess/chess-piece-sets/set-1/rook-1.svg	1175
img/05-systems/system-chess/system-chess/chess-piece-sets/set-1/rook.svg	1428
img/05-systems/system-chess/system-chess/chess-piece-sets/set-2/bishop-1.svg	1474
img/05-systems/system-chess/system-chess/chess-piece-sets/set-2/bishop.svg	1474
img/05-systems/system-chess/system-chess/chess-piece-sets/set-2/king-1.svg	2082
img/05-systems/system-chess/system-chess/chess-piece-sets/set-2/king.svg	2082
img/05-systems/system-chess/system-chess/chess-piece-sets/set-2/knight-1.svg	1497
img/05-systems/system-chess/system-chess/chess-piece-sets/set-2/knight.svg	1497
img/05-systems/system-chess/system-chess/chess-piece-sets/set-2/pawn-1.svg	1498
img/05-systems/system-chess/system-chess/chess-piece-sets/set-2/pawn.svg	1498
img/05-systems/system-chess/system-chess/chess-piece-sets/set-2/queen-1.svg	2325
img/05-systems/system-chess/system-chess/chess-piece-sets/set-2/queen.svg	2325
img/05-systems/system-chess/system-chess/chess-piece-sets/set-2/rook-1.svg	1147
img/05-systems/system-chess/system-chess/chess-piece-sets/set-2/rook.svg	1147
img/05-systems/system-chess/system-chess/chess-piece-sets/set-3/bishop-1.svg	2191
img/05-systems/system-chess/system-chess/chess-piece-sets/set-3/bishop.svg	685
img/05-systems/system-chess/system-chess/chess-piece-sets/set-3/king-1.svg	2937
img/05-systems/system-chess/system-chess/chess-piece-sets/set-3/king.svg	1152
img/05-systems/system-chess/system-chess/chess-piece-sets/set-3/knight-1.svg	1961
img/05-systems/system-chess/system-chess/chess-piece-sets/set-3/knight.svg	875
img/05-systems/system-chess/system-chess/chess-piece-sets/set-3/pawn-1.svg	1827
img/05-systems/system-chess/system-chess/chess-piece-sets/set-3/pawn.svg	760
img/05-systems/system-chess/system-chess/chess-piece-sets/set-3/queen-1.svg	2883
img/05-systems/system-chess/system-chess/chess-piece-sets/set-3/queen.svg	1152
img/05-systems/system-chess/system-chess/chess-piece-sets/set-3/rook-1.svg	1268
img/05-systems/system-chess/system-chess/chess-piece-sets/set-3/rook.svg	525
img/05-systems/system-chess/system-chess/sg-chess/_chess/UIborad+notation-playback.png	110264
img/05-systems/system-chess/system-chess/sg-chess/_chess/image copy 2.png	116987
img/05-systems/system-chess/system-chess/sg-chess/_chess/image copy.png	172436
img/05-systems/system-chess/system-chess/sg-chess/_chess/image.png	171103
img/05-systems/system-chess/system-chess/sg-chess/_chess/notation-playback.png	94522
img/05-systems/system-chess/system-chess/sg-chess/image copy 111.png	751724
img/05-systems/system-chess/system-chess/sg-chess/image copy 112.png	747030
img/05-systems/system-chess/system-chess/sg-chess/image copy 156.png	466437
img/05-systems/system-kol-ds/color-ramp.png	30115
img/05-systems/system-kol-ds/kol-icons/social-icons/facebook.svg	408
img/05-systems/system-kol-ds/kol-icons/social-icons/linkedin.svg	1803
img/05-systems/system-kol-ds/kol-icons/social-icons/twitter.svg	1317
img/05-systems/system-kol-ds/kol-icons/waves/wave-saw.svg	222
img/05-systems/system-kol-ds/kol-icons/waves/wave-sin.svg	241
img/05-systems/system-kol-ds/kol-icons/waves/wave-sqr.svg	227
img/05-systems/system-kol-ds/kol-icons/waves/wave-tri.svg	230
img/05-systems/system-kol-ds/kol-logos/favicons/favicon-metrics.svg	818
img/05-systems/system-kol-ds/kol-logos/favicons/favicon.svg	9556
img/05-systems/system-kol-ds/kol-logos/kolkrabbi svg/clients-svg/kol-lockup.svg	12243
img/05-systems/system-kol-ds/kol-logos/kolkrabbi svg/clients-svg/kol-logo.svg	9033
img/05-systems/system-kol-ds/kol-logos/kolkrabbi svg/logo-full.svg	12028
img/05-systems/system-kol-ds/kol-logos/kolkrabbi svg/logo-lockup-2.svg	12353
img/05-systems/system-kol-ds/kol-logos/kolkrabbi svg/logo.svg	9250
img/05-systems/system-kol-ds/kol-logos/kolkrabbi svg/wordmark.svg	3314
img/05-systems/system-kol-ds/kol-logos/workshop.svg	3614
img/05-systems/system-kol-ds/sg-editor/_color-picker/color-1-wheel.png	146260
img/05-systems/system-kol-ds/sg-editor/_color-picker/color-2-sliders.png	165516
img/05-systems/system-kol-ds/sg-editor/_color-picker/color-3-boxes.png	165907
img/05-systems/system-kol-ds/sg-editor/_color-picker/color-chooser.png	835306
img/05-systems/system-kol-ds/sg-editor/_color-picker/color-palette.png	60695
img/05-systems/system-kol-ds/sg-editor/_sg-editor.png	1350428
img/05-systems/system-metrics/INDEX.md	310
img/05-systems/system-metrics/_sg-metrics-01/10.png	81706
img/05-systems/system-metrics/_sg-metrics-01/Standard-1.png	29952
img/05-systems/system-metrics/_sg-metrics-01/Standard-10.png	38168
img/05-systems/system-metrics/_sg-metrics-01/Standard-2.png	56307
img/05-systems/system-metrics/_sg-metrics-01/Standard-3.png	16916
img/05-systems/system-metrics/_sg-metrics-01/Standard-4.png	6872
img/05-systems/system-metrics/_sg-metrics-01/Standard-5.png	56304
img/05-systems/system-metrics/_sg-metrics-01/Standard-6.png	52692
img/05-systems/system-metrics/_sg-metrics-01/Standard-7.png	32970
img/05-systems/system-metrics/_sg-metrics-01/Standard-8.png	57998
img/05-systems/system-metrics/_sg-metrics-01/Standard-9.png	45377
img/05-systems/system-metrics/_sg-metrics-01/Standard.png	54140
img/05-systems/system-metrics/_sg-metrics-01/image copy 3.png	283516
img/05-systems/system-metrics/_sg-metrics-02/image copy 110.png	383671
img/05-systems/system-metrics/_sg-metrics-02/image copy 118.png	128041
img/05-systems/system-metrics/_sg-metrics-02/image copy 119.png	21552
img/05-systems/system-metrics/_sg-metrics-02/image copy 120.png	12797
img/05-systems/system-metrics/_sg-metrics-02/image copy 121.png	446483
img/05-systems/system-metrics/_sg-metrics-02/image copy 122.png	189796
img/05-systems/system-metrics/_sg-metrics-02/image copy 123.png	379735
img/05-systems/system-metrics/_sg-metrics-02/image copy 124.png	166720
img/05-systems/system-metrics/_sg-metrics-02/image copy 125.png	163965
img/05-systems/system-metrics/_sg-metrics-02/image copy 126.png	160245
img/05-systems/system-metrics/_sg-metrics-02/image copy 127.png	165073
img/05-systems/system-metrics/_sg-metrics-02/image copy 128.png	161972
img/05-systems/system-metrics/_sg-metrics-02/image copy 129.png	174545
img/05-systems/system-metrics/_sg-metrics-02/image copy 130.png	219155
img/05-systems/system-metrics/_sg-metrics-02/image copy 131.png	295644
img/05-systems/system-metrics/_sg-metrics-02/image copy 132.png	180799
img/05-systems/system-metrics/_sg-metrics-02/image copy 133.png	105449
img/05-systems/system-metrics/_sg-metrics-02/image copy 134.png	131558
img/05-systems/system-metrics/_sg-metrics-02/image copy 135.png	236773
img/05-systems/system-metrics/_sg-metrics-02/image copy 136.png	179952
img/05-systems/system-metrics/_sg-metrics-02/image copy 137.png	363474
img/05-systems/system-metrics/_sg-metrics-02/image copy 138.png	265679
img/05-systems/system-metrics/_sg-metrics-02/image copy 139.png	297800
img/05-systems/system-metrics/_sg-metrics-02/image copy 140.png	307599
img/05-systems/system-metrics/_sg-metrics-02/image copy 141.png	86331
img/05-systems/system-metrics/_sg-metrics-02/image copy 142.png	106431
img/05-systems/system-metrics/_sg-metrics-02/image copy 143.png	451641
img/05-systems/system-metrics/_sg-metrics-02/image copy 144.png	659307
img/05-systems/system-metrics/_sg-metrics-02/image copy 145.png	613090
img/05-systems/system-metrics/_sg-metrics-02/image copy 146.png	125900
img/05-systems/system-metrics/_sg-metrics-02/image copy 147.png	184589
img/05-systems/system-metrics/_sg-metrics-02/image copy 148.png	59740
img/05-systems/system-metrics/_sg-metrics-02/image copy 149.png	87300
img/05-systems/system-metrics/_sg-metrics-02/image copy 150.png	665402
img/05-systems/system-metrics/_sg-metrics-02/image copy 34.png	70510
img/05-systems/system-metrics/_sg-metrics-02/image copy 35.png	69348
img/05-systems/system-metrics/_sg-metrics-02/image copy 36.png	79320
img/05-systems/system-metrics/_sg-metrics-02/image copy 37.png	328628
img/05-systems/system-metrics/_sg-metrics-02/image copy 38.png	333035
img/05-systems/system-metrics/_sg-metrics-02/image copy 39.png	104259
img/05-systems/system-metrics/_sg-metrics-02/image copy 40.png	78867
img/05-systems/system-metrics/_sg-metrics-02/image copy 41.png	143981
img/05-systems/system-metrics/_sg-metrics-02/image copy 42.png	78289
img/05-systems/system-metrics/_sg-metrics-02/image copy 43.png	221494
img/05-systems/system-metrics/_sg-metrics-02/image copy 44.png	98004
img/05-systems/system-metrics/_sg-metrics-02/image copy 45.png	128299
img/05-systems/system-metrics/_sg-metrics-02/image copy 46.png	121928
img/05-systems/system-metrics/_sg-metrics-02/image copy 47.png	88619
img/05-systems/system-metrics/_sg-metrics-02/image copy 48.png	60103
img/05-systems/system-metrics/_sg-metrics-02/image copy 49.png	129224
img/05-systems/system-metrics/_sg-metrics-02/image copy 50.png	105847
img/05-systems/system-metrics/_sg-metrics-02/image copy 51.png	106309
img/05-systems/system-metrics/_sg-metrics-02/image copy 52.png	165471
img/05-systems/system-metrics/_sg-metrics-02/image copy 53.png	105710
img/05-systems/system-metrics/_sg-metrics-02/image copy 54.png	91742
img/05-systems/system-metrics/_sg-metrics-02/image copy 55.png	73733
img/05-systems/system-metrics/_sg-metrics-02/image copy 56.png	165865
img/05-systems/system-metrics/_sg-metrics-02/image copy 57.png	107033
img/05-systems/system-metrics/_sg-metrics-02/image copy 58.png	62370
img/05-systems/system-metrics/_sg-metrics-02/image copy 59.png	95714
img/05-systems/system-metrics/_sg-metrics-02/image copy 60.png	130079
img/05-systems/system-metrics/analytics-components.png.pdf	2914105
img/05-systems/system-metrics/legacy-project.md	339
img/06-website/.DS_Store	6148
img/06-website/INDEX.md	788
img/06-website/kol-ws-blog/image copy 10.png	3888177
img/06-website/kol-ws-blog/image copy 12.png	5176300
img/06-website/kol-ws-blog/image copy 18.png	8091
img/06-website/kol-ws-blog/image copy 19.png	11209
img/06-website/kol-ws-blog/image copy 20.png	12098
img/06-website/kol-ws-blog/image copy 8.png	4261709
img/06-website/kol-ws-blog/image copy 9.png	5621390
img/06-website/kol-ws-ref/-ref-P5js/IMG_1955.PNG	1483740
img/06-website/kol-ws-ref/-ref-P5js/IMG_1956.PNG	1267253
img/06-website/kol-ws-ref/-ref-P5js/IMG_1957.PNG	1582388
img/06-website/kol-ws-ref/-ref-P5js/IMG_1958.PNG	1557611
img/06-website/kol-ws-ref/-ref-P5js/IMG_1959.PNG	1819333
img/06-website/kol-ws-ref/-ref-P5js/IMG_1960.PNG	6298303
img/06-website/kol-ws-ref/_sg-ref/image copy 21.png	3154618
img/06-website/kol-ws-ref/_sg-ref/image copy 22.png	4825231
img/06-website/kol-ws-ref/_sg-ref/image copy 23.png	4551231
img/06-website/kol-ws-ref/_sg-ref/image copy 24.png	5108602
img/06-website/kol-ws-ref/_sg-ref/image copy 25.png	13107877
img/06-website/kol-ws-ref/_sg-ref/image copy 26.png	2685279
img/06-website/kol-ws-ref/_sg-ref/image copy 27.png	10520371
img/06-website/kol-ws-ref/_sg-ref/image copy 28.png	6382810
img/06-website/kol-ws-ref/_sg-ref/image copy 29.png	775778
img/06-website/kol-ws-ref/_sg-ref/image copy 30.png	5932990
img/06-website/kol-ws-ref/_sg-ref/image copy 31.png	2591772
img/06-website/kol-ws-ref/_sg-ref/image copy 32.png	3467898
img/06-website/kol-ws-ref/_sg-ref/image copy 33.png	6663394
img/06-website/kol-ws-table/image copy 2.png	223303
img/06-website/kol-ws-table/image copy 3.png	432402
img/06-website/kol-ws-table/image copy 4.png	486976
img/06-website/kol-ws-table/image copy 5.png	510326
img/06-website/kol-ws-table/image copy 6.png	709810
img/06-website/kol-ws-table/image copy 7.png	567743
img/06-website/kol-ws-table/image copy.png	173763
img/06-website/kol-ws-table/image.png	567388
img/06-website/kol-ws-workshop/image copy 10.png	467851
img/06-website/kol-ws-workshop/image copy 100.png	255085
img/06-website/kol-ws-workshop/image copy 101.png	668161
img/06-website/kol-ws-workshop/image copy 102.png	332026
img/06-website/kol-ws-workshop/image copy 11.png	510502
img/06-website/kol-ws-workshop/image copy 113.png	69997
img/06-website/kol-ws-workshop/image copy 114.png	67362
img/06-website/kol-ws-workshop/image copy 115.png	40846
img/06-website/kol-ws-workshop/image copy 116.png	33176
img/06-website/kol-ws-workshop/image copy 117.png	34517
img/06-website/kol-ws-workshop/image copy 12.png	583203
img/06-website/kol-ws-workshop/image copy 13.png	48726
img/06-website/kol-ws-workshop/image copy 14.png	341381
img/06-website/kol-ws-workshop/image copy 151.png	783268
img/06-website/kol-ws-workshop/image copy 152.png	217663
img/06-website/kol-ws-workshop/image copy 154.png	175649
img/06-website/kol-ws-workshop/image copy 155.png	438832
img/06-website/kol-ws-workshop/image copy 16.png	512419
img/06-website/kol-ws-workshop/image copy 17.png	455832
img/06-website/kol-ws-workshop/image copy 18.png	1376222
img/06-website/kol-ws-workshop/image copy 19.png	933517
img/06-website/kol-ws-workshop/image copy 2.png	243309
img/06-website/kol-ws-workshop/image copy 20.png	769204
img/06-website/kol-ws-workshop/image copy 21.png	336879
img/06-website/kol-ws-workshop/image copy 22.png	41038
img/06-website/kol-ws-workshop/image copy 23.png	330623
img/06-website/kol-ws-workshop/image copy 24.png	275489
img/06-website/kol-ws-workshop/image copy 25.png	325595
img/06-website/kol-ws-workshop/image copy 26.png	805970
img/06-website/kol-ws-workshop/image copy 27.png	324047
img/06-website/kol-ws-workshop/image copy 28.png	116597
img/06-website/kol-ws-workshop/image copy 29.png	56956
img/06-website/kol-ws-workshop/image copy 3.png	213248
img/06-website/kol-ws-workshop/image copy 30.png	449151
img/06-website/kol-ws-workshop/image copy 31.png	277325
img/06-website/kol-ws-workshop/image copy 32.png	799689
img/06-website/kol-ws-workshop/image copy 33.png	68315
img/06-website/kol-ws-workshop/image copy 34.png	995001
img/06-website/kol-ws-workshop/image copy 35.png	1700696
img/06-website/kol-ws-workshop/image copy 36.png	1269571
img/06-website/kol-ws-workshop/image copy 37.png	6478720
img/06-website/kol-ws-workshop/image copy 38.png	1949895
img/06-website/kol-ws-workshop/image copy 39.png	2412783
img/06-website/kol-ws-workshop/image copy 4.png	268636
img/06-website/kol-ws-workshop/image copy 40.png	5083611
img/06-website/kol-ws-workshop/image copy 41.png	116819
img/06-website/kol-ws-workshop/image copy 42.png	418239
img/06-website/kol-ws-workshop/image copy 5.png	132421
img/06-website/kol-ws-workshop/image copy 6.png	571771
img/06-website/kol-ws-workshop/image copy 62.png	64357
img/06-website/kol-ws-workshop/image copy 63.png	59846
img/06-website/kol-ws-workshop/image copy 64.png	43849
img/06-website/kol-ws-workshop/image copy 65.png	376033
img/06-website/kol-ws-workshop/image copy 66.png	21895
img/06-website/kol-ws-workshop/image copy 68.png	456427
img/06-website/kol-ws-workshop/image copy 69.png	255668
img/06-website/kol-ws-workshop/image copy 7.png	297678
img/06-website/kol-ws-workshop/image copy 70.png	206211
img/06-website/kol-ws-workshop/image copy 71.png	87561
img/06-website/kol-ws-workshop/image copy 72.png	100746
img/06-website/kol-ws-workshop/image copy 73.png	69586
img/06-website/kol-ws-workshop/image copy 74.png	15964
img/06-website/kol-ws-workshop/image copy 75.png	18977
img/06-website/kol-ws-workshop/image copy 76.png	543176
img/06-website/kol-ws-workshop/image copy 77.png	163903
img/06-website/kol-ws-workshop/image copy 78.png	867719
img/06-website/kol-ws-workshop/image copy 79.png	822847
img/06-website/kol-ws-workshop/image copy 8.png	34597
img/06-website/kol-ws-workshop/image copy 80.png	500553
img/06-website/kol-ws-workshop/image copy 81.png	1076883
img/06-website/kol-ws-workshop/image copy 82.png	504283
img/06-website/kol-ws-workshop/image copy 83.png	574083
img/06-website/kol-ws-workshop/image copy 84.png	1077343
img/06-website/kol-ws-workshop/image copy 89.png	49344
img/06-website/kol-ws-workshop/image copy 9.png	23403
img/06-website/kol-ws-workshop/image copy 91.png	223276
img/06-website/kol-ws-workshop/image copy 92.png	258712
img/06-website/kol-ws-workshop/image copy 93.png	192673
img/06-website/kol-ws-workshop/image copy 95.png	49794
img/06-website/kol-ws-workshop/image copy 97.png	723743
img/06-website/kol-ws-workshop/image copy 98.png	506866
img/06-website/kol-ws-workshop/image copy 99.png	485536
img/06-website/kol-ws-workshop/image copy.png	695329
img/06-website/kol-ws-workshop/image.png	429056
img/06-website/stack/.DS_Store	10244
img/06-website/stack/27200-chess-games/27200-chess-games.md	20321
img/06-website/stack/27200-chess-games/_assets/chess-hero.png	935455
img/06-website/stack/INDEX.md	984
img/06-website/stack/building-a-foundry-by-accident/_assets/foundry-hero.png	7390803
img/06-website/stack/building-a-foundry-by-accident/building-a-foundry-by-accident.md	9680
img/06-website/stack/design-system/_assets/design-system-before-after.png	210452
img/06-website/stack/design-system/_assets/design-system-comparison.png	272952
img/06-website/stack/design-system/_assets/design-system-hero.png	1415569
img/06-website/stack/design-system/_assets/design-system-typography-modes.png	218987
img/06-website/stack/design-system/design-system.md	11751
img/06-website/stack/file-system-guidelines/_assets/file-system-hero.png	8269811
img/06-website/stack/file-system-guidelines/_assets/file-system-personal-library.png	79743
img/06-website/stack/file-system-guidelines/_assets/file-system-root-layout.png	1022362
img/06-website/stack/file-system-guidelines/file-system-guidelines.md	20982
img/06-website/stack/kol-radial-editor/_assets/radial-editor-development.png	1052705
img/06-website/stack/kol-radial-editor/_assets/radial-editor-hero.png	751199
img/06-website/stack/kol-radial-editor/_assets/radial-editor-interaction.png	654403
img/06-website/stack/kol-radial-editor/_assets/radial-editor-math-model.png	1168833
img/06-website/stack/kol-radial-editor/kol-radial-editor.md	8823
img/06-website/stack/kolkrabbi-io-design-system-and-build/_assets/kolkrabbi-io-font-loader.png	114849
img/06-website/stack/kolkrabbi-io-design-system-and-build/_assets/kolkrabbi-io-hero.png	493583
img/06-website/stack/kolkrabbi-io-design-system-and-build/_assets/kolkrabbi-io-monorepo-01.png	44613
img/06-website/stack/kolkrabbi-io-design-system-and-build/_assets/kolkrabbi-io-monorepo-02.png	706494
img/06-website/stack/kolkrabbi-io-design-system-and-build/kolkrabbi-io-design-system-and-build.md	16383
img/06-website/stack/monitor-modular-video-synthesizer/_assets/monitor-hero.png	3206492
img/06-website/stack/monitor-modular-video-synthesizer/_assets/monitor-inline-02.png	521299
img/06-website/stack/monitor-modular-video-synthesizer/_assets/monitor-inline-04.png	394722
img/06-website/stack/monitor-modular-video-synthesizer/_assets/monitor-inline-05.png	379167
img/06-website/stack/monitor-modular-video-synthesizer/_assets/monitor-inline-08.jpg	281791
img/06-website/stack/monitor-modular-video-synthesizer/_assets/monitor-inline-09.png	215724
img/06-website/stack/monitor-modular-video-synthesizer/_assets/monitor-intellijel-7u.png	3760944
img/06-website/stack/monitor-modular-video-synthesizer/monitor-modular-video-synthesizer.md	12776
img/06-website/stack/virtual-machine-local-server/_assets/vm-hero.png	8116135
img/06-website/stack/virtual-machine-local-server/virtual-machine-local-server.md	13762
img/07-assets/.DS_Store	6148
img/07-assets/kol-cli-obsidian/.DS_Store	6148
img/07-assets/kol-cli-obsidian/INDEX.md	1061
img/07-assets/kol-cli-obsidian/obs-01.png	211724
img/07-assets/kol-cli-obsidian/obs-02.png	143905
img/07-assets/kol-cli-obsidian/sg-obs/_obs-1.png	277918
img/07-assets/kol-cli-obsidian/sg-obs/_obs-2.png	195156
img/07-assets/kol-cli-obsidian/sg-obs/_obs-3.png	233953
img/07-assets/kol-cli-obsidian/sg-obs/_obs-4.png	111635
img/07-assets/kol-cli-terminal/clip_20260218_191954.png	223417
img/07-assets/kol-cli-terminal/clip_20260218_192021.png	535837
img/07-assets/kol-mocks-lean/another-stationery/01-paper-08.jpg	54978
img/07-assets/kol-mocks-lean/another-stationery/brochure-01.jpg	45738
img/07-assets/kol-mocks-lean/another-stationery/brochure-02.jpg	46987
img/07-assets/kol-mocks-lean/another-stationery/business-card-02.jpg	253311
img/07-assets/kol-mocks-lean/another-stationery/business-card-03.jpg	502970
img/07-assets/kol-mocks-lean/another-tags/care-label-mock.jpg	121860
img/07-assets/kol-mocks-lean/another-tags/label-mockup-03.jpg	134752
img/07-assets/kol-mocks-lean/another-tags/label-mockup-04.jpg	103592
img/07-assets/kol-mocks-lean/another-tags/label-mockup-05.jpg	105851
img/07-assets/kol-mocks-lean/another-tags/yrac-label-01.jpg	215825
img/07-assets/kol-mocks-lean/another-tags/yrac-label-02.jpg	134714
img/07-assets/kol-mocks-lean/another-tags/yrac-label.jpg	218430
img/07-assets/kol-mocks-lean/billboard-banner/banner-01.jpg	94207
img/07-assets/kol-mocks-lean/billboard-banner/banner-02.jpg	133937
img/07-assets/kol-mocks-lean/billboard-banner/banner-03.jpg	89391
img/07-assets/kol-mocks-lean/billboard-banner/bus-billboard-01.jpg	247151
img/07-assets/kol-mocks-lean/billboard-banner/bus-billboard-02.jpg	249646
img/07-assets/kol-mocks-lean/billboard-banner/bus-billboard-03.jpg	233305
img/07-assets/kol-mocks-lean/billboard-banner/bus-billboard-04.jpg	203126
img/07-assets/kol-mocks-lean/billboard-banner/city-billboard-01.jpg	122132
img/07-assets/kol-mocks-lean/billboard-banner/city-billboard-01a.jpg	118972
img/07-assets/kol-mocks-lean/billboard-banner/city-billboard-02.jpg	292863
img/07-assets/kol-mocks-lean/billboard-banner/city-billboard-02a.jpg	358779
img/07-assets/kol-mocks-lean/billboard-banner/city-billboard-03.jpg	527844
img/07-assets/kol-mocks-lean/billboard-banner/city-billboard-04.jpg	191938
img/07-assets/kol-mocks-lean/billboard-banner/city-billboard-05.jpg	478144
img/07-assets/kol-mocks-lean/billboard-banner/city-billboard-06.jpg	239779
img/07-assets/kol-mocks-lean/billboard-banner/city-billboard-07.jpg	209714
img/07-assets/kol-mocks-lean/billboard-banner/city-billboard-08.jpg	492087
img/07-assets/kol-mocks-lean/billboard-banner/city-billboard-09.jpg	374231
img/07-assets/kol-mocks-lean/billboard-banner/city-billboard-10.jpg	480943
img/07-assets/kol-mocks-lean/billboard-banner/city-billboard-11.jpg	604340
img/07-assets/kol-mocks-lean/billboard-banner/city-billboard-12.jpg	167526
img/07-assets/kol-mocks-lean/billboard-banner/city-billboard-13.jpg	267082
img/07-assets/kol-mocks-lean/billboard-banner/city-poster-01.jpg	198173
img/07-assets/kol-mocks-lean/billboard-banner/city-poster-02.jpg	286906
img/07-assets/kol-mocks-lean/billboard-banner/city-poster-03.jpg	767331
img/07-assets/kol-mocks-lean/billboard-banner/city-poster-04.jpg	259687
img/07-assets/kol-mocks-lean/billboard-banner/city-poster-05.jpg	154299
img/07-assets/kol-mocks-lean/billboard-banner/city-poster-06.jpg	488265
img/07-assets/kol-mocks-lean/billboard-banner/city-poster-07.jpg	153728
img/07-assets/kol-mocks-lean/billboard-banner/city-poster-08.jpg	148669
img/07-assets/kol-mocks-lean/billboard-banner/city-poster-09.jpg	416346
img/07-assets/kol-mocks-lean/billboard-banner/city-poster-10.jpg	248327
img/07-assets/kol-mocks-lean/billboard-banner/flags-01.jpg	284947
img/07-assets/kol-mocks-lean/billboard-banner/flags-02.jpg	68662
img/07-assets/kol-mocks-lean/billboard-poster/aftra-billboard-poster.jpg	150453
img/07-assets/kol-mocks-lean/mood-bags/dust_bag.jpg	283292
img/07-assets/kol-mocks-lean/mood-bags/studio-tote-01.jpg	1531946
img/07-assets/kol-mocks-lean/mood-bags/tote-bag-02.jpg	1205093
img/07-assets/kol-mocks-lean/mood-bags/tote-bag-05.jpg	1583442
img/07-assets/kol-mocks-lean/mood-branded 2/scene-book-01.jpg	713255
img/07-assets/kol-mocks-lean/mood-branded 2/scene-book-02.jpg	513228
img/07-assets/kol-mocks-lean/mood-branded 2/scene-poster-01.jpg	1126027
img/07-assets/kol-mocks-lean/mood-branded 2/scene-poster-02.jpg	1235939
img/07-assets/kol-mocks-lean/mood-branded 2/scene-poster-03.jpg	824903
img/07-assets/kol-mocks-lean/mood-branded 2/scene-poster-04.jpg	1558295
img/07-assets/kol-mocks-lean/mood-branded 2/scene-poster-05.jpg	1521906
img/07-assets/kol-mocks-lean/mood-branded 2/scene-poster-06.jpg	1600396
img/07-assets/kol-mocks-lean/mood-branded 2/scene-poster-07.jpg	1013643
img/07-assets/kol-mocks-lean/mood-branded 2/scene-stickers-01.jpg	279599
img/07-assets/kol-mocks-lean/mood-clothes/studio-tshirt-02.jpg	2901670
img/07-assets/kol-mocks-lean/paper-logo/paper-logo-01.jpg	713589
img/07-assets/kol-mocks-lean/paper-logo/paper-logo-02.jpg	679409
img/07-assets/kol-mocks-lean/paper-logo/paper-logo-03.jpg	853182
img/07-assets/kol-mocks-lean/paper-logo/paper-logo-04.jpg	853492
img/07-assets/kol-mocks-lean/paper-logo/paper-logo-05.jpg	636728
img/07-assets/kol-mocks-lean/paper-logo/paper-textrure-01.jpg	894472
img/07-assets/kol-mocks-lean/paper-logo/paper-textrure-02.jpg	355120
img/07-assets/kol-mocks-lean/paper-logo/paper-textrure-03.jpg	1088847
img/07-assets/kol-mocks-lean/storefront-package 2/ipad-desk.jpg	546020
img/07-assets/kol-mocks-lean/storefront-package 2/mock-package-01.jpg	1011334
img/07-assets/kol-mocks-lean/storefront-package 2/phone-rock.jpg	1634043
img/07-assets/kol-mocks-lean/storefront-package 2/studio-package-01.jpg	628287
img/07-assets/kol-mocks-lean/storefront-package 2/studio-package-02.jpg	363669
img/07-assets/kol-mocks-lean/storefront-package 2/studio-package-09.jpg	929828
img/07-assets/kol-mocks-lean/storefront-package 2/studio-package-10.jpg	575012
img/07-assets/kol-mocks-lean/storefront-package 2/studio-package-11.jpg	720242
img/07-assets/kol-mocks-lean/storefront-signage/reception-01.jpg	824639
img/07-assets/kol-mocks-lean/storefront-signage/sign-frame-01.jpg	1986962
img/07-assets/kol-mocks-lean/storefront-signage/wall-marking-01.jpg	529551
img/07-assets/kol-mocks-lean/storefront-signage/wall-marking-02.jpg	1128172
img/07-assets/kol-mocks-lean/storefront-signage/wall-marking-03.jpg	387169
img/07-assets/kol-mocks-lean/storefront-signage/wall-marking-04.jpg	572089
img/07-assets/kol-mocks-lean/storefront-signage/wall-marking-05.jpg	945680
img/07-assets/kol-mocks-lean/storefront-signage/wall-sign-01.jpg	878118
img/07-assets/kol-mocks-lean/storefront-signage/wall-sign-02.jpg	2223946
img/07-assets/kol-mocks-lean/storefront-signage/wall-sign-03.jpg	763984
img/07-assets/kol-mocks-lean/storefront-signage/wall-sign-04.jpg	947692
img/07-assets/kol-mocks-lean/storefront-signage/wall-sign-05.jpg	723002
img/07-assets/kol-texture/print-texture-highlight-01/print-texture-highlight-01-1200.jpg	945464
img/07-assets/kol-texture/print-texture-highlight-01/print-texture-highlight-01-1600.jpg	1631142
img/07-assets/kol-texture/print-texture-highlight-01/print-texture-highlight-01-400.jpg	86352
img/07-assets/kol-texture/print-texture-highlight-01/print-texture-highlight-01-800.jpg	408051
img/07-assets/kol-texture/print-texture-highlight-02/print-texture-highlight-02-1200.jpg	1001691
img/07-assets/kol-texture/print-texture-highlight-02/print-texture-highlight-02-1600.jpg	1716036
img/07-assets/kol-texture/print-texture-highlight-02/print-texture-highlight-02-400.jpg	92667
img/07-assets/kol-texture/print-texture-highlight-02/print-texture-highlight-02-800.jpg	435398
img/07-assets/kol-texture/print-texture-paper/print-texture-paper-1200.jpg	290498
img/07-assets/kol-texture/print-texture-paper/print-texture-paper-1600.jpg	607599
img/07-assets/kol-texture/print-texture-paper/print-texture-paper-400.jpg	13709
img/07-assets/kol-texture/print-texture-paper/print-texture-paper-800.jpg	95941
img/07-assets/kol-texture/print-texture-stain/print-texture-stain-1200.jpg	49683
img/07-assets/kol-texture/print-texture-stain/print-texture-stain-1600.jpg	78405
img/07-assets/kol-texture/print-texture-stain/print-texture-stain-400.jpg	9262
img/07-assets/kol-texture/print-texture-stain/print-texture-stain-800.jpg	26641
img/07-assets/kol-texture/texture pdf/brush__photoshop--Beat Tones Brushes Cheat-sheet.pdf	45516171
img/07-assets/kol-texture/texture pdf/brush__photoshop--Dead-Subtle-Cheat-Sheet.pdf	10665963
img/07-assets/kol-texture/texture pdf/brush__photoshop--Dead-Subtle-Tricks and Tips.pdf	887022
img/07-assets/kol-texture/texture pdf/brush__photoshop--Fast Grit Cheat-Sheet.pdf	5122199
img/07-assets/kol-texture/texture pdf/brush__photoshop--Lithotone-BrushesCheat-Sheet.pdf	41735981
img/07-assets/kol-texture/texture pdf/brush__photoshop--Lithotone-Installation Instructions.pdf	1704472
img/07-assets/kol-texture/texture pdf/brush__photoshop--Lithotone-User Guide.pdf	4493719
img/07-assets/kol-texture/texture pdf/brush__photoshop--Stipple Studio-Brush-Previews.pdf	11133061
img/07-assets/kol-texture/texture pdf/brush__photoshop--The Rusty Nib-User Guide.pdf	2051829
img/07-assets/kol-texture/texture pdf/brush__photoshop--distress-Cheat Sheets.pdf	6365101
img/07-assets/kol-texture/texture pdf/brush__vector--GrainShader-Brush-Set-Cheat-Sheet.pdf	1916625
img/08-books/.DS_Store	6148
img/08-books/INDEX.md	3809
img/08-books/_kol-portfolio/.DS_Store	6148
img/08-books/_kol-portfolio/Portfolio 2018 thordur critique.afpub	136590405
img/09-music/kol-konsulat-modular/01-wide.jpeg	1129717
img/09-music/kol-konsulat-modular/02-wide.jpeg	1475368
img/09-music/kol-konsulat-modular/03-detail.jpeg	7569946
img/09-music/kol-konsulat-modular/04-front.jpeg	8093587
img/10-studio/.DS_Store	6148
img/10-studio/kol-graph-gallery/.DS_Store	6148
img/10-studio/kol-graph-gallery/cat-abs/.DS_Store	6148
img/10-studio/kol-graph-gallery/cat-abs/abst-01-png/320.png	5379
img/10-studio/kol-graph-gallery/cat-abs/abst-01-png/code-anim-01.png	12051
img/10-studio/kol-graph-gallery/cat-abs/abst-01-png/code-anim-02.png	123515
img/10-studio/kol-graph-gallery/cat-abs/abst-01-png/code-anim-03.png	59858
img/10-studio/kol-graph-gallery/cat-abs/abst-01-png/code-anim-04.png	22275
img/10-studio/kol-graph-gallery/cat-abs/abst-01-png/shape-01-1.png	3163
img/10-studio/kol-graph-gallery/cat-abs/abst-01-png/shape-01-2.png	2811
img/10-studio/kol-graph-gallery/cat-abs/abst-01-png/shape-01-3.png	3390
img/10-studio/kol-graph-gallery/cat-abs/abst-01-png/shape-01-4.png	3966
img/10-studio/kol-graph-gallery/cat-abs/abst-01-png/shape-01-5.png	4233
img/10-studio/kol-graph-gallery/cat-abs/abst-01-png/shape-01.png	2462
img/10-studio/kol-graph-gallery/cat-abs/abst-02-png/INDEX.md	959
img/10-studio/kol-graph-gallery/cat-abs/abst-02-png/analytics.png	8394
img/10-studio/kol-graph-gallery/cat-abs/abst-02-png/apparat.png	11479
img/10-studio/kol-graph-gallery/cat-abs/abst-02-png/chess.png	85369
img/10-studio/kol-graph-gallery/cat-abs/abst-02-png/components.png	14625
img/10-studio/kol-graph-gallery/cat-abs/abst-02-png/design-system.png	7169
img/10-studio/kol-graph-gallery/cat-abs/abst-02-png/hall-of-mirrors.png	30964
img/10-studio/kol-graph-gallery/cat-abs/abst-03-png/image copy 2.png	77303
img/10-studio/kol-graph-gallery/cat-abs/abst-03-png/image copy 3.png	284414
img/10-studio/kol-graph-gallery/cat-abs/abst-03-png/image copy 4.png	90432
img/10-studio/kol-graph-gallery/cat-abs/abst-03-png/image copy 5.png	252869
img/10-studio/kol-graph-gallery/cat-abs/abst-03-png/image copy 6.png	47179
img/10-studio/kol-graph-gallery/cat-abs/abst-03-png/image copy 7.png	83730
img/10-studio/kol-graph-gallery/cat-abs/abst-svg/320.svg	14276
img/10-studio/kol-graph-gallery/cat-abs/abst-svg/abstract-01.svg	1107
img/10-studio/kol-graph-gallery/cat-abs/abst-svg/abstract-02.svg	4054
img/10-studio/kol-graph-gallery/cat-abs/abst-svg/abstract-03.svg	2173
img/10-studio/kol-graph-gallery/cat-abs/abst-svg/abstract-04.svg	1923
img/10-studio/kol-graph-gallery/cat-abs/abst-svg/abstract-05.svg	7767
img/10-studio/kol-graph-gallery/cat-abs/abst-svg/abstract-06.svg	9359
img/10-studio/kol-graph-gallery/cat-abs/abst-svg/code-anim-01.svg	4407
img/10-studio/kol-graph-gallery/cat-abs/abst-svg/code-anim-02.svg	35282
img/10-studio/kol-graph-gallery/cat-abs/abst-svg/code-anim-03.svg	112163
img/10-studio/kol-graph-gallery/cat-abs/abst-svg/code-anim-04.svg	59910
img/10-studio/kol-graph-gallery/cat-device/device-comp-01.svg	52434
img/10-studio/kol-graph-gallery/cat-device/device-comp-02.svg	26686
img/10-studio/kol-graph-gallery/cat-device/device-comp-03.svg	21708
img/10-studio/kol-graph-gallery/cat-device/device-comp-04.svg	36963
img/10-studio/kol-graph-gallery/cat-device/devices-01.svg	49899
img/10-studio/kol-graph-gallery/cat-device/devices-02.svg	20796
img/10-studio/kol-graph-gallery/cat-device/devices-03.svg	25749
img/10-studio/kol-graph-gallery/cat-device/mobile-01.svg	18052
img/10-studio/kol-graph-gallery/cat-device/mobile-02.svg	15777
img/10-studio/kol-graph-gallery/cat-logo/category-logos-01/form-01.svg	1063
img/10-studio/kol-graph-gallery/cat-logo/category-logos-01/form-02.svg	1423
img/10-studio/kol-graph-gallery/cat-logo/category-logos-01/form-03.svg	1252
img/10-studio/kol-graph-gallery/cat-logo/category-logos-01/form-04.svg	2463
img/10-studio/kol-graph-gallery/cat-logo/category-logos-01/form-05.svg	1386
img/10-studio/kol-graph-gallery/cat-logo/category-logos-01/form-06.svg	3227
img/10-studio/kol-graph-gallery/cat-logo/category-logos-01/form-07.svg	480
img/10-studio/kol-graph-gallery/cat-logo/category-logos-01/form-08.svg	755
img/10-studio/kol-graph-gallery/cat-logo/category-logos-01/form-09.svg	2600
img/10-studio/kol-graph-gallery/cat-logo/category-logos-01/form-10.svg	2531
img/10-studio/kol-graph-gallery/cat-logo/category-logos-01/form-11.svg	1329
img/10-studio/kol-graph-gallery/cat-logo/category-logos-01/form-12.svg	1310
img/10-studio/kol-graph-gallery/cat-logo/category-logos-01/form-13.svg	1343
img/10-studio/kol-graph-gallery/cat-logo/category-logos-01/shape-00.svg	17411
img/10-studio/kol-graph-gallery/cat-logo/category-logos-01/shape-01-1.svg	4401
img/10-studio/kol-graph-gallery/cat-logo/category-logos-01/shape-01-2.svg	2326
img/10-studio/kol-graph-gallery/cat-logo/category-logos-01/shape-01-3.svg	2118
img/10-studio/kol-graph-gallery/cat-logo/category-logos-01/shape-01-4.svg	7848
img/10-studio/kol-graph-gallery/cat-logo/category-logos-01/shape-01-5.svg	8140
img/10-studio/kol-graph-gallery/cat-logo/category-logos-01/shape-01.svg	1209
img/10-studio/kol-graph-gallery/cat-logo/category-logos-02/2b5482bf16fa3d2e3a10315e70ace704_MD5.svg	557
img/10-studio/kol-graph-gallery/cat-logo/category-logos-02/54b4dda42335241e3e66575775b3a75a_MD5.svg	1144
img/10-studio/kol-graph-gallery/cat-logo/category-logos-02/67c6f6df80efa309f2672b6f10f0a2c4_MD5.svg	710
img/10-studio/kol-graph-gallery/cat-logo/category-logos-02/aftra logo.svg	2712
img/10-studio/kol-graph-gallery/cat-logo/category-logos-02/canalix.svg	594
img/10-studio/kol-graph-gallery/cat-logo/category-logos-02/casedoc.svg	551
img/10-studio/kol-graph-gallery/cat-logo/category-logos-02/exmon.svg	466
img/10-studio/kol-graph-gallery/cat-logo/category-logos-02/flik.svg	609
img/10-studio/kol-graph-gallery/cat-logo/category-logos-02/folio-1.svg	2107
img/10-studio/kol-graph-gallery/cat-logo/category-logos-02/folio-2.svg	5074
img/10-studio/kol-graph-gallery/cat-logo/category-logos-02/kaffistofan.svg	2098
img/10-studio/kol-graph-gallery/cat-logo/category-logos-02/kolk.svg	9337
img/10-studio/kol-graph-gallery/cat-logo/category-logos-02/logomark-2025.svg	1302
img/10-studio/kol-graph-gallery/cat-logo/category-logos-03/Kaffistofan.png	7280
img/10-studio/kol-graph-gallery/cat-logo/category-logos-03/black house.png	4859
img/10-studio/kol-graph-gallery/cat-logo/category-logos-03/canalix.png	4778
img/10-studio/kol-graph-gallery/cat-logo/category-logos-03/controlant.png	6720
img/10-studio/kol-graph-gallery/cat-logo/category-logos-03/ecf.png	4233
img/10-studio/kol-graph-gallery/cat-logo/category-logos-03/exmon.png	3819
img/10-studio/kol-graph-gallery/cat-logo/category-logos-03/greind.png	3402
img/10-studio/kol-graph-gallery/cat-logo/category-logos-03/herramenn.png	9131
img/10-studio/kol-graph-gallery/cat-logo/category-logos-03/jöklabyr.png	2899
img/10-studio/kol-graph-gallery/cat-logo/category-logos-03/konsulat.png	3433
img/10-studio/kol-graph-gallery/cat-logo/category-logos-03/mbsk.png	4484
img/10-studio/kol-graph-gallery/cat-logo/category-logos-03/rma.png	2510
img/10-studio/kol-graph-gallery/cat-logo/category-logos-03/scw.png	6854
img/10-studio/kol-graph-gallery/cat-logo/category-logos-03/servado.png	5849
img/10-studio/kol-graph-gallery/cat-logo/category-logos-03/snjallingur.png	6083
img/10-studio/kol-graph-gallery/cat-patt/pattern-01/01.svg	4258
img/10-studio/kol-graph-gallery/cat-patt/pattern-01/02.svg	43115
img/10-studio/kol-graph-gallery/cat-patt/pattern-01/03.svg	48333
img/10-studio/kol-graph-gallery/cat-patt/pattern-01/04.svg	12426
img/10-studio/kol-graph-gallery/cat-patt/pattern-01/05.svg	21068
img/10-studio/kol-graph-gallery/cat-patt/pattern-01/06.svg	17218
img/10-studio/kol-graph-gallery/cat-patt/pattern-01/07.svg	13771
img/10-studio/kol-graph-gallery/cat-patt/pattern-01/08.svg	5852
img/10-studio/kol-graph-gallery/cat-patt/pattern-01/09.svg	56460
img/10-studio/kol-graph-gallery/cat-patt/pattern-01/10.svg	15131
img/10-studio/kol-graph-gallery/cat-patt/pattern-01/11.svg	10761
img/10-studio/kol-graph-gallery/cat-patt/pattern-01/12.svg	3815
img/10-studio/kol-graph-gallery/cat-patt/pattern-01/13.svg	15388
img/10-studio/kol-graph-gallery/cat-patt/pattern-01/14.svg	5033
img/10-studio/kol-graph-gallery/cat-patt/pattern-01/15.svg	38621
img/10-studio/kol-graph-gallery/cat-patt/pattern-01/16.svg	8109
img/10-studio/kol-graph-gallery/cat-patt/pattern-01/17.svg	4371
img/10-studio/kol-graph-gallery/cat-patt/pattern-01/18.svg	8713
img/10-studio/kol-graph-gallery/cat-patt/pattern-01/19.svg	22398
img/10-studio/kol-graph-gallery/cat-patt/pattern-01/20.svg	17961
img/10-studio/kol-graph-gallery/cat-patt/pattern-02/01.svg	4231
img/10-studio/kol-graph-gallery/cat-patt/pattern-02/04.svg	16506
img/10-studio/kol-graph-gallery/cat-patt/pattern-02/08.svg	4452
img/10-studio/kol-graph-gallery/cat-patt/pattern-02/12.svg	19735
img/10-studio/kol-graph-gallery/cat-patt/pattern-02/pattern-1.svg	11359
img/10-studio/kol-graph-gallery/cat-patt/pattern-02/pattern-2.svg	3602
img/10-studio/kol-graph-gallery/cat-patt/pattern-02/pattern-3.svg	11209
img/10-studio/kol-graph-gallery/cat-patt/pattern-02/pattern-4.svg	3619
img/10-studio/kol-graph-gallery/cat-patt/pattern-02/pattern-5.svg	1675
img/10-studio/kol-graph-gallery/cat-patt/pattern-02/pattern-6.svg	505
img/10-studio/kol-image-gallery/.DS_Store	10244
img/10-studio/kol-image-gallery/01-brand-library/INDEX.md	15925
img/10-studio/kol-image-gallery/01-brand-library/_assets/REFUR Í BLÆTI.jpg	261894
img/10-studio/kol-image-gallery/01-brand-library/_assets/ae-berlin-01.jpg	218150
img/10-studio/kol-image-gallery/01-brand-library/_assets/ae-berlin-02.jpg	153335
img/10-studio/kol-image-gallery/01-brand-library/_assets/displace-glass.jpg	201404
img/10-studio/kol-image-gallery/01-brand-library/_assets/displace-main.jpg	172890
img/10-studio/kol-image-gallery/01-brand-library/_assets/displace-off-02.jpg	198896
img/10-studio/kol-image-gallery/01-brand-library/_assets/displace-vertical.jpg	199339
img/10-studio/kol-image-gallery/01-brand-library/_assets/russian-harpa.jpg	231690
img/10-studio/kol-image-gallery/01-brand-library/_assets/thg-portrett-01.jpg	220128
img/10-studio/kol-image-gallery/01-brand-library/_assets/thg-portrett-02.jpg	232105
img/10-studio/kol-image-gallery/01-brand-library/_assets/thg-portrett-03.jpg	175889
img/10-studio/kol-image-gallery/01-brand-library/_assets/thg-skyndreymi-02.jpg	141832
img/10-studio/kol-image-gallery/01-brand-library/_assets/torg-alien.jpg	179333
img/10-studio/kol-image-gallery/01-brand-library/_assets/torg-ecx.jpg	166186
img/10-studio/kol-image-gallery/01-brand-library/_assets/torg_about-0002.jpg	63744
img/10-studio/kol-image-gallery/01-brand-library/_assets/torg_dead-0001.jpg	185188
img/10-studio/kol-image-gallery/01-brand-library/_assets/torg_dv-0001.jpg	204452
img/10-studio/kol-image-gallery/01-brand-library/_assets/torg_dv-0002.jpg	193074
img/10-studio/kol-image-gallery/01-brand-library/_assets/torg_dv-0003.jpg	126520
img/10-studio/kol-image-gallery/01-brand-library/_assets/torg_dv-0005.jpg	102396
img/10-studio/kol-image-gallery/01-brand-library/_assets/torg_lost-horse-0003.jpg	187576
img/10-studio/kol-image-gallery/01-brand-library/_assets/torg_portrait-01.jpg	214020
img/10-studio/kol-image-gallery/01-brand-library/_assets/torg_portrait-02.jpg	226146
img/10-studio/kol-image-gallery/01-brand-library/_assets/torg_portrait-03.jpg	170400
img/10-studio/kol-image-gallery/01-brand-library/_assets/torg_skak-0001.jpg	175384
img/10-studio/kol-image-gallery/01-brand-library/_assets/torg_skak-0002.jpg	190830
img/10-studio/kol-image-gallery/01-brand-library/_assets/torg_studio-a-0001.jpg	84090
img/10-studio/kol-image-gallery/01-brand-library/_assets/torg_studio-a-0002.jpg	125221
img/10-studio/kol-image-gallery/01-brand-library/_assets/torg_studio-a-0003.jpg	74216
img/10-studio/kol-image-gallery/01-brand-library/_assets/torg_studio-a-0004.jpg	105623
img/10-studio/kol-image-gallery/01-brand-library/_assets/torg_studio-a-0006.jpg	88540
img/10-studio/kol-image-gallery/01-brand-library/_assets/torg_studio-b-0001.jpg	195994
img/10-studio/kol-image-gallery/01-brand-library/_assets/torg_studio-b-0002.jpg	271145
img/10-studio/kol-image-gallery/01-brand-library/_assets/torg_studio-b-0003.jpg	218606
img/10-studio/kol-image-gallery/01-brand-library/_assets/torg_studio-b-0004.jpg	192453
img/10-studio/kol-image-gallery/01-brand-library/_assets/torg_studio-b-0005.jpg	165733
img/10-studio/kol-image-gallery/01-brand-library/_assets/torg_studio-b-0006.jpg	211004
img/10-studio/kol-image-gallery/01-brand-library/_assets/torg_studio-b-0007.jpg	339385
img/10-studio/kol-image-gallery/01-brand-library/_assets/torg_viktor-kex.jpg	185284
img/10-studio/kol-image-gallery/02-portraits-bw-studio/INDEX.md	3397
img/10-studio/kol-image-gallery/02-portraits-bw-studio/_assets/tór-photo-01.jpg	197122
img/10-studio/kol-image-gallery/02-portraits-bw-studio/_assets/tór-photo-02.jpg	244171
img/10-studio/kol-image-gallery/02-portraits-bw-studio/_assets/tór-photo-03.jpg	176361
img/10-studio/kol-image-gallery/02-portraits-bw-studio/_assets/tór-photo-04.jpg	135881
img/10-studio/kol-image-gallery/02-portraits-bw-studio/_assets/tór-photo-05.jpg	148742
img/10-studio/kol-image-gallery/02-portraits-bw-studio/_assets/tór-photo-06.jpg	79342
img/10-studio/kol-image-gallery/02-portraits-bw-studio/_assets/tór-photo-07.jpg	101754
img/10-studio/kol-image-gallery/02-portraits-bw-studio/_assets/tór-photo-08.jpg	177063
img/10-studio/kol-image-gallery/02-portraits-bw-studio/_assets/tór-photo-09.jpg	151212
img/10-studio/kol-image-gallery/02-portraits-bw-studio/_assets/tór-photo-10.jpg	255536
img/10-studio/kol-image-gallery/02-portraits-bw-studio/_assets/tór-photo-11.jpg	276497
img/10-studio/kol-image-gallery/02-portraits-bw-studio/_assets/tór-photo-12.jpg	196990
img/10-studio/kol-image-gallery/02-portraits-bw-studio/_assets/tór-photo-13.jpg	180927
img/10-studio/kol-image-gallery/02-portraits-bw-studio/_assets/tór-photo-14.jpg	176669
img/10-studio/kol-image-gallery/02-portraits-bw-studio/_assets/tór-photo-15.jpg	175752
img/10-studio/kol-image-gallery/02-portraits-bw-studio/_assets/tór-photo-16.jpg	317071
img/10-studio/kol-image-gallery/02-portraits-bw-studio/_assets/tór-photo-17.jpg	140074
img/10-studio/kol-image-gallery/02-portraits-bw-studio/_assets/tór-photo-18.jpg	171002
img/10-studio/kol-image-gallery/02-portraits-bw-studio/_assets/tór-photo-19.jpg	149105
img/10-studio/kol-image-gallery/02-portraits-bw-studio/_assets/tór-photo-20.jpg	130566
img/10-studio/kol-image-gallery/02-portraits-bw-studio/_assets/tór-photo-21.jpg	171947
img/10-studio/kol-image-gallery/02-portraits-bw-studio/_assets/tór-photo-22.jpg	158302
img/10-studio/kol-image-gallery/02-portraits-bw-studio/_assets/tór-photo-23.jpg	222179
img/10-studio/kol-image-gallery/02-portraits-bw-studio/_assets/tór-photo-24.jpg	231567
img/10-studio/kol-image-gallery/03-portraits-lowkey/INDEX.md	27183
img/10-studio/kol-image-gallery/03-portraits-lowkey/_assets/torg_s1-0001.jpg	122540
img/10-studio/kol-image-gallery/03-portraits-lowkey/_assets/torg_s1-0002.jpg	108166
img/10-studio/kol-image-gallery/03-portraits-lowkey/_assets/torg_s1-0003.jpg	110187
img/10-studio/kol-image-gallery/03-portraits-lowkey/_assets/torg_s1-0004.jpg	99947
img/10-studio/kol-image-gallery/03-portraits-lowkey/_assets/torg_s1-0005.jpg	122302
img/10-studio/kol-image-gallery/03-portraits-lowkey/_assets/torg_s1-0006.jpg	171747
img/10-studio/kol-image-gallery/03-portraits-lowkey/_assets/torg_s1-0007.jpg	197952
img/10-studio/kol-image-gallery/03-portraits-lowkey/_assets/torg_s1-0008.jpg	79592
img/10-studio/kol-image-gallery/03-portraits-lowkey/_assets/torg_s1-0009.jpg	107617
img/10-studio/kol-image-gallery/03-portraits-lowkey/_assets/torg_s1-0010.jpg	107828
img/10-studio/kol-image-gallery/03-portraits-lowkey/_assets/torg_s1-0011.jpg	109069
img/10-studio/kol-image-gallery/03-portraits-lowkey/_assets/torg_s1-0013.jpg	120057
img/10-studio/kol-image-gallery/03-portraits-lowkey/_assets/torg_s1-0015.jpg	76559
img/10-studio/kol-image-gallery/03-portraits-lowkey/_assets/torg_s1-0016.jpg	198450
img/10-studio/kol-image-gallery/03-portraits-lowkey/_assets/torg_s1-0017.jpg	199773
img/10-studio/kol-image-gallery/03-portraits-lowkey/_assets/torg_s1-0018.jpg	172361
img/10-studio/kol-image-gallery/03-portraits-lowkey/_assets/torg_s1-0019.jpg	195652
img/10-studio/kol-image-gallery/03-portraits-lowkey/_assets/torg_s1-0020.jpg	183125
img/10-studio/kol-image-gallery/03-portraits-lowkey/_assets/torg_s1-0021.jpg	90381
img/10-studio/kol-image-gallery/03-portraits-lowkey/_assets/torg_s1-0022.jpg	156779
img/10-studio/kol-image-gallery/03-portraits-lowkey/_assets/torg_s1-0023.jpg	168587
img/10-studio/kol-image-gallery/03-portraits-lowkey/_assets/torg_s1-0024.jpg	199929
img/10-studio/kol-image-gallery/03-portraits-lowkey/_assets/torg_s1-0025.jpg	137793
img/10-studio/kol-image-gallery/03-portraits-lowkey/_assets/torg_s1-0026.jpg	172295
img/10-studio/kol-image-gallery/03-portraits-lowkey/_assets/torg_s1-0027.jpg	114462
img/10-studio/kol-image-gallery/03-portraits-lowkey/_assets/torg_s1-0028.jpg	96035
img/10-studio/kol-image-gallery/03-portraits-lowkey/_assets/torg_s1-0030.jpg	63075
img/10-studio/kol-image-gallery/03-portraits-lowkey/_assets/torg_s1-0031.jpg	142923
img/10-studio/kol-image-gallery/03-portraits-lowkey/_assets/torg_s1-0032.jpg	220588
img/10-studio/kol-image-gallery/03-portraits-lowkey/_assets/torg_s1-0033.jpg	182367
img/10-studio/kol-image-gallery/03-portraits-lowkey/_assets/torg_s1-0034.jpg	150941
img/10-studio/kol-image-gallery/03-portraits-lowkey/_assets/torg_s1-0035.jpg	235799
img/10-studio/kol-image-gallery/03-portraits-lowkey/_assets/torg_s1-0036.jpg	122214
img/10-studio/kol-image-gallery/03-portraits-lowkey/_assets/torg_s1-0037.jpg	150985
img/10-studio/kol-image-gallery/03-portraits-lowkey/_assets/torg_s1-0038.jpg	110346
img/10-studio/kol-image-gallery/03-portraits-lowkey/_assets/torg_s1-0040.jpg	91296
img/10-studio/kol-image-gallery/03-portraits-lowkey/_assets/torg_s1-0041.jpg	182760
img/10-studio/kol-image-gallery/03-portraits-lowkey/_assets/torg_s1-0042.jpg	168690
img/10-studio/kol-image-gallery/03-portraits-lowkey/_assets/torg_s1-0043.jpg	77408
img/10-studio/kol-image-gallery/03-portraits-lowkey/_assets/torg_s1-0044.jpg	119787
img/10-studio/kol-image-gallery/03-portraits-lowkey/_assets/torg_s1-0045.jpg	119827
img/10-studio/kol-image-gallery/03-portraits-lowkey/_assets/torg_s1-0047.jpg	102897
img/10-studio/kol-image-gallery/03-portraits-lowkey/_assets/torg_s1-0048.jpg	108346
img/10-studio/kol-image-gallery/03-portraits-lowkey/_assets/torg_s1-0049.jpg	106612
img/10-studio/kol-image-gallery/03-portraits-lowkey/_assets/torg_s1-0050.jpg	163031
img/10-studio/kol-image-gallery/03-portraits-lowkey/_assets/torg_s1-0051.jpg	106941
img/10-studio/kol-image-gallery/03-portraits-lowkey/_assets/torg_s1-0052.jpg	95969
img/10-studio/kol-image-gallery/03-portraits-lowkey/_assets/torg_s1-0054.jpg	102921
img/10-studio/kol-image-gallery/03-portraits-lowkey/_assets/torg_s1-0055.jpg	122982
img/10-studio/kol-image-gallery/03-portraits-lowkey/_assets/torg_s1-0056.jpg	76398
img/10-studio/kol-image-gallery/03-portraits-lowkey/_assets/torg_s1-0057.jpg	97174
img/10-studio/kol-image-gallery/03-portraits-lowkey/_assets/torg_s1-0058.jpg	198348
img/10-studio/kol-image-gallery/03-portraits-lowkey/_assets/torg_s1-0059.jpg	170122
img/10-studio/kol-image-gallery/03-portraits-lowkey/_assets/torg_s1-0060.jpg	119877
img/10-studio/kol-image-gallery/03-portraits-lowkey/_assets/torg_s1-0061.jpg	210026
img/10-studio/kol-image-gallery/03-portraits-lowkey/_assets/torg_s1-0063.jpg	193518
img/10-studio/kol-image-gallery/03-portraits-lowkey/_assets/torg_s1-0064.jpg	163213
img/10-studio/kol-image-gallery/03-portraits-lowkey/_assets/torg_s1-0065.jpg	90203
img/10-studio/kol-image-gallery/03-portraits-lowkey/_assets/torg_s1-0066.jpg	63130
img/10-studio/kol-image-gallery/03-portraits-lowkey/_assets/torg_s1-0067.jpg	188484
img/10-studio/kol-image-gallery/03-portraits-lowkey/_assets/torg_s1-0068.jpg	117449
img/10-studio/kol-image-gallery/03-portraits-lowkey/_assets/torg_s1-0069.jpg	118156
img/10-studio/kol-image-gallery/03-portraits-lowkey/_assets/torg_s1-0070.jpg	110087
img/10-studio/kol-image-gallery/03-portraits-lowkey/_assets/torg_s1-0071.jpg	111962
img/10-studio/kol-image-gallery/03-portraits-lowkey/_assets/torg_s1-0073.jpg	110468
img/10-studio/kol-image-gallery/03-portraits-lowkey/_assets/torg_s1-0074.jpg	229989
img/10-studio/kol-image-gallery/03-portraits-lowkey/_assets/torg_s1-0075.jpg	113059
img/10-studio/kol-image-gallery/03-portraits-lowkey/_assets/torg_s1-0076.jpg	143060
img/10-studio/kol-image-gallery/03-portraits-lowkey/_assets/torg_s1-0077.jpg	110154
img/10-studio/kol-image-gallery/03-portraits-lowkey/_assets/torg_s1-0078.jpg	127078
img/10-studio/kol-image-gallery/03-portraits-lowkey/_assets/torg_s1-0080.jpg	72581
img/10-studio/kol-image-gallery/03-portraits-lowkey/_assets/torg_s1-0081.jpg	171694
img/10-studio/kol-image-gallery/03-portraits-lowkey/_assets/torg_s1-0082.jpg	220659
img/10-studio/kol-image-gallery/03-portraits-lowkey/_assets/torg_s1-0083.jpg	197898
img/10-studio/kol-image-gallery/03-portraits-lowkey/_assets/torg_s1-0084.jpg	230079
img/10-studio/kol-image-gallery/03-portraits-lowkey/_assets/torg_s1-0085.jpg	117347
img/10-studio/kol-image-gallery/03-portraits-lowkey/_assets/torg_s1-0086.jpg	174228
img/10-studio/kol-image-gallery/03-portraits-lowkey/_assets/torg_s1-0089.jpg	156950
img/10-studio/kol-image-gallery/03-portraits-lowkey/_assets/torg_s1-0090.jpg	142992
img/10-studio/kol-image-gallery/03-portraits-lowkey/_assets/torg_s1-0091.jpg	113230
img/10-studio/kol-image-gallery/03-portraits-lowkey/_assets/torg_s1-0092.jpg	170189
img/10-studio/kol-image-gallery/03-portraits-lowkey/_assets/torg_s1-0093.jpg	137261
img/10-studio/kol-image-gallery/03-portraits-lowkey/_assets/torg_s1-0094.jpg	112230
img/10-studio/kol-image-gallery/03-portraits-lowkey/_assets/torg_s1-0096.jpg	211386
img/10-studio/kol-image-gallery/03-portraits-lowkey/_assets/torg_s1-0097.jpg	222732
img/10-studio/kol-image-gallery/03-portraits-lowkey/_assets/torg_s1-0098.jpg	103714
img/10-studio/kol-image-gallery/03-portraits-lowkey/_assets/torg_s1-0099.jpg	112527
img/10-studio/kol-image-gallery/03-portraits-lowkey/_assets/torg_s1-0100.jpg	108426
img/10-studio/kol-image-gallery/03-portraits-lowkey/_assets/torg_s1-0101.jpg	133725
img/10-studio/kol-image-gallery/03-portraits-lowkey/_assets/torg_s1-0102.jpg	111505
img/10-studio/kol-image-gallery/03-portraits-lowkey/_assets/torg_s1-0103.jpg	129522
img/10-studio/kol-image-gallery/03-portraits-lowkey/_assets/torg_s1-0104.jpg	177959
img/10-studio/kol-image-gallery/03-portraits-lowkey/_assets/torg_s1-0105.jpg	175621
img/10-studio/kol-image-gallery/03-portraits-lowkey/_assets/torg_s1-0106.jpg	157511
img/10-studio/kol-image-gallery/03-portraits-lowkey/_assets/torg_s1-0107.jpg	138806
img/10-studio/kol-image-gallery/03-portraits-lowkey/_assets/torg_s1-0108.jpg	161511
img/10-studio/kol-image-gallery/03-portraits-lowkey/_assets/torg_s1-0109.jpg	80445
img/10-studio/kol-image-gallery/03-portraits-lowkey/_assets/torg_s1-0110.jpg	96314
img/10-studio/kol-image-gallery/03-portraits-lowkey/_assets/torg_s1-0111.jpg	94439
img/10-studio/kol-image-gallery/03-portraits-lowkey/_assets/torg_s1-0112.jpg	89331
img/10-studio/kol-image-gallery/03-portraits-lowkey/_assets/torg_s1-0115.jpg	98386
img/10-studio/kol-image-gallery/03-portraits-lowkey/_assets/torg_s1-0116.jpg	63558
img/10-studio/kol-image-gallery/03-portraits-lowkey/_assets/torg_s1-0117.jpg	68008
img/10-studio/kol-image-gallery/03-portraits-lowkey/_assets/torg_s1-0118.jpg	67034
img/10-studio/kol-image-gallery/03-portraits-lowkey/_assets/torg_s1-0119.jpg	105651
img/10-studio/kol-image-gallery/03-portraits-lowkey/_assets/torg_s1-0120.jpg	101041
img/10-studio/kol-image-gallery/03-portraits-lowkey/_assets/torg_s1-0121.jpg	97170
img/10-studio/kol-image-gallery/03-portraits-lowkey/_assets/torg_s1-0122.jpg	69816
img/10-studio/kol-image-gallery/03-portraits-lowkey/_assets/torg_s1-0123.jpg	95878
img/10-studio/kol-image-gallery/03-portraits-lowkey/_assets/torg_s1-0124.jpg	116858
img/10-studio/kol-image-gallery/03-portraits-lowkey/_assets/torg_s1-0125.jpg	91312
img/10-studio/kol-image-gallery/03-portraits-lowkey/_assets/torg_s1-0126.jpg	99640
img/10-studio/kol-image-gallery/03-portraits-lowkey/_assets/torg_s1-0127.jpg	92354
img/10-studio/kol-image-gallery/03-portraits-lowkey/_assets/torg_s1-0128.jpg	92493
img/10-studio/kol-image-gallery/03-portraits-lowkey/_assets/torg_s1-0129.jpg	93962
img/10-studio/kol-image-gallery/03-portraits-lowkey/_assets/torg_s1-0130.jpg	101810
img/10-studio/kol-image-gallery/03-portraits-lowkey/_assets/torg_s1-0131.jpg	95158
img/10-studio/kol-image-gallery/03-portraits-lowkey/_assets/torg_s1-0132.jpg	106348
img/10-studio/kol-image-gallery/03-portraits-lowkey/_assets/torg_s1-0133.jpg	84837
img/10-studio/kol-image-gallery/03-portraits-lowkey/_assets/torg_s1-0134.jpg	113857
img/10-studio/kol-image-gallery/03-portraits-lowkey/_assets/torg_s1-0135.jpg	166874
img/10-studio/kol-image-gallery/03-portraits-lowkey/_assets/torg_s1-0136.jpg	161643
img/10-studio/kol-image-gallery/03-portraits-lowkey/_assets/torg_s1-0137.jpg	125986
img/10-studio/kol-image-gallery/03-portraits-lowkey/_assets/torg_s1-0138.jpg	138219
img/10-studio/kol-image-gallery/03-portraits-lowkey/_assets/torg_s1-0139.jpg	103139
img/10-studio/kol-image-gallery/03-portraits-lowkey/_assets/torg_s1-0140.jpg	114274
img/10-studio/kol-image-gallery/03-portraits-lowkey/_assets/torg_s1-0141.jpg	112925
img/10-studio/kol-image-gallery/03-portraits-lowkey/_assets/torg_s1-0142.jpg	71852
img/10-studio/kol-image-gallery/03-portraits-lowkey/_assets/torg_s1-0143.jpg	61703
img/10-studio/kol-image-gallery/03-portraits-lowkey/_assets/torg_s1-0144.jpg	181801
img/10-studio/kol-image-gallery/03-portraits-lowkey/_assets/torg_s1-0145.jpg	188209
img/10-studio/kol-image-gallery/03-portraits-lowkey/_assets/torg_s1-0146.jpg	193772
img/10-studio/kol-image-gallery/03-portraits-lowkey/_assets/torg_s1-0147.jpg	171104
img/10-studio/kol-image-gallery/03-portraits-lowkey/_assets/torg_s1-0148.jpg	115935
img/10-studio/kol-image-gallery/03-portraits-lowkey/_assets/torg_s1-0149.jpg	118406
img/10-studio/kol-image-gallery/03-portraits-lowkey/_assets/torg_s1-0150.jpg	109222
img/10-studio/kol-image-gallery/03-portraits-lowkey/_assets/torg_s1-0151.jpg	118815
img/10-studio/kol-image-gallery/03-portraits-lowkey/_assets/torg_s1-0152.jpg	119273
img/10-studio/kol-image-gallery/03-portraits-lowkey/_assets/torg_s1-0153.jpg	117396
img/10-studio/kol-image-gallery/03-portraits-lowkey/_assets/torg_s1-0154.jpg	222865
img/10-studio/kol-image-gallery/03-portraits-lowkey/_assets/torg_s1-0156.jpg	137596
img/10-studio/kol-image-gallery/03-portraits-lowkey/_assets/torg_s1-0159.jpg	152828
img/10-studio/kol-image-gallery/03-portraits-lowkey/_assets/torg_s1-0160.jpg	137307
img/10-studio/kol-image-gallery/03-portraits-lowkey/_assets/torg_s1-0161.jpg	210082
img/10-studio/kol-image-gallery/03-portraits-lowkey/_assets/torg_s1-0162.jpg	133202
img/10-studio/kol-image-gallery/03-portraits-lowkey/_assets/torg_s1-0163.jpg	116479
img/10-studio/kol-image-gallery/03-portraits-lowkey/_assets/torg_s1-0164.jpg	121097
img/10-studio/kol-image-gallery/03-portraits-lowkey/_assets/torg_s1-0168.jpg	104593
img/10-studio/kol-image-gallery/03-portraits-lowkey/_assets/torg_s1-0169.jpg	99918
img/10-studio/kol-image-gallery/03-portraits-lowkey/_assets/torg_s1-0170.jpg	188400
img/10-studio/kol-image-gallery/03-portraits-lowkey/_assets/torg_s1-0171.jpg	148155
img/10-studio/kol-image-gallery/03-portraits-lowkey/_assets/torg_s1-0172.jpg	114475
img/10-studio/kol-image-gallery/03-portraits-lowkey/_assets/torg_s1-0173.jpg	193750
img/10-studio/kol-image-gallery/03-portraits-lowkey/_assets/torg_s1-0174.jpg	115670
img/10-studio/kol-image-gallery/03-portraits-lowkey/_assets/torg_s1-0175.jpg	182317
img/10-studio/kol-image-gallery/03-portraits-lowkey/_assets/torg_s1-0176.jpg	123026
img/10-studio/kol-image-gallery/03-portraits-lowkey/_assets/torg_s1-0177.jpg	183079
img/10-studio/kol-image-gallery/03-portraits-lowkey/_assets/torg_s1-0178.jpg	182002
img/10-studio/kol-image-gallery/03-portraits-lowkey/_assets/torg_s1-0179.jpg	122250
img/10-studio/kol-image-gallery/03-portraits-lowkey/_assets/torg_s1-0180.jpg	171750
img/10-studio/kol-image-gallery/03-portraits-lowkey/_assets/torg_s1-0181.jpg	91932
img/10-studio/kol-image-gallery/03-portraits-lowkey/_assets/torg_s1-0182.jpg	122462
img/10-studio/kol-image-gallery/03-portraits-lowkey/_assets/torg_s1-0183.jpg	156975
img/10-studio/kol-image-gallery/03-portraits-lowkey/_assets/torg_s1-0184.jpg	235855
img/10-studio/kol-image-gallery/03-portraits-lowkey/_assets/torg_s1-0185.jpg	233902
img/10-studio/kol-image-gallery/03-portraits-lowkey/_assets/torg_s1-0189.jpg	146437
img/10-studio/kol-image-gallery/03-portraits-lowkey/_assets/torg_s1-0190.jpg	146205
img/10-studio/kol-image-gallery/03-portraits-lowkey/_assets/torg_s1-0191.jpg	115667
img/10-studio/kol-image-gallery/03-portraits-lowkey/_assets/torg_s1-0193.jpg	147585
img/10-studio/kol-image-gallery/03-portraits-lowkey/_assets/torg_s1-0195.jpg	136253
img/10-studio/kol-image-gallery/03-portraits-lowkey/_assets/torg_s1-0196.jpg	153154
img/10-studio/kol-image-gallery/03-portraits-lowkey/_assets/torg_s1-0197.jpg	79340
img/10-studio/kol-image-gallery/03-portraits-lowkey/_assets/torg_s1-0198.jpg	245103
img/10-studio/kol-image-gallery/03-portraits-lowkey/_assets/torg_s1-0199.jpg	244911
img/10-studio/kol-image-gallery/03-portraits-lowkey/_assets/torg_s1-0200.jpg	146216
img/10-studio/kol-image-gallery/03-portraits-lowkey/_assets/torg_s1-0201.jpg	170440
img/10-studio/kol-image-gallery/03-portraits-lowkey/_assets/torg_s1-0202.jpg	137352
img/10-studio/kol-image-gallery/03-portraits-lowkey/_assets/torg_s1-0203.jpg	84486
img/10-studio/kol-image-gallery/03-portraits-lowkey/_assets/torg_s1-0204.jpg	195594
img/10-studio/kol-image-gallery/03-portraits-lowkey/_assets/torg_s1-0205.jpg	72490
img/10-studio/kol-image-gallery/03-portraits-lowkey/_assets/torg_s1-0206.jpg	255409
img/10-studio/kol-image-gallery/03-portraits-lowkey/_assets/torg_s1-0207.jpg	159090
img/10-studio/kol-image-gallery/03-portraits-lowkey/_assets/torg_s1-0208.jpg	264276
img/10-studio/kol-image-gallery/03-portraits-lowkey/_assets/torg_s1-0209.jpg	163277
img/10-studio/kol-image-gallery/03-portraits-lowkey/_assets/torg_s1-0210.jpg	161000
img/10-studio/kol-image-gallery/03-portraits-lowkey/_assets/torg_s1-0211.jpg	287446
img/10-studio/kol-image-gallery/03-portraits-lowkey/_assets/torg_s1-0212.jpg	187447
img/10-studio/kol-image-gallery/03-portraits-lowkey/_assets/torg_s1-0213.jpg	188320
img/10-studio/kol-image-gallery/03-portraits-lowkey/_assets/torg_s1-0214.jpg	181354
img/10-studio/kol-image-gallery/03-portraits-lowkey/_assets/torg_s1-0215.jpg	166151
img/10-studio/kol-image-gallery/03-portraits-lowkey/_assets/torg_s1-0216.jpg	246580
img/10-studio/kol-image-gallery/03-portraits-lowkey/_assets/torg_s1-0217.jpg	219161
img/10-studio/kol-image-gallery/03-portraits-lowkey/_assets/torg_s1-0218.jpg	228767
img/10-studio/kol-image-gallery/03-portraits-lowkey/_assets/torg_s1-0219.jpg	386058
img/10-studio/kol-image-gallery/03-portraits-lowkey/_assets/torg_s1-0220.jpg	198917
img/10-studio/kol-image-gallery/03-portraits-lowkey/_assets/torg_s1-0221.jpg	199844
img/10-studio/kol-image-gallery/03-portraits-lowkey/_assets/torg_s1-0222.jpg	134319
img/10-studio/kol-image-gallery/03-portraits-lowkey/_assets/torg_s1-0223.jpg	158944
img/10-studio/kol-image-gallery/03-portraits-lowkey/_assets/torg_s1-0224.jpg	114379
img/10-studio/kol-image-gallery/03-portraits-lowkey/_assets/torg_s1-0225.jpg	113257
img/10-studio/kol-image-gallery/03-portraits-lowkey/_assets/torg_s1-0226.jpg	170038
img/10-studio/kol-image-gallery/03-portraits-lowkey/_assets/torg_s1-0227.jpg	177402
img/10-studio/kol-image-gallery/03-portraits-lowkey/_assets/torg_s1-0228.jpg	167940
img/10-studio/kol-image-gallery/03-portraits-lowkey/_assets/torg_s1-0229.jpg	184867
img/10-studio/kol-image-gallery/03-portraits-lowkey/_assets/torg_s1-0230.jpg	213629
img/10-studio/kol-image-gallery/03-portraits-lowkey/_assets/torg_s1-0231.jpg	216421
img/10-studio/kol-image-gallery/03-portraits-lowkey/_assets/torg_s1-0232.jpg	219322
img/10-studio/kol-image-gallery/03-portraits-lowkey/_assets/torg_s1-0233.jpg	201620
img/10-studio/kol-image-gallery/03-portraits-lowkey/_assets/torg_s1-0234.jpg	200003
img/10-studio/kol-image-gallery/03-portraits-lowkey/_assets/torg_s1-0235.jpg	169150
img/10-studio/kol-image-gallery/03-portraits-lowkey/_assets/torg_s1-0236.jpg	240360
img/10-studio/kol-image-gallery/03-portraits-lowkey/_assets/torg_s1-0237.jpg	80324
img/10-studio/kol-image-gallery/03-portraits-lowkey/_assets/torg_s1-0238.jpg	181332
img/10-studio/kol-image-gallery/03-portraits-lowkey/_assets/torg_s1-0239.jpg	177186
img/10-studio/kol-image-gallery/03-portraits-lowkey/_assets/torg_s1-0240.jpg	172338
img/10-studio/kol-image-gallery/03-portraits-lowkey/_assets/torg_s1-0241.jpg	170924
img/10-studio/kol-image-gallery/03-portraits-lowkey/_assets/torg_s1-0242.jpg	142236
img/10-studio/kol-image-gallery/03-portraits-lowkey/_assets/torg_s1-0243.jpg	85059
img/10-studio/kol-image-gallery/03-portraits-lowkey/_assets/torg_s1-0244.jpg	131482
img/10-studio/kol-image-gallery/03-portraits-lowkey/_assets/torg_s1-0245.jpg	138113
img/10-studio/kol-image-gallery/03-portraits-lowkey/_assets/torg_s1-0246.jpg	176918
img/10-studio/kol-image-gallery/03-portraits-lowkey/_assets/torg_s1-0247.jpg	116168
img/10-studio/kol-image-gallery/03-portraits-lowkey/_assets/torg_s1-0248.jpg	182042
img/10-studio/kol-image-gallery/03-portraits-lowkey/_assets/torg_s1-0249.jpg	164953
img/10-studio/kol-image-gallery/03-portraits-lowkey/_assets/torg_s1-0250.jpg	115573
img/10-studio/kol-image-gallery/03-portraits-lowkey/_assets/torg_s1-0251.jpg	206996
img/10-studio/kol-image-gallery/03-portraits-lowkey/_assets/torg_s1-0252.jpg	102505
img/10-studio/kol-image-gallery/03-portraits-lowkey/_assets/torg_s1-0253.jpg	62585
img/10-studio/kol-image-gallery/03-portraits-lowkey/_assets/torg_s1-0254.jpg	123005
img/10-studio/kol-image-gallery/03-portraits-lowkey/_assets/torg_s1-0255.jpg	172740
img/10-studio/kol-image-gallery/03-portraits-lowkey/_assets/torg_s1-0256.jpg	199774
img/10-studio/kol-image-gallery/03-portraits-lowkey/_assets/torg_s1-0257.jpg	151967
img/10-studio/kol-image-gallery/03-portraits-lowkey/_assets/torg_s1-0258.jpg	145518
img/10-studio/kol-image-gallery/03-portraits-lowkey/_assets/torg_s1-0259.jpg	234976
img/10-studio/kol-image-gallery/03-portraits-lowkey/_assets/torg_s1-0260.jpg	170381
img/10-studio/kol-image-gallery/03-portraits-lowkey/_assets/torg_s1-0261.jpg	189928
img/10-studio/kol-image-gallery/03-portraits-lowkey/_assets/torg_s1-0262.jpg	188675
img/10-studio/kol-image-gallery/03-portraits-lowkey/_assets/torg_s1-0263.jpg	195549
img/10-studio/kol-image-gallery/03-portraits-lowkey/_assets/torg_s1-0264.jpg	164691
img/10-studio/kol-image-gallery/03-portraits-lowkey/_assets/torg_s1-0265.jpg	200149
img/10-studio/kol-image-gallery/03-portraits-lowkey/_assets/torg_s1-0266.jpg	202061
img/10-studio/kol-image-gallery/03-portraits-lowkey/_assets/torg_s1-0267.jpg	154737
img/10-studio/kol-image-gallery/03-portraits-lowkey/_assets/torg_s1-0268.jpg	127984
img/10-studio/kol-image-gallery/04-lifestyle-terrace/INDEX.md	34341
img/10-studio/kol-image-gallery/04-lifestyle-terrace/_assets/torg_s2-0001.jpg	80769
img/10-studio/kol-image-gallery/04-lifestyle-terrace/_assets/torg_s2-0002.jpg	84217
img/10-studio/kol-image-gallery/04-lifestyle-terrace/_assets/torg_s2-0003.jpg	89417
img/10-studio/kol-image-gallery/04-lifestyle-terrace/_assets/torg_s2-0004.jpg	75404
img/10-studio/kol-image-gallery/04-lifestyle-terrace/_assets/torg_s2-0005.jpg	76131
img/10-studio/kol-image-gallery/04-lifestyle-terrace/_assets/torg_s2-0006.jpg	72983
img/10-studio/kol-image-gallery/04-lifestyle-terrace/_assets/torg_s2-0007.jpg	102978
img/10-studio/kol-image-gallery/04-lifestyle-terrace/_assets/torg_s2-0008.jpg	158089
img/10-studio/kol-image-gallery/04-lifestyle-terrace/_assets/torg_s2-0009.jpg	364791
img/10-studio/kol-image-gallery/04-lifestyle-terrace/_assets/torg_s2-0010.jpg	108313
img/10-studio/kol-image-gallery/04-lifestyle-terrace/_assets/torg_s2-0011.jpg	108771
img/10-studio/kol-image-gallery/04-lifestyle-terrace/_assets/torg_s2-0012.jpg	71562
img/10-studio/kol-image-gallery/04-lifestyle-terrace/_assets/torg_s2-0013.jpg	248761
img/10-studio/kol-image-gallery/04-lifestyle-terrace/_assets/torg_s2-0014.jpg	144448
img/10-studio/kol-image-gallery/04-lifestyle-terrace/_assets/torg_s2-0015.jpg	172091
img/10-studio/kol-image-gallery/04-lifestyle-terrace/_assets/torg_s2-0016.jpg	117929
img/10-studio/kol-image-gallery/04-lifestyle-terrace/_assets/torg_s2-0017.jpg	138269
img/10-studio/kol-image-gallery/04-lifestyle-terrace/_assets/torg_s2-0018.jpg	159187
img/10-studio/kol-image-gallery/04-lifestyle-terrace/_assets/torg_s2-0019.jpg	144360
img/10-studio/kol-image-gallery/04-lifestyle-terrace/_assets/torg_s2-0020.jpg	128882
img/10-studio/kol-image-gallery/04-lifestyle-terrace/_assets/torg_s2-0021.jpg	119549
img/10-studio/kol-image-gallery/04-lifestyle-terrace/_assets/torg_s2-0023.jpg	282693
img/10-studio/kol-image-gallery/04-lifestyle-terrace/_assets/torg_s2-0024.jpg	136289
img/10-studio/kol-image-gallery/04-lifestyle-terrace/_assets/torg_s2-0025.jpg	62331
img/10-studio/kol-image-gallery/04-lifestyle-terrace/_assets/torg_s2-0026.jpg	69078
img/10-studio/kol-image-gallery/04-lifestyle-terrace/_assets/torg_s2-0027.jpg	103585
img/10-studio/kol-image-gallery/04-lifestyle-terrace/_assets/torg_s2-0028.jpg	106603
img/10-studio/kol-image-gallery/04-lifestyle-terrace/_assets/torg_s2-0029.jpg	116039
img/10-studio/kol-image-gallery/04-lifestyle-terrace/_assets/torg_s2-0030.jpg	117198
img/10-studio/kol-image-gallery/04-lifestyle-terrace/_assets/torg_s2-0031.jpg	113761
img/10-studio/kol-image-gallery/04-lifestyle-terrace/_assets/torg_s2-0032.jpg	127646
img/10-studio/kol-image-gallery/04-lifestyle-terrace/_assets/torg_s2-0033.jpg	126851
img/10-studio/kol-image-gallery/04-lifestyle-terrace/_assets/torg_s2-0034.jpg	127598
img/10-studio/kol-image-gallery/04-lifestyle-terrace/_assets/torg_s2-0035.jpg	129841
img/10-studio/kol-image-gallery/04-lifestyle-terrace/_assets/torg_s2-0036.jpg	138668
img/10-studio/kol-image-gallery/04-lifestyle-terrace/_assets/torg_s2-0037.jpg	137444
img/10-studio/kol-image-gallery/04-lifestyle-terrace/_assets/torg_s2-0038.jpg	144275
img/10-studio/kol-image-gallery/04-lifestyle-terrace/_assets/torg_s2-0039.jpg	124663
img/10-studio/kol-image-gallery/04-lifestyle-terrace/_assets/torg_s2-0040.jpg	135594
img/10-studio/kol-image-gallery/04-lifestyle-terrace/_assets/torg_s2-0041.jpg	92153
img/10-studio/kol-image-gallery/04-lifestyle-terrace/_assets/torg_s2-0042.jpg	181372
img/10-studio/kol-image-gallery/04-lifestyle-terrace/_assets/torg_s2-0043.jpg	177780
img/10-studio/kol-image-gallery/04-lifestyle-terrace/_assets/torg_s2-0044.jpg	178888
img/10-studio/kol-image-gallery/04-lifestyle-terrace/_assets/torg_s2-0045.jpg	167648
img/10-studio/kol-image-gallery/04-lifestyle-terrace/_assets/torg_s2-0046.jpg	113524
img/10-studio/kol-image-gallery/04-lifestyle-terrace/_assets/torg_s2-0047.jpg	105084
img/10-studio/kol-image-gallery/04-lifestyle-terrace/_assets/torg_s2-0048.jpg	96643
img/10-studio/kol-image-gallery/04-lifestyle-terrace/_assets/torg_s2-0049.jpg	91314
img/10-studio/kol-image-gallery/04-lifestyle-terrace/_assets/torg_s2-0050.jpg	106531
img/10-studio/kol-image-gallery/04-lifestyle-terrace/_assets/torg_s2-0051.jpg	126842
img/10-studio/kol-image-gallery/04-lifestyle-terrace/_assets/torg_s2-0052.jpg	124771
img/10-studio/kol-image-gallery/04-lifestyle-terrace/_assets/torg_s2-0053.jpg	135285
img/10-studio/kol-image-gallery/04-lifestyle-terrace/_assets/torg_s2-0054.jpg	107734
img/10-studio/kol-image-gallery/04-lifestyle-terrace/_assets/torg_s2-0055.jpg	115081
img/10-studio/kol-image-gallery/04-lifestyle-terrace/_assets/torg_s2-0056.jpg	113535
img/10-studio/kol-image-gallery/04-lifestyle-terrace/_assets/torg_s2-0057.jpg	107943
img/10-studio/kol-image-gallery/04-lifestyle-terrace/_assets/torg_s2-0058.jpg	125017
img/10-studio/kol-image-gallery/04-lifestyle-terrace/_assets/torg_s2-0059.jpg	123346
img/10-studio/kol-image-gallery/04-lifestyle-terrace/_assets/torg_s2-0060.jpg	104649
img/10-studio/kol-image-gallery/04-lifestyle-terrace/_assets/torg_s2-0061.jpg	110028
img/10-studio/kol-image-gallery/04-lifestyle-terrace/_assets/torg_s2-0062.jpg	117805
img/10-studio/kol-image-gallery/04-lifestyle-terrace/_assets/torg_s2-0063.jpg	160104
img/10-studio/kol-image-gallery/04-lifestyle-terrace/_assets/torg_s2-0064.jpg	115520
img/10-studio/kol-image-gallery/04-lifestyle-terrace/_assets/torg_s2-0065.jpg	132835
img/10-studio/kol-image-gallery/04-lifestyle-terrace/_assets/torg_s2-0066.jpg	124810
img/10-studio/kol-image-gallery/04-lifestyle-terrace/_assets/torg_s2-0067.jpg	125307
img/10-studio/kol-image-gallery/04-lifestyle-terrace/_assets/torg_s2-0068.jpg	93821
img/10-studio/kol-image-gallery/04-lifestyle-terrace/_assets/torg_s2-0069.jpg	130404
img/10-studio/kol-image-gallery/04-lifestyle-terrace/_assets/torg_s2-0070.jpg	128810
img/10-studio/kol-image-gallery/04-lifestyle-terrace/_assets/torg_s2-0071.jpg	125955
img/10-studio/kol-image-gallery/04-lifestyle-terrace/_assets/torg_s2-0072.jpg	110803
img/10-studio/kol-image-gallery/04-lifestyle-terrace/_assets/torg_s2-0073.jpg	115499
img/10-studio/kol-image-gallery/04-lifestyle-terrace/_assets/torg_s2-0074.jpg	115687
img/10-studio/kol-image-gallery/04-lifestyle-terrace/_assets/torg_s2-0075.jpg	111084
img/10-studio/kol-image-gallery/04-lifestyle-terrace/_assets/torg_s2-0076.jpg	111540
img/10-studio/kol-image-gallery/04-lifestyle-terrace/_assets/torg_s2-0077.jpg	110996
img/10-studio/kol-image-gallery/04-lifestyle-terrace/_assets/torg_s2-0078.jpg	109204
img/10-studio/kol-image-gallery/04-lifestyle-terrace/_assets/torg_s2-0079.jpg	109524
img/10-studio/kol-image-gallery/04-lifestyle-terrace/_assets/torg_s2-0080.jpg	105278
img/10-studio/kol-image-gallery/04-lifestyle-terrace/_assets/torg_s2-0081.jpg	120818
img/10-studio/kol-image-gallery/04-lifestyle-terrace/_assets/torg_s2-0082.jpg	113736
img/10-studio/kol-image-gallery/04-lifestyle-terrace/_assets/torg_s2-0083.jpg	117332
img/10-studio/kol-image-gallery/04-lifestyle-terrace/_assets/torg_s2-0084.jpg	98988
img/10-studio/kol-image-gallery/04-lifestyle-terrace/_assets/torg_s2-0085.jpg	117765
img/10-studio/kol-image-gallery/04-lifestyle-terrace/_assets/torg_s2-0086.jpg	128781
img/10-studio/kol-image-gallery/04-lifestyle-terrace/_assets/torg_s2-0087.jpg	125623
img/10-studio/kol-image-gallery/04-lifestyle-terrace/_assets/torg_s2-0088.jpg	117515
img/10-studio/kol-image-gallery/04-lifestyle-terrace/_assets/torg_s2-0089.jpg	147669
img/10-studio/kol-image-gallery/04-lifestyle-terrace/_assets/torg_s2-0090.jpg	108805
img/10-studio/kol-image-gallery/04-lifestyle-terrace/_assets/torg_s2-0091.jpg	86092
img/10-studio/kol-image-gallery/04-lifestyle-terrace/_assets/torg_s2-0092.jpg	165935
img/10-studio/kol-image-gallery/04-lifestyle-terrace/_assets/torg_s2-0093.jpg	89274
img/10-studio/kol-image-gallery/04-lifestyle-terrace/_assets/torg_s2-0094.jpg	115810
img/10-studio/kol-image-gallery/04-lifestyle-terrace/_assets/torg_s2-0095.jpg	81737
img/10-studio/kol-image-gallery/04-lifestyle-terrace/_assets/torg_s2-0096.jpg	128432
img/10-studio/kol-image-gallery/04-lifestyle-terrace/_assets/torg_s2-0097.jpg	124673
img/10-studio/kol-image-gallery/04-lifestyle-terrace/_assets/torg_s2-0098.jpg	113831
img/10-studio/kol-image-gallery/04-lifestyle-terrace/_assets/torg_s2-0099.jpg	170290
img/10-studio/kol-image-gallery/04-lifestyle-terrace/_assets/torg_s2-0100.jpg	106329
img/10-studio/kol-image-gallery/04-lifestyle-terrace/_assets/torg_s2-0101.jpg	118659
img/10-studio/kol-image-gallery/04-lifestyle-terrace/_assets/torg_s2-0102.jpg	119069
img/10-studio/kol-image-gallery/04-lifestyle-terrace/_assets/torg_s2-0103.jpg	170175
img/10-studio/kol-image-gallery/04-lifestyle-terrace/_assets/torg_s2-0104.jpg	114473
img/10-studio/kol-image-gallery/04-lifestyle-terrace/_assets/torg_s2-0105.jpg	121195
img/10-studio/kol-image-gallery/04-lifestyle-terrace/_assets/torg_s2-0106.jpg	105581
img/10-studio/kol-image-gallery/04-lifestyle-terrace/_assets/torg_s2-0107.jpg	118194
img/10-studio/kol-image-gallery/04-lifestyle-terrace/_assets/torg_s2-0108.jpg	114370
img/10-studio/kol-image-gallery/04-lifestyle-terrace/_assets/torg_s2-0109.jpg	110304
img/10-studio/kol-image-gallery/04-lifestyle-terrace/_assets/torg_s2-0110.jpg	141020
img/10-studio/kol-image-gallery/04-lifestyle-terrace/_assets/torg_s2-0111.jpg	135011
img/10-studio/kol-image-gallery/04-lifestyle-terrace/_assets/torg_s2-0112.jpg	159419
img/10-studio/kol-image-gallery/04-lifestyle-terrace/_assets/torg_s2-0113.jpg	105040
img/10-studio/kol-image-gallery/04-lifestyle-terrace/_assets/torg_s2-0114.jpg	174079
img/10-studio/kol-image-gallery/04-lifestyle-terrace/_assets/torg_s2-0115.jpg	188368
img/10-studio/kol-image-gallery/04-lifestyle-terrace/_assets/torg_s2-0116.jpg	194059
img/10-studio/kol-image-gallery/04-lifestyle-terrace/_assets/torg_s2-0117.jpg	195688
img/10-studio/kol-image-gallery/04-lifestyle-terrace/_assets/torg_s2-0118.jpg	198159
img/10-studio/kol-image-gallery/04-lifestyle-terrace/_assets/torg_s2-0119.jpg	342936
img/10-studio/kol-image-gallery/04-lifestyle-terrace/_assets/torg_s2-0120.jpg	348081
img/10-studio/kol-image-gallery/04-lifestyle-terrace/_assets/torg_s2-0121.jpg	351875
img/10-studio/kol-image-gallery/04-lifestyle-terrace/_assets/torg_s2-0122.jpg	355156
img/10-studio/kol-image-gallery/04-lifestyle-terrace/_assets/torg_s2-0123.jpg	349877
img/10-studio/kol-image-gallery/04-lifestyle-terrace/_assets/torg_s2-0124.jpg	354003
img/10-studio/kol-image-gallery/04-lifestyle-terrace/_assets/torg_s2-0125.jpg	352599
img/10-studio/kol-image-gallery/04-lifestyle-terrace/_assets/torg_s2-0126.jpg	322978
img/10-studio/kol-image-gallery/04-lifestyle-terrace/_assets/torg_s2-0127.jpg	313196
img/10-studio/kol-image-gallery/04-lifestyle-terrace/_assets/torg_s2-0128.jpg	199150
img/10-studio/kol-image-gallery/04-lifestyle-terrace/_assets/torg_s2-0129.jpg	182249
img/10-studio/kol-image-gallery/04-lifestyle-terrace/_assets/torg_s2-0130.jpg	135194
img/10-studio/kol-image-gallery/04-lifestyle-terrace/_assets/torg_s2-0131.jpg	144879
img/10-studio/kol-image-gallery/04-lifestyle-terrace/_assets/torg_s2-0132.jpg	143578
img/10-studio/kol-image-gallery/04-lifestyle-terrace/_assets/torg_s2-0133.jpg	142641
img/10-studio/kol-image-gallery/04-lifestyle-terrace/_assets/torg_s2-0134.jpg	202312
img/10-studio/kol-image-gallery/04-lifestyle-terrace/_assets/torg_s2-0135.jpg	107237
img/10-studio/kol-image-gallery/04-lifestyle-terrace/_assets/torg_s2-0136.jpg	121675
img/10-studio/kol-image-gallery/04-lifestyle-terrace/_assets/torg_s2-0137.jpg	89051
img/10-studio/kol-image-gallery/04-lifestyle-terrace/_assets/torg_s2-0138.jpg	172532
img/10-studio/kol-image-gallery/04-lifestyle-terrace/_assets/torg_s2-0139.jpg	106791
img/10-studio/kol-image-gallery/04-lifestyle-terrace/_assets/torg_s2-0140.jpg	85830
img/10-studio/kol-image-gallery/04-lifestyle-terrace/_assets/torg_s2-0141.jpg	101549
img/10-studio/kol-image-gallery/04-lifestyle-terrace/_assets/torg_s2-0142.jpg	97198
img/10-studio/kol-image-gallery/04-lifestyle-terrace/_assets/torg_s2-0143.jpg	91775
img/10-studio/kol-image-gallery/04-lifestyle-terrace/_assets/torg_s2-0144.jpg	96741
img/10-studio/kol-image-gallery/04-lifestyle-terrace/_assets/torg_s2-0145.jpg	96743
img/10-studio/kol-image-gallery/04-lifestyle-terrace/_assets/torg_s2-0146.jpg	94188
img/10-studio/kol-image-gallery/04-lifestyle-terrace/_assets/torg_s2-0147.jpg	93533
img/10-studio/kol-image-gallery/04-lifestyle-terrace/_assets/torg_s2-0148.jpg	95092
img/10-studio/kol-image-gallery/04-lifestyle-terrace/_assets/torg_s2-0149.jpg	94675
img/10-studio/kol-image-gallery/04-lifestyle-terrace/_assets/torg_s2-0150.jpg	93357
img/10-studio/kol-image-gallery/04-lifestyle-terrace/_assets/torg_s2-0151.jpg	99743
img/10-studio/kol-image-gallery/04-lifestyle-terrace/_assets/torg_s2-0152.jpg	103041
img/10-studio/kol-image-gallery/04-lifestyle-terrace/_assets/torg_s2-0153.jpg	106566
img/10-studio/kol-image-gallery/04-lifestyle-terrace/_assets/torg_s2-0154.jpg	143615
img/10-studio/kol-image-gallery/04-lifestyle-terrace/_assets/torg_s2-0155.jpg	153864
img/10-studio/kol-image-gallery/04-lifestyle-terrace/_assets/torg_s2-0156.jpg	110457
img/10-studio/kol-image-gallery/04-lifestyle-terrace/_assets/torg_s2-0157.jpg	102174
img/10-studio/kol-image-gallery/04-lifestyle-terrace/_assets/torg_s2-0158.jpg	124539
img/10-studio/kol-image-gallery/04-lifestyle-terrace/_assets/torg_s2-0159.jpg	127238
img/10-studio/kol-image-gallery/04-lifestyle-terrace/_assets/torg_s2-0160.jpg	104253
img/10-studio/kol-image-gallery/04-lifestyle-terrace/_assets/torg_s2-0161.jpg	107076
img/10-studio/kol-image-gallery/04-lifestyle-terrace/_assets/torg_s2-0162.jpg	151747
img/10-studio/kol-image-gallery/04-lifestyle-terrace/_assets/torg_s2-0163.jpg	169318
img/10-studio/kol-image-gallery/04-lifestyle-terrace/_assets/torg_s2-0164.jpg	206562
img/10-studio/kol-image-gallery/04-lifestyle-terrace/_assets/torg_s2-0165.jpg	114887
img/10-studio/kol-image-gallery/04-lifestyle-terrace/_assets/torg_s2-0166.jpg	194610
img/10-studio/kol-image-gallery/04-lifestyle-terrace/_assets/torg_s2-0167.jpg	98641
img/10-studio/kol-image-gallery/04-lifestyle-terrace/_assets/torg_s2-0168.jpg	202145
img/10-studio/kol-image-gallery/04-lifestyle-terrace/_assets/torg_s2-0169.jpg	115376
img/10-studio/kol-image-gallery/04-lifestyle-terrace/_assets/torg_s2-0170.jpg	154931
img/10-studio/kol-image-gallery/04-lifestyle-terrace/_assets/torg_s2-0171.jpg	134265
img/10-studio/kol-image-gallery/04-lifestyle-terrace/_assets/torg_s2-0172.jpg	134817
img/10-studio/kol-image-gallery/04-lifestyle-terrace/_assets/torg_s2-0173.jpg	116414
img/10-studio/kol-image-gallery/04-lifestyle-terrace/_assets/torg_s2-0174.jpg	105078
img/10-studio/kol-image-gallery/04-lifestyle-terrace/_assets/torg_s2-0175.jpg	87008
img/10-studio/kol-image-gallery/04-lifestyle-terrace/_assets/torg_s2-0176.jpg	113833
img/10-studio/kol-image-gallery/04-lifestyle-terrace/_assets/torg_s2-0177.jpg	103565
img/10-studio/kol-image-gallery/04-lifestyle-terrace/_assets/torg_s2-0178.jpg	162336
img/10-studio/kol-image-gallery/04-lifestyle-terrace/_assets/torg_s2-0179.jpg	127374
img/10-studio/kol-image-gallery/04-lifestyle-terrace/_assets/torg_s2-0180.jpg	123563
img/10-studio/kol-image-gallery/04-lifestyle-terrace/_assets/torg_s2-0181.jpg	112573
img/10-studio/kol-image-gallery/04-lifestyle-terrace/_assets/torg_s2-0182.jpg	117257
img/10-studio/kol-image-gallery/04-lifestyle-terrace/_assets/torg_s2-0183.jpg	94044
img/10-studio/kol-image-gallery/04-lifestyle-terrace/_assets/torg_s2-0184.jpg	165839
img/10-studio/kol-image-gallery/04-lifestyle-terrace/_assets/torg_s2-0185.jpg	164091
img/10-studio/kol-image-gallery/04-lifestyle-terrace/_assets/torg_s2-0186.jpg	234453
img/10-studio/kol-image-gallery/04-lifestyle-terrace/_assets/torg_s2-0187.jpg	288480
img/10-studio/kol-image-gallery/04-lifestyle-terrace/_assets/torg_s2-0188.jpg	264427
img/10-studio/kol-image-gallery/04-lifestyle-terrace/_assets/torg_s2-0189.jpg	281307
img/10-studio/kol-image-gallery/04-lifestyle-terrace/_assets/torg_s2-0190.jpg	283870
img/10-studio/kol-image-gallery/04-lifestyle-terrace/_assets/torg_s2-0191.jpg	169993
img/10-studio/kol-image-gallery/04-lifestyle-terrace/_assets/torg_s2-0192.jpg	129389
img/10-studio/kol-image-gallery/04-lifestyle-terrace/_assets/torg_s2-0193.jpg	127111
img/10-studio/kol-image-gallery/04-lifestyle-terrace/_assets/torg_s2-0194.jpg	90597
img/10-studio/kol-image-gallery/04-lifestyle-terrace/_assets/torg_s2-0195.jpg	80512
img/10-studio/kol-image-gallery/04-lifestyle-terrace/_assets/torg_s2-0196.jpg	298663
img/10-studio/kol-image-gallery/04-lifestyle-terrace/_assets/torg_s2-0197.jpg	335742
img/10-studio/kol-image-gallery/04-lifestyle-terrace/_assets/torg_s2-0198.jpg	180894
img/10-studio/kol-image-gallery/04-lifestyle-terrace/_assets/torg_s2-0199.jpg	81654
img/10-studio/kol-image-gallery/04-lifestyle-terrace/_assets/torg_s2-0200.jpg	89111
img/10-studio/kol-image-gallery/04-lifestyle-terrace/_assets/torg_s2-0201.jpg	107221
img/10-studio/kol-image-gallery/04-lifestyle-terrace/_assets/torg_s2-0202.jpg	96030
img/10-studio/kol-image-gallery/04-lifestyle-terrace/_assets/torg_s2-0204.jpg	93879
img/10-studio/kol-image-gallery/04-lifestyle-terrace/_assets/torg_s2-0206.jpg	110918
img/10-studio/kol-image-gallery/04-lifestyle-terrace/_assets/torg_s2-0208.jpg	108432
img/10-studio/kol-image-gallery/04-lifestyle-terrace/_assets/torg_s2-0210.jpg	108148
img/10-studio/kol-image-gallery/04-lifestyle-terrace/_assets/torg_s2-0212.jpg	96331
img/10-studio/kol-image-gallery/04-lifestyle-terrace/_assets/torg_s2-0214.jpg	79357
img/10-studio/kol-image-gallery/04-lifestyle-terrace/_assets/torg_s2-0216.jpg	92198
img/10-studio/kol-image-gallery/04-lifestyle-terrace/_assets/torg_s2-0218.jpg	96604
img/10-studio/kol-image-gallery/04-lifestyle-terrace/_assets/torg_s2-0220.jpg	97740
img/10-studio/kol-image-gallery/04-lifestyle-terrace/_assets/torg_s2-0221.jpg	97857
img/10-studio/kol-image-gallery/04-lifestyle-terrace/_assets/torg_s2-0222.jpg	172577
img/10-studio/kol-image-gallery/04-lifestyle-terrace/_assets/torg_s2-0223.jpg	151641
img/10-studio/kol-image-gallery/04-lifestyle-terrace/_assets/torg_s2-0224.jpg	223005
img/10-studio/kol-image-gallery/04-lifestyle-terrace/_assets/torg_s2-0225.jpg	226285
img/10-studio/kol-image-gallery/04-lifestyle-terrace/_assets/torg_s2-0226.jpg	208907
img/10-studio/kol-image-gallery/04-lifestyle-terrace/_assets/torg_s2-0227.jpg	197594
img/10-studio/kol-image-gallery/04-lifestyle-terrace/_assets/torg_s2-0228.jpg	100579
img/10-studio/kol-image-gallery/04-lifestyle-terrace/_assets/torg_s2-0229.jpg	185250
img/10-studio/kol-image-gallery/04-lifestyle-terrace/_assets/torg_s2-0230.jpg	192026
img/10-studio/kol-image-gallery/04-lifestyle-terrace/_assets/torg_s2-0231.jpg	197872
img/10-studio/kol-image-gallery/04-lifestyle-terrace/_assets/torg_s2-0232.jpg	121175
img/10-studio/kol-image-gallery/04-lifestyle-terrace/_assets/torg_s2-0233.jpg	131324
img/10-studio/kol-image-gallery/04-lifestyle-terrace/_assets/torg_s2-0234.jpg	126485
img/10-studio/kol-image-gallery/04-lifestyle-terrace/_assets/torg_s2-0235.jpg	124700
img/10-studio/kol-image-gallery/04-lifestyle-terrace/_assets/torg_s2-0236.jpg	147078
img/10-studio/kol-image-gallery/04-lifestyle-terrace/_assets/torg_s2-0237.jpg	142526
img/10-studio/kol-image-gallery/04-lifestyle-terrace/_assets/torg_s2-0238.jpg	202284
img/10-studio/kol-image-gallery/04-lifestyle-terrace/_assets/torg_s2-0239.jpg	169129
img/10-studio/kol-image-gallery/04-lifestyle-terrace/_assets/torg_s2-0240.jpg	196087
img/10-studio/kol-image-gallery/04-lifestyle-terrace/_assets/torg_s2-0241.jpg	169839
img/10-studio/kol-image-gallery/04-lifestyle-terrace/_assets/torg_s2-0242.jpg	91280
img/10-studio/kol-image-gallery/04-lifestyle-terrace/_assets/torg_s2-0243.jpg	78799
img/10-studio/kol-image-gallery/04-lifestyle-terrace/_assets/torg_s2-0244.jpg	70663
img/10-studio/kol-image-gallery/04-lifestyle-terrace/_assets/torg_s2-0245.jpg	151331
img/10-studio/kol-image-gallery/04-lifestyle-terrace/_assets/torg_s2-0246.jpg	144552
img/10-studio/kol-image-gallery/04-lifestyle-terrace/_assets/torg_s2-0247.jpg	162351
img/10-studio/kol-image-gallery/04-lifestyle-terrace/_assets/torg_s2-0248.jpg	134604
img/10-studio/kol-image-gallery/04-lifestyle-terrace/_assets/torg_s2-0249.jpg	88103
img/10-studio/kol-image-gallery/04-lifestyle-terrace/_assets/torg_s2-0250.jpg	48942
img/10-studio/kol-image-gallery/04-lifestyle-terrace/_assets/torg_s2-0252.jpg	51439
img/10-studio/kol-image-gallery/04-lifestyle-terrace/_assets/torg_s2-0253.jpg	98431
img/10-studio/kol-image-gallery/04-lifestyle-terrace/_assets/torg_s2-0254.jpg	89400
img/10-studio/kol-image-gallery/04-lifestyle-terrace/_assets/torg_s2-0255.jpg	75941
img/10-studio/kol-image-gallery/04-lifestyle-terrace/_assets/torg_s2-0256.jpg	66356
img/10-studio/kol-image-gallery/04-lifestyle-terrace/_assets/torg_s2-0257.jpg	103226
img/10-studio/kol-image-gallery/04-lifestyle-terrace/_assets/torg_s2-0258.jpg	179437
img/10-studio/kol-image-gallery/04-lifestyle-terrace/_assets/torg_s2-0259.jpg	111449
img/10-studio/kol-image-gallery/04-lifestyle-terrace/_assets/torg_s2-0260.jpg	158741
img/10-studio/kol-image-gallery/04-lifestyle-terrace/_assets/torg_s2-0261.jpg	146645
img/10-studio/kol-image-gallery/04-lifestyle-terrace/_assets/torg_s2-0262.jpg	109556
img/10-studio/kol-image-gallery/04-lifestyle-terrace/_assets/torg_s2-0263.jpg	158669
img/10-studio/kol-image-gallery/04-lifestyle-terrace/_assets/torg_s2-0264.jpg	142431
img/10-studio/kol-image-gallery/04-lifestyle-terrace/_assets/torg_s2-0265.jpg	86625
img/10-studio/kol-image-gallery/04-lifestyle-terrace/_assets/torg_s2-0266.jpg	113048
img/10-studio/kol-image-gallery/04-lifestyle-terrace/_assets/torg_s2-0267.jpg	152269
img/10-studio/kol-image-gallery/04-lifestyle-terrace/_assets/torg_s2-0268.jpg	153098
img/10-studio/kol-image-gallery/04-lifestyle-terrace/_assets/torg_s2-0269.jpg	115312
img/10-studio/kol-image-gallery/04-lifestyle-terrace/_assets/torg_s2-0270.jpg	126614
img/10-studio/kol-image-gallery/04-lifestyle-terrace/_assets/torg_s2-0271.jpg	203395
img/10-studio/kol-image-gallery/04-lifestyle-terrace/_assets/torg_s2-0272.jpg	122353
img/10-studio/kol-image-gallery/04-lifestyle-terrace/_assets/torg_s2-0273.jpg	171961
img/10-studio/kol-image-gallery/04-lifestyle-terrace/_assets/torg_s2-0274.jpg	56000
img/10-studio/kol-image-gallery/04-lifestyle-terrace/_assets/torg_s2-0275.jpg	61429
img/10-studio/kol-image-gallery/04-lifestyle-terrace/_assets/torg_s2-0276.jpg	51619
img/10-studio/kol-image-gallery/04-lifestyle-terrace/_assets/torg_s2-0277.jpg	63851
img/10-studio/kol-image-gallery/04-lifestyle-terrace/_assets/torg_s2-0278.jpg	44954
img/10-studio/kol-image-gallery/04-lifestyle-terrace/_assets/torg_s2-0279.jpg	96414
img/10-studio/kol-image-gallery/04-lifestyle-terrace/_assets/torg_s2-0280.jpg	98422
img/10-studio/kol-image-gallery/04-lifestyle-terrace/_assets/torg_s2-0282.jpg	370413
img/10-studio/kol-image-gallery/04-lifestyle-terrace/_assets/torg_s2-0283.jpg	239225
img/10-studio/kol-image-gallery/04-lifestyle-terrace/_assets/torg_s2-0284.jpg	198031
img/10-studio/kol-image-gallery/04-lifestyle-terrace/_assets/torg_s2-0285.jpg	175447
img/10-studio/kol-image-gallery/04-lifestyle-terrace/_assets/torg_s2-0287.jpg	344519
img/10-studio/kol-image-gallery/04-lifestyle-terrace/_assets/torg_s2-0288.jpg	188322
img/10-studio/kol-image-gallery/04-lifestyle-terrace/_assets/torg_s2-0289.jpg	175729
img/10-studio/kol-image-gallery/04-lifestyle-terrace/_assets/torg_s2-0290.jpg	190478
img/10-studio/kol-image-gallery/04-lifestyle-terrace/_assets/torg_s2-0291.jpg	155354
img/10-studio/kol-image-gallery/04-lifestyle-terrace/_assets/torg_s2-0292.jpg	187317
img/10-studio/kol-image-gallery/04-lifestyle-terrace/_assets/torg_s2-0293.jpg	83804
img/10-studio/kol-image-gallery/04-lifestyle-terrace/_assets/torg_s2-0295.jpg	104926
img/10-studio/kol-image-gallery/04-lifestyle-terrace/_assets/torg_s2-0297.jpg	116119
img/10-studio/kol-image-gallery/04-lifestyle-terrace/_assets/torg_s2-0299.jpg	164658
img/10-studio/kol-image-gallery/04-lifestyle-terrace/_assets/torg_s2-0300.jpg	148548
img/10-studio/kol-image-gallery/04-lifestyle-terrace/_assets/torg_s2-0302.jpg	158669
img/10-studio/kol-image-gallery/04-lifestyle-terrace/_assets/torg_s2-0304.jpg	152839
img/10-studio/kol-image-gallery/04-lifestyle-terrace/_assets/torg_s2-0306.jpg	115312
img/10-studio/kol-image-gallery/04-lifestyle-terrace/_assets/torg_s2-0307.jpg	85840
img/10-studio/kol-image-gallery/04-lifestyle-terrace/_assets/torg_s2-0309.jpg	81516
img/10-studio/kol-image-gallery/04-lifestyle-terrace/_assets/torg_s2-0311.jpg	233341
img/10-studio/kol-image-gallery/04-lifestyle-terrace/_assets/torg_s2-0312.jpg	92433
img/10-studio/kol-image-gallery/04-lifestyle-terrace/_assets/torg_s2-0313.jpg	57801
img/10-studio/kol-image-gallery/04-lifestyle-terrace/_assets/torg_s2-0315.jpg	52989
img/10-studio/kol-image-gallery/04-lifestyle-terrace/_assets/torg_s2-0317.jpg	83623
img/10-studio/kol-image-gallery/04-lifestyle-terrace/_assets/torg_s2-0318.jpg	51918
img/10-studio/kol-image-gallery/04-lifestyle-terrace/_assets/torg_s2-0319.jpg	63699
img/10-studio/kol-image-gallery/04-lifestyle-terrace/_assets/torg_s2-0320.jpg	54565
img/10-studio/kol-image-gallery/04-lifestyle-terrace/_assets/torg_s2-0322.jpg	36752
img/10-studio/kol-image-gallery/04-lifestyle-terrace/_assets/torg_s2-0324.jpg	93402
img/10-studio/kol-image-gallery/04-lifestyle-terrace/_assets/torg_s2-0326.jpg	44809
img/10-studio/kol-image-gallery/04-lifestyle-terrace/_assets/torg_s2-0328.jpg	126759
img/10-studio/kol-image-gallery/04-lifestyle-terrace/_assets/torg_s2-0330.jpg	50395
img/10-studio/kol-image-gallery/04-lifestyle-terrace/_assets/torg_s2-0332.jpg	140320
img/10-studio/kol-image-gallery/04-lifestyle-terrace/_assets/torg_s2-0333.jpg	147174
img/10-studio/kol-image-gallery/04-lifestyle-terrace/_assets/torg_s2-0334.jpg	107205
img/10-studio/kol-image-gallery/04-lifestyle-terrace/_assets/torg_s2-0335.jpg	107668
img/10-studio/kol-image-gallery/05-portraits-outdoor/INDEX.md	49777
img/10-studio/kol-image-gallery/05-portraits-outdoor/_assets/torg_s3-0001.jpg	182002
img/10-studio/kol-image-gallery/05-portraits-outdoor/_assets/torg_s3-0002.jpg	123829
img/10-studio/kol-image-gallery/05-portraits-outdoor/_assets/torg_s3-0003.jpg	124146
img/10-studio/kol-image-gallery/05-portraits-outdoor/_assets/torg_s3-0004.jpg	171981
img/10-studio/kol-image-gallery/05-portraits-outdoor/_assets/torg_s3-0005.jpg	103482
img/10-studio/kol-image-gallery/05-portraits-outdoor/_assets/torg_s3-0006.jpg	172534
img/10-studio/kol-image-gallery/05-portraits-outdoor/_assets/torg_s3-0007.jpg	137010
img/10-studio/kol-image-gallery/05-portraits-outdoor/_assets/torg_s3-0008.jpg	101789
img/10-studio/kol-image-gallery/05-portraits-outdoor/_assets/torg_s3-0009.jpg	280767
img/10-studio/kol-image-gallery/05-portraits-outdoor/_assets/torg_s3-0010.jpg	167126
img/10-studio/kol-image-gallery/05-portraits-outdoor/_assets/torg_s3-0011.jpg	152387
img/10-studio/kol-image-gallery/05-portraits-outdoor/_assets/torg_s3-0012.jpg	224302
img/10-studio/kol-image-gallery/05-portraits-outdoor/_assets/torg_s3-0013.jpg	256496
img/10-studio/kol-image-gallery/05-portraits-outdoor/_assets/torg_s3-0014.jpg	129381
img/10-studio/kol-image-gallery/05-portraits-outdoor/_assets/torg_s3-0015.jpg	130611
img/10-studio/kol-image-gallery/05-portraits-outdoor/_assets/torg_s3-0016.jpg	248190
img/10-studio/kol-image-gallery/05-portraits-outdoor/_assets/torg_s3-0017.jpg	102764
img/10-studio/kol-image-gallery/05-portraits-outdoor/_assets/torg_s3-0019.jpg	172129
img/10-studio/kol-image-gallery/05-portraits-outdoor/_assets/torg_s3-0020.jpg	177083
img/10-studio/kol-image-gallery/05-portraits-outdoor/_assets/torg_s3-0021.jpg	107956
img/10-studio/kol-image-gallery/05-portraits-outdoor/_assets/torg_s3-0022.jpg	175044
img/10-studio/kol-image-gallery/05-portraits-outdoor/_assets/torg_s3-0023.jpg	170872
img/10-studio/kol-image-gallery/05-portraits-outdoor/_assets/torg_s3-0024.jpg	123874
img/10-studio/kol-image-gallery/05-portraits-outdoor/_assets/torg_s3-0025.jpg	139468
img/10-studio/kol-image-gallery/05-portraits-outdoor/_assets/torg_s3-0026.jpg	59512
img/10-studio/kol-image-gallery/05-portraits-outdoor/_assets/torg_s3-0027.jpg	59512
img/10-studio/kol-image-gallery/05-portraits-outdoor/_assets/torg_s3-0028.jpg	500250
img/10-studio/kol-image-gallery/05-portraits-outdoor/_assets/torg_s3-0029.jpg	436511
img/10-studio/kol-image-gallery/05-portraits-outdoor/_assets/torg_s3-0030.jpg	150007
img/10-studio/kol-image-gallery/05-portraits-outdoor/_assets/torg_s3-0031.jpg	179221
img/10-studio/kol-image-gallery/05-portraits-outdoor/_assets/torg_s3-0032.jpg	129396
img/10-studio/kol-image-gallery/05-portraits-outdoor/_assets/torg_s3-0033.jpg	129396
img/10-studio/kol-image-gallery/05-portraits-outdoor/_assets/torg_s3-0034.jpg	306388
img/10-studio/kol-image-gallery/05-portraits-outdoor/_assets/torg_s3-0035.jpg	90065
img/10-studio/kol-image-gallery/05-portraits-outdoor/_assets/torg_s3-0037.jpg	105049
img/10-studio/kol-image-gallery/05-portraits-outdoor/_assets/torg_s3-0038.jpg	144323
img/10-studio/kol-image-gallery/05-portraits-outdoor/_assets/torg_s3-0039.jpg	163121
img/10-studio/kol-image-gallery/05-portraits-outdoor/_assets/torg_s3-0040.jpg	151668
img/10-studio/kol-image-gallery/05-portraits-outdoor/_assets/torg_s3-0041.jpg	160864
img/10-studio/kol-image-gallery/05-portraits-outdoor/_assets/torg_s3-0042.jpg	144838
img/10-studio/kol-image-gallery/05-portraits-outdoor/_assets/torg_s3-0043.jpg	151468
img/10-studio/kol-image-gallery/05-portraits-outdoor/_assets/torg_s3-0044.jpg	133823
img/10-studio/kol-image-gallery/05-portraits-outdoor/_assets/torg_s3-0045.jpg	256802
img/10-studio/kol-image-gallery/05-portraits-outdoor/_assets/torg_s3-0046.jpg	261205
img/10-studio/kol-image-gallery/05-portraits-outdoor/_assets/torg_s3-0047.jpg	173752
img/10-studio/kol-image-gallery/05-portraits-outdoor/_assets/torg_s3-0048.jpg	157832
img/10-studio/kol-image-gallery/05-portraits-outdoor/_assets/torg_s3-0049.jpg	106407
img/10-studio/kol-image-gallery/05-portraits-outdoor/_assets/torg_s3-0050.jpg	126786
img/10-studio/kol-image-gallery/05-portraits-outdoor/_assets/torg_s3-0051.jpg	52096
img/10-studio/kol-image-gallery/05-portraits-outdoor/_assets/torg_s3-0052.jpg	139524
img/10-studio/kol-image-gallery/05-portraits-outdoor/_assets/torg_s3-0053.jpg	175690
img/10-studio/kol-image-gallery/05-portraits-outdoor/_assets/torg_s3-0054.jpg	130724
img/10-studio/kol-image-gallery/05-portraits-outdoor/_assets/torg_s3-0055.jpg	112220
img/10-studio/kol-image-gallery/05-portraits-outdoor/_assets/torg_s3-0056.jpg	135757
img/10-studio/kol-image-gallery/05-portraits-outdoor/_assets/torg_s3-0057.jpg	134781
img/10-studio/kol-image-gallery/05-portraits-outdoor/_assets/torg_s3-0061.jpg	101111
img/10-studio/kol-image-gallery/05-portraits-outdoor/_assets/torg_s3-0062.jpg	113740
img/10-studio/kol-image-gallery/05-portraits-outdoor/_assets/torg_s3-0063.jpg	197736
img/10-studio/kol-image-gallery/05-portraits-outdoor/_assets/torg_s3-0064.jpg	160717
img/10-studio/kol-image-gallery/05-portraits-outdoor/_assets/torg_s3-0065.jpg	100107
img/10-studio/kol-image-gallery/05-portraits-outdoor/_assets/torg_s3-0067.jpg	170939
img/10-studio/kol-image-gallery/05-portraits-outdoor/_assets/torg_s3-0068.jpg	190611
img/10-studio/kol-image-gallery/05-portraits-outdoor/_assets/torg_s3-0069.jpg	166743
img/10-studio/kol-image-gallery/05-portraits-outdoor/_assets/torg_s3-0070.jpg	253897
img/10-studio/kol-image-gallery/05-portraits-outdoor/_assets/torg_s3-0071.jpg	185624
img/10-studio/kol-image-gallery/05-portraits-outdoor/_assets/torg_s3-0072.jpg	245721
img/10-studio/kol-image-gallery/05-portraits-outdoor/_assets/torg_s3-0073.jpg	154794
img/10-studio/kol-image-gallery/05-portraits-outdoor/_assets/torg_s3-0074.jpg	186702
img/10-studio/kol-image-gallery/05-portraits-outdoor/_assets/torg_s3-0075.jpg	171808
img/10-studio/kol-image-gallery/05-portraits-outdoor/_assets/torg_s3-0076.jpg	147516
img/10-studio/kol-image-gallery/05-portraits-outdoor/_assets/torg_s3-0077.jpg	141407
img/10-studio/kol-image-gallery/05-portraits-outdoor/_assets/torg_s3-0078.jpg	122239
img/10-studio/kol-image-gallery/05-portraits-outdoor/_assets/torg_s3-0079.jpg	119121
img/10-studio/kol-image-gallery/05-portraits-outdoor/_assets/torg_s3-0080.jpg	185119
img/10-studio/kol-image-gallery/05-portraits-outdoor/_assets/torg_s3-0081.jpg	184199
img/10-studio/kol-image-gallery/05-portraits-outdoor/_assets/torg_s3-0082.jpg	202354
img/10-studio/kol-image-gallery/05-portraits-outdoor/_assets/torg_s3-0083.jpg	124907
img/10-studio/kol-image-gallery/05-portraits-outdoor/_assets/torg_s3-0084.jpg	135220
img/10-studio/kol-image-gallery/05-portraits-outdoor/_assets/torg_s3-0085.jpg	190438
img/10-studio/kol-image-gallery/05-portraits-outdoor/_assets/torg_s3-0086.jpg	203117
img/10-studio/kol-image-gallery/05-portraits-outdoor/_assets/torg_s3-0087.jpg	201734
img/10-studio/kol-image-gallery/05-portraits-outdoor/_assets/torg_s3-0088.jpg	209427
img/10-studio/kol-image-gallery/05-portraits-outdoor/_assets/torg_s3-0089.jpg	220923
img/10-studio/kol-image-gallery/05-portraits-outdoor/_assets/torg_s3-0090.jpg	180029
img/10-studio/kol-image-gallery/05-portraits-outdoor/_assets/torg_s3-0091.jpg	192123
img/10-studio/kol-image-gallery/05-portraits-outdoor/_assets/torg_s3-0092.jpg	210330
img/10-studio/kol-image-gallery/05-portraits-outdoor/_assets/torg_s3-0093.jpg	295198
img/10-studio/kol-image-gallery/05-portraits-outdoor/_assets/torg_s3-0094.jpg	144188
img/10-studio/kol-image-gallery/05-portraits-outdoor/_assets/torg_s3-0095.jpg	207168
img/10-studio/kol-image-gallery/05-portraits-outdoor/_assets/torg_s3-0096.jpg	168800
img/10-studio/kol-image-gallery/05-portraits-outdoor/_assets/torg_s3-0097.jpg	160798
img/10-studio/kol-image-gallery/05-portraits-outdoor/_assets/torg_s3-0098.jpg	177728
img/10-studio/kol-image-gallery/05-portraits-outdoor/_assets/torg_s3-0099.jpg	85599
img/10-studio/kol-image-gallery/05-portraits-outdoor/_assets/torg_s3-0100.jpg	84613
img/10-studio/kol-image-gallery/05-portraits-outdoor/_assets/torg_s3-0101.jpg	83294
img/10-studio/kol-image-gallery/05-portraits-outdoor/_assets/torg_s3-0102.jpg	81322
img/10-studio/kol-image-gallery/05-portraits-outdoor/_assets/torg_s3-0103.jpg	93067
img/10-studio/kol-image-gallery/05-portraits-outdoor/_assets/torg_s3-0104.jpg	91842
img/10-studio/kol-image-gallery/05-portraits-outdoor/_assets/torg_s3-0105.jpg	86808
img/10-studio/kol-image-gallery/05-portraits-outdoor/_assets/torg_s3-0106.jpg	83178
img/10-studio/kol-image-gallery/05-portraits-outdoor/_assets/torg_s3-0107.jpg	88536
img/10-studio/kol-image-gallery/05-portraits-outdoor/_assets/torg_s3-0108.jpg	265854
img/10-studio/kol-image-gallery/05-portraits-outdoor/_assets/torg_s3-0109.jpg	366560
img/10-studio/kol-image-gallery/05-portraits-outdoor/_assets/torg_s3-0110.jpg	379772
img/10-studio/kol-image-gallery/05-portraits-outdoor/_assets/torg_s3-0111.jpg	123464
img/10-studio/kol-image-gallery/05-portraits-outdoor/_assets/torg_s3-0112.jpg	286089
img/10-studio/kol-image-gallery/05-portraits-outdoor/_assets/torg_s3-0113.jpg	118797
img/10-studio/kol-image-gallery/05-portraits-outdoor/_assets/torg_s3-0114.jpg	146397
img/10-studio/kol-image-gallery/05-portraits-outdoor/_assets/torg_s3-0115.jpg	137653
img/10-studio/kol-image-gallery/05-portraits-outdoor/_assets/torg_s3-0116.jpg	172691
img/10-studio/kol-image-gallery/05-portraits-outdoor/_assets/torg_s3-0117.jpg	174694
img/10-studio/kol-image-gallery/05-portraits-outdoor/_assets/torg_s3-0118.jpg	176991
img/10-studio/kol-image-gallery/05-portraits-outdoor/_assets/torg_s3-0119.jpg	174128
img/10-studio/kol-image-gallery/05-portraits-outdoor/_assets/torg_s3-0120.jpg	171628
img/10-studio/kol-image-gallery/05-portraits-outdoor/_assets/torg_s3-0121.jpg	123610
img/10-studio/kol-image-gallery/05-portraits-outdoor/_assets/torg_s3-0122.jpg	186849
img/10-studio/kol-image-gallery/05-portraits-outdoor/_assets/torg_s3-0123.jpg	193398
img/10-studio/kol-image-gallery/05-portraits-outdoor/_assets/torg_s3-0124.jpg	194471
img/10-studio/kol-image-gallery/05-portraits-outdoor/_assets/torg_s3-0125.jpg	141912
img/10-studio/kol-image-gallery/05-portraits-outdoor/_assets/torg_s3-0126.jpg	142100
img/10-studio/kol-image-gallery/05-portraits-outdoor/_assets/torg_s3-0127.jpg	144349
img/10-studio/kol-image-gallery/05-portraits-outdoor/_assets/torg_s3-0128.jpg	143566
img/10-studio/kol-image-gallery/05-portraits-outdoor/_assets/torg_s3-0129.jpg	137067
img/10-studio/kol-image-gallery/05-portraits-outdoor/_assets/torg_s3-0130.jpg	145856
img/10-studio/kol-image-gallery/05-portraits-outdoor/_assets/torg_s3-0131.jpg	74715
img/10-studio/kol-image-gallery/05-portraits-outdoor/_assets/torg_s3-0132.jpg	244852
img/10-studio/kol-image-gallery/05-portraits-outdoor/_assets/torg_s3-0133.jpg	123510
img/10-studio/kol-image-gallery/05-portraits-outdoor/_assets/torg_s3-0134.jpg	132717
img/10-studio/kol-image-gallery/05-portraits-outdoor/_assets/torg_s3-0135.jpg	151969
img/10-studio/kol-image-gallery/05-portraits-outdoor/_assets/torg_s3-0136.jpg	130686
img/10-studio/kol-image-gallery/05-portraits-outdoor/_assets/torg_s3-0137.jpg	131950
img/10-studio/kol-image-gallery/05-portraits-outdoor/_assets/torg_s3-0138.jpg	201727
img/10-studio/kol-image-gallery/05-portraits-outdoor/_assets/torg_s3-0139.jpg	218787
img/10-studio/kol-image-gallery/05-portraits-outdoor/_assets/torg_s3-0140.jpg	208134
img/10-studio/kol-image-gallery/05-portraits-outdoor/_assets/torg_s3-0141.jpg	232402
img/10-studio/kol-image-gallery/05-portraits-outdoor/_assets/torg_s3-0142.jpg	195074
img/10-studio/kol-image-gallery/05-portraits-outdoor/_assets/torg_s3-0143.jpg	191815
img/10-studio/kol-image-gallery/05-portraits-outdoor/_assets/torg_s3-0144.jpg	401547
img/10-studio/kol-image-gallery/05-portraits-outdoor/_assets/torg_s3-0145.jpg	403179
img/10-studio/kol-image-gallery/05-portraits-outdoor/_assets/torg_s3-0146.jpg	187832
img/10-studio/kol-image-gallery/05-portraits-outdoor/_assets/torg_s3-0147.jpg	169616
img/10-studio/kol-image-gallery/05-portraits-outdoor/_assets/torg_s3-0148.jpg	179093
img/10-studio/kol-image-gallery/05-portraits-outdoor/_assets/torg_s3-0149.jpg	159569
img/10-studio/kol-image-gallery/05-portraits-outdoor/_assets/torg_s3-0150.jpg	175558
img/10-studio/kol-image-gallery/05-portraits-outdoor/_assets/torg_s3-0151.jpg	147152
img/10-studio/kol-image-gallery/05-portraits-outdoor/_assets/torg_s3-0152.jpg	169130
img/10-studio/kol-image-gallery/05-portraits-outdoor/_assets/torg_s3-0153.jpg	168664
img/10-studio/kol-image-gallery/05-portraits-outdoor/_assets/torg_s3-0154.jpg	165207
img/10-studio/kol-image-gallery/05-portraits-outdoor/_assets/torg_s3-0155.jpg	165864
img/10-studio/kol-image-gallery/05-portraits-outdoor/_assets/torg_s3-0156.jpg	162762
img/10-studio/kol-image-gallery/05-portraits-outdoor/_assets/torg_s3-0157.jpg	173332
img/10-studio/kol-image-gallery/05-portraits-outdoor/_assets/torg_s3-0158.jpg	162068
img/10-studio/kol-image-gallery/05-portraits-outdoor/_assets/torg_s3-0159.jpg	125734
img/10-studio/kol-image-gallery/05-portraits-outdoor/_assets/torg_s3-0160.jpg	217376
img/10-studio/kol-image-gallery/05-portraits-outdoor/_assets/torg_s3-0161.jpg	254126
img/10-studio/kol-image-gallery/05-portraits-outdoor/_assets/torg_s3-0162.jpg	256683
img/10-studio/kol-image-gallery/05-portraits-outdoor/_assets/torg_s3-0163.jpg	216594
img/10-studio/kol-image-gallery/05-portraits-outdoor/_assets/torg_s3-0164.jpg	218440
img/10-studio/kol-image-gallery/05-portraits-outdoor/_assets/torg_s3-0165.jpg	260685
img/10-studio/kol-image-gallery/05-portraits-outdoor/_assets/torg_s3-0166.jpg	284428
img/10-studio/kol-image-gallery/05-portraits-outdoor/_assets/torg_s3-0167.jpg	271908
img/10-studio/kol-image-gallery/05-portraits-outdoor/_assets/torg_s3-0168.jpg	265038
img/10-studio/kol-image-gallery/05-portraits-outdoor/_assets/torg_s3-0169.jpg	267019
img/10-studio/kol-image-gallery/05-portraits-outdoor/_assets/torg_s3-0170.jpg	258034
img/10-studio/kol-image-gallery/05-portraits-outdoor/_assets/torg_s3-0171.jpg	286458
img/10-studio/kol-image-gallery/05-portraits-outdoor/_assets/torg_s3-0172.jpg	234489
img/10-studio/kol-image-gallery/05-portraits-outdoor/_assets/torg_s3-0173.jpg	219010
img/10-studio/kol-image-gallery/05-portraits-outdoor/_assets/torg_s3-0174.jpg	133898
img/10-studio/kol-image-gallery/05-portraits-outdoor/_assets/torg_s3-0175.jpg	148409
img/10-studio/kol-image-gallery/05-portraits-outdoor/_assets/torg_s3-0176.jpg	143907
img/10-studio/kol-image-gallery/05-portraits-outdoor/_assets/torg_s3-0177.jpg	143354
img/10-studio/kol-image-gallery/05-portraits-outdoor/_assets/torg_s3-0178.jpg	193930
img/10-studio/kol-image-gallery/05-portraits-outdoor/_assets/torg_s3-0179.jpg	187114
img/10-studio/kol-image-gallery/05-portraits-outdoor/_assets/torg_s3-0180.jpg	158937
img/10-studio/kol-image-gallery/05-portraits-outdoor/_assets/torg_s3-0181.jpg	180472
img/10-studio/kol-image-gallery/05-portraits-outdoor/_assets/torg_s3-0182.jpg	178378
img/10-studio/kol-image-gallery/05-portraits-outdoor/_assets/torg_s3-0183.jpg	222617
img/10-studio/kol-image-gallery/05-portraits-outdoor/_assets/torg_s3-0184.jpg	164450
img/10-studio/kol-image-gallery/05-portraits-outdoor/_assets/torg_s3-0185.jpg	253837
img/10-studio/kol-image-gallery/05-portraits-outdoor/_assets/torg_s3-0186.jpg	193411
img/10-studio/kol-image-gallery/05-portraits-outdoor/_assets/torg_s3-0187.jpg	198441
img/10-studio/kol-image-gallery/05-portraits-outdoor/_assets/torg_s3-0188.jpg	156864
img/10-studio/kol-image-gallery/05-portraits-outdoor/_assets/torg_s3-0189.jpg	117635
img/10-studio/kol-image-gallery/05-portraits-outdoor/_assets/torg_s3-0190.jpg	183428
img/10-studio/kol-image-gallery/05-portraits-outdoor/_assets/torg_s3-0191.jpg	296375
img/10-studio/kol-image-gallery/05-portraits-outdoor/_assets/torg_s3-0192.jpg	297335
img/10-studio/kol-image-gallery/05-portraits-outdoor/_assets/torg_s3-0193.jpg	285728
img/10-studio/kol-image-gallery/05-portraits-outdoor/_assets/torg_s3-0194.jpg	202705
img/10-studio/kol-image-gallery/05-portraits-outdoor/_assets/torg_s3-0195.jpg	216369
img/10-studio/kol-image-gallery/05-portraits-outdoor/_assets/torg_s3-0196.jpg	259268
img/10-studio/kol-image-gallery/05-portraits-outdoor/_assets/torg_s3-0197.jpg	242545
img/10-studio/kol-image-gallery/05-portraits-outdoor/_assets/torg_s3-0198.jpg	239620
img/10-studio/kol-image-gallery/05-portraits-outdoor/_assets/torg_s3-0199.jpg	207613
img/10-studio/kol-image-gallery/05-portraits-outdoor/_assets/torg_s3-0200.jpg	216873
img/10-studio/kol-image-gallery/05-portraits-outdoor/_assets/torg_s3-0201.jpg	172573
img/10-studio/kol-image-gallery/05-portraits-outdoor/_assets/torg_s3-0202.jpg	155566
img/10-studio/kol-image-gallery/05-portraits-outdoor/_assets/torg_s3-0203.jpg	162779
img/10-studio/kol-image-gallery/05-portraits-outdoor/_assets/torg_s3-0204.jpg	173095
img/10-studio/kol-image-gallery/05-portraits-outdoor/_assets/torg_s3-0205.jpg	114104
img/10-studio/kol-image-gallery/05-portraits-outdoor/_assets/torg_s3-0206.jpg	124056
img/10-studio/kol-image-gallery/05-portraits-outdoor/_assets/torg_s3-0207.jpg	125989
img/10-studio/kol-image-gallery/05-portraits-outdoor/_assets/torg_s3-0208.jpg	123209
img/10-studio/kol-image-gallery/05-portraits-outdoor/_assets/torg_s3-0209.jpg	125523
img/10-studio/kol-image-gallery/05-portraits-outdoor/_assets/torg_s3-0210.jpg	118130
img/10-studio/kol-image-gallery/05-portraits-outdoor/_assets/torg_s3-0211.jpg	126027
img/10-studio/kol-image-gallery/05-portraits-outdoor/_assets/torg_s3-0212.jpg	167255
img/10-studio/kol-image-gallery/05-portraits-outdoor/_assets/torg_s3-0213.jpg	162796
img/10-studio/kol-image-gallery/05-portraits-outdoor/_assets/torg_s3-0214.jpg	166184
img/10-studio/kol-image-gallery/05-portraits-outdoor/_assets/torg_s3-0215.jpg	233736
img/10-studio/kol-image-gallery/05-portraits-outdoor/_assets/torg_s3-0216.jpg	237944
img/10-studio/kol-image-gallery/05-portraits-outdoor/_assets/torg_s3-0217.jpg	225640
img/10-studio/kol-image-gallery/05-portraits-outdoor/_assets/torg_s3-0218.jpg	112358
img/10-studio/kol-image-gallery/05-portraits-outdoor/_assets/torg_s3-0219.jpg	204896
img/10-studio/kol-image-gallery/05-portraits-outdoor/_assets/torg_s3-0220.jpg	204896
img/10-studio/kol-image-gallery/05-portraits-outdoor/_assets/torg_s3-0221.jpg	190832
img/10-studio/kol-image-gallery/05-portraits-outdoor/_assets/torg_s3-0222.jpg	220726
img/10-studio/kol-image-gallery/05-portraits-outdoor/_assets/torg_s3-0223.jpg	167118
img/10-studio/kol-image-gallery/05-portraits-outdoor/_assets/torg_s3-0224.jpg	165224
img/10-studio/kol-image-gallery/05-portraits-outdoor/_assets/torg_s3-0225.jpg	166280
img/10-studio/kol-image-gallery/05-portraits-outdoor/_assets/torg_s3-0226.jpg	322741
img/10-studio/kol-image-gallery/05-portraits-outdoor/_assets/torg_s3-0227.jpg	121189
img/10-studio/kol-image-gallery/05-portraits-outdoor/_assets/torg_s3-0228.jpg	167530
img/10-studio/kol-image-gallery/05-portraits-outdoor/_assets/torg_s3-0229.jpg	246443
img/10-studio/kol-image-gallery/05-portraits-outdoor/_assets/torg_s3-0230.jpg	206370
img/10-studio/kol-image-gallery/05-portraits-outdoor/_assets/torg_s3-0231.jpg	227023
img/10-studio/kol-image-gallery/05-portraits-outdoor/_assets/torg_s3-0232.jpg	112299
img/10-studio/kol-image-gallery/05-portraits-outdoor/_assets/torg_s3-0233.jpg	218326
img/10-studio/kol-image-gallery/05-portraits-outdoor/_assets/torg_s3-0234.jpg	236106
img/10-studio/kol-image-gallery/05-portraits-outdoor/_assets/torg_s3-0235.jpg	196733
img/10-studio/kol-image-gallery/05-portraits-outdoor/_assets/torg_s3-0236.jpg	179474
img/10-studio/kol-image-gallery/05-portraits-outdoor/_assets/torg_s3-0237.jpg	241645
img/10-studio/kol-image-gallery/05-portraits-outdoor/_assets/torg_s3-0238.jpg	251075
img/10-studio/kol-image-gallery/05-portraits-outdoor/_assets/torg_s3-0239.jpg	204759
img/10-studio/kol-image-gallery/05-portraits-outdoor/_assets/torg_s3-0240.jpg	209138
img/10-studio/kol-image-gallery/05-portraits-outdoor/_assets/torg_s3-0241.jpg	220715
img/10-studio/kol-image-gallery/05-portraits-outdoor/_assets/torg_s3-0242.jpg	214766
img/10-studio/kol-image-gallery/05-portraits-outdoor/_assets/torg_s3-0243.jpg	222706
img/10-studio/kol-image-gallery/05-portraits-outdoor/_assets/torg_s3-0244.jpg	208571
img/10-studio/kol-image-gallery/05-portraits-outdoor/_assets/torg_s3-0245.jpg	259326
img/10-studio/kol-image-gallery/05-portraits-outdoor/_assets/torg_s3-0246.jpg	264437
img/10-studio/kol-image-gallery/05-portraits-outdoor/_assets/torg_s3-0247.jpg	272769
img/10-studio/kol-image-gallery/05-portraits-outdoor/_assets/torg_s3-0248.jpg	274214
img/10-studio/kol-image-gallery/05-portraits-outdoor/_assets/torg_s3-0249.jpg	229192
img/10-studio/kol-image-gallery/05-portraits-outdoor/_assets/torg_s3-0250.jpg	299552
img/10-studio/kol-image-gallery/05-portraits-outdoor/_assets/torg_s3-0251.jpg	299178
img/10-studio/kol-image-gallery/05-portraits-outdoor/_assets/torg_s3-0252.jpg	321368
img/10-studio/kol-image-gallery/05-portraits-outdoor/_assets/torg_s3-0253.jpg	306052
img/10-studio/kol-image-gallery/05-portraits-outdoor/_assets/torg_s3-0254.jpg	304272
img/10-studio/kol-image-gallery/05-portraits-outdoor/_assets/torg_s3-0255.jpg	318782
img/10-studio/kol-image-gallery/05-portraits-outdoor/_assets/torg_s3-0256.jpg	95244
img/10-studio/kol-image-gallery/05-portraits-outdoor/_assets/torg_s3-0257.jpg	97297
img/10-studio/kol-image-gallery/05-portraits-outdoor/_assets/torg_s3-0258.jpg	206160
img/10-studio/kol-image-gallery/05-portraits-outdoor/_assets/torg_s3-0259.jpg	207292
img/10-studio/kol-image-gallery/05-portraits-outdoor/_assets/torg_s3-0260.jpg	194673
img/10-studio/kol-image-gallery/05-portraits-outdoor/_assets/torg_s3-0261.jpg	196361
img/10-studio/kol-image-gallery/05-portraits-outdoor/_assets/torg_s3-0262.jpg	144522
img/10-studio/kol-image-gallery/05-portraits-outdoor/_assets/torg_s3-0263.jpg	259055
img/10-studio/kol-image-gallery/05-portraits-outdoor/_assets/torg_s3-0264.jpg	118246
img/10-studio/kol-image-gallery/05-portraits-outdoor/_assets/torg_s3-0265.jpg	127645
img/10-studio/kol-image-gallery/05-portraits-outdoor/_assets/torg_s3-0266.jpg	128436
img/10-studio/kol-image-gallery/05-portraits-outdoor/_assets/torg_s3-0267.jpg	133574
img/10-studio/kol-image-gallery/05-portraits-outdoor/_assets/torg_s3-0268.jpg	182259
img/10-studio/kol-image-gallery/05-portraits-outdoor/_assets/torg_s3-0269.jpg	187995
img/10-studio/kol-image-gallery/05-portraits-outdoor/_assets/torg_s3-0270.jpg	165926
img/10-studio/kol-image-gallery/05-portraits-outdoor/_assets/torg_s3-0271.jpg	158333
img/10-studio/kol-image-gallery/05-portraits-outdoor/_assets/torg_s3-0272.jpg	170790
img/10-studio/kol-image-gallery/05-portraits-outdoor/_assets/torg_s3-0273.jpg	116997
img/10-studio/kol-image-gallery/05-portraits-outdoor/_assets/torg_s3-0274.jpg	109835
img/10-studio/kol-image-gallery/05-portraits-outdoor/_assets/torg_s3-0275.jpg	111473
img/10-studio/kol-image-gallery/05-portraits-outdoor/_assets/torg_s3-0276.jpg	142102
img/10-studio/kol-image-gallery/05-portraits-outdoor/_assets/torg_s3-0277.jpg	120978
img/10-studio/kol-image-gallery/05-portraits-outdoor/_assets/torg_s3-0278.jpg	109454
img/10-studio/kol-image-gallery/05-portraits-outdoor/_assets/torg_s3-0279.jpg	117761
img/10-studio/kol-image-gallery/05-portraits-outdoor/_assets/torg_s3-0280.jpg	129049
img/10-studio/kol-image-gallery/05-portraits-outdoor/_assets/torg_s3-0281.jpg	132141
img/10-studio/kol-image-gallery/05-portraits-outdoor/_assets/torg_s3-0282.jpg	163651
img/10-studio/kol-image-gallery/05-portraits-outdoor/_assets/torg_s3-0283.jpg	150177
img/10-studio/kol-image-gallery/05-portraits-outdoor/_assets/torg_s3-0284.jpg	163124
img/10-studio/kol-image-gallery/05-portraits-outdoor/_assets/torg_s3-0285.jpg	123514
img/10-studio/kol-image-gallery/05-portraits-outdoor/_assets/torg_s3-0286.jpg	137293
img/10-studio/kol-image-gallery/05-portraits-outdoor/_assets/torg_s3-0287.jpg	103955
img/10-studio/kol-image-gallery/05-portraits-outdoor/_assets/torg_s3-0288.jpg	216688
img/10-studio/kol-image-gallery/05-portraits-outdoor/_assets/torg_s3-0289.jpg	212409
img/10-studio/kol-image-gallery/05-portraits-outdoor/_assets/torg_s3-0290.jpg	137359
img/10-studio/kol-image-gallery/05-portraits-outdoor/_assets/torg_s3-0291.jpg	141501
img/10-studio/kol-image-gallery/05-portraits-outdoor/_assets/torg_s3-0292.jpg	164078
img/10-studio/kol-image-gallery/05-portraits-outdoor/_assets/torg_s3-0293.jpg	177139
img/10-studio/kol-image-gallery/05-portraits-outdoor/_assets/torg_s3-0294.jpg	158236
img/10-studio/kol-image-gallery/05-portraits-outdoor/_assets/torg_s3-0295.jpg	168013
img/10-studio/kol-image-gallery/05-portraits-outdoor/_assets/torg_s3-0296.jpg	195047
img/10-studio/kol-image-gallery/05-portraits-outdoor/_assets/torg_s3-0297.jpg	231009
img/10-studio/kol-image-gallery/05-portraits-outdoor/_assets/torg_s3-0298.jpg	216164
img/10-studio/kol-image-gallery/05-portraits-outdoor/_assets/torg_s3-0299.jpg	82093
img/10-studio/kol-image-gallery/05-portraits-outdoor/_assets/torg_s3-0301.jpg	137071
img/10-studio/kol-image-gallery/05-portraits-outdoor/_assets/torg_s3-0302.jpg	120181
img/10-studio/kol-image-gallery/05-portraits-outdoor/_assets/torg_s3-0303.jpg	191584
img/10-studio/kol-image-gallery/05-portraits-outdoor/_assets/torg_s3-0304.jpg	221517
img/10-studio/kol-image-gallery/05-portraits-outdoor/_assets/torg_s3-0305.jpg	268006
img/10-studio/kol-image-gallery/05-portraits-outdoor/_assets/torg_s3-0306.jpg	246920
img/10-studio/kol-image-gallery/05-portraits-outdoor/_assets/torg_s3-0307.jpg	123395
img/10-studio/kol-image-gallery/05-portraits-outdoor/_assets/torg_s3-0308.jpg	121600
img/10-studio/kol-image-gallery/05-portraits-outdoor/_assets/torg_s3-0309.jpg	120947
img/10-studio/kol-image-gallery/05-portraits-outdoor/_assets/torg_s3-0310.jpg	116383
img/10-studio/kol-image-gallery/05-portraits-outdoor/_assets/torg_s3-0311.jpg	186430
img/10-studio/kol-image-gallery/05-portraits-outdoor/_assets/torg_s3-0312.jpg	179889
img/10-studio/kol-image-gallery/05-portraits-outdoor/_assets/torg_s3-0313.jpg	187370
img/10-studio/kol-image-gallery/05-portraits-outdoor/_assets/torg_s3-0314.jpg	171345
img/10-studio/kol-image-gallery/05-portraits-outdoor/_assets/torg_s3-0315.jpg	146213
img/10-studio/kol-image-gallery/05-portraits-outdoor/_assets/torg_s3-0316.jpg	148155
img/10-studio/kol-image-gallery/05-portraits-outdoor/_assets/torg_s3-0317.jpg	119836
img/10-studio/kol-image-gallery/05-portraits-outdoor/_assets/torg_s3-0318.jpg	185251
img/10-studio/kol-image-gallery/05-portraits-outdoor/_assets/torg_s3-0319.jpg	259794
img/10-studio/kol-image-gallery/05-portraits-outdoor/_assets/torg_s3-0320.jpg	215773
img/10-studio/kol-image-gallery/05-portraits-outdoor/_assets/torg_s3-0321.jpg	200235
img/10-studio/kol-image-gallery/05-portraits-outdoor/_assets/torg_s3-0322.jpg	167238
img/10-studio/kol-image-gallery/05-portraits-outdoor/_assets/torg_s3-0323.jpg	199655
img/10-studio/kol-image-gallery/05-portraits-outdoor/_assets/torg_s3-0324.jpg	189974
img/10-studio/kol-image-gallery/05-portraits-outdoor/_assets/torg_s3-0325.jpg	213273
img/10-studio/kol-image-gallery/05-portraits-outdoor/_assets/torg_s3-0326.jpg	150633
img/10-studio/kol-image-gallery/05-portraits-outdoor/_assets/torg_s3-0327.jpg	228814
img/10-studio/kol-image-gallery/05-portraits-outdoor/_assets/torg_s3-0328.jpg	288209
img/10-studio/kol-image-gallery/05-portraits-outdoor/_assets/torg_s3-0329.jpg	292395
img/10-studio/kol-image-gallery/05-portraits-outdoor/_assets/torg_s3-0330.jpg	328136
img/10-studio/kol-image-gallery/05-portraits-outdoor/_assets/torg_s3-0331.jpg	318211
img/10-studio/kol-image-gallery/05-portraits-outdoor/_assets/torg_s3-0332.jpg	321914
img/10-studio/kol-image-gallery/05-portraits-outdoor/_assets/torg_s3-0333.jpg	260151
img/10-studio/kol-image-gallery/05-portraits-outdoor/_assets/torg_s3-0334.jpg	293174
img/10-studio/kol-image-gallery/05-portraits-outdoor/_assets/torg_s3-0335.jpg	319330
img/10-studio/kol-image-gallery/05-portraits-outdoor/_assets/torg_s3-0336.jpg	324699
img/10-studio/kol-image-gallery/05-portraits-outdoor/_assets/torg_s3-0337.jpg	300226
img/10-studio/kol-image-gallery/05-portraits-outdoor/_assets/torg_s3-0338.jpg	232626
img/10-studio/kol-image-gallery/05-portraits-outdoor/_assets/torg_s3-0339.jpg	224353
img/10-studio/kol-image-gallery/05-portraits-outdoor/_assets/torg_s3-0340.jpg	198155
img/10-studio/kol-image-gallery/05-portraits-outdoor/_assets/torg_s3-0341.jpg	207661
img/10-studio/kol-image-gallery/05-portraits-outdoor/_assets/torg_s3-0342.jpg	77110
img/10-studio/kol-image-gallery/05-portraits-outdoor/_assets/torg_s3-0343.jpg	198326
img/10-studio/kol-image-gallery/05-portraits-outdoor/_assets/torg_s3-0344.jpg	226501
img/10-studio/kol-image-gallery/05-portraits-outdoor/_assets/torg_s3-0345.jpg	219149
img/10-studio/kol-image-gallery/05-portraits-outdoor/_assets/torg_s3-0346.jpg	136927
img/10-studio/kol-image-gallery/05-portraits-outdoor/_assets/torg_s3-0347.jpg	247990
img/10-studio/kol-image-gallery/05-portraits-outdoor/_assets/torg_s3-0348.jpg	258578
img/10-studio/kol-image-gallery/05-portraits-outdoor/_assets/torg_s3-0349.jpg	170337
img/10-studio/kol-image-gallery/05-portraits-outdoor/_assets/torg_s3-0350.jpg	191477
img/10-studio/kol-image-gallery/05-portraits-outdoor/_assets/torg_s3-0351.jpg	180824
img/10-studio/kol-image-gallery/05-portraits-outdoor/_assets/torg_s3-0352.jpg	175211
img/10-studio/kol-image-gallery/05-portraits-outdoor/_assets/torg_s3-0353.jpg	189432
img/10-studio/kol-image-gallery/05-portraits-outdoor/_assets/torg_s3-0354.jpg	190085
img/10-studio/kol-image-gallery/05-portraits-outdoor/_assets/torg_s3-0355.jpg	190600
img/10-studio/kol-image-gallery/05-portraits-outdoor/_assets/torg_s3-0356.jpg	193945
img/10-studio/kol-image-gallery/05-portraits-outdoor/_assets/torg_s3-0357.jpg	115253
img/10-studio/kol-image-gallery/05-portraits-outdoor/_assets/torg_s3-0358.jpg	107093
img/10-studio/kol-image-gallery/05-portraits-outdoor/_assets/torg_s3-0359.jpg	100109
img/10-studio/kol-image-gallery/05-portraits-outdoor/_assets/torg_s3-0360.jpg	85107
img/10-studio/kol-image-gallery/05-portraits-outdoor/_assets/torg_s3-0361.jpg	121308
img/10-studio/kol-image-gallery/05-portraits-outdoor/_assets/torg_s3-0362.jpg	126128
img/10-studio/kol-image-gallery/05-portraits-outdoor/_assets/torg_s3-0363.jpg	115403
img/10-studio/kol-image-gallery/05-portraits-outdoor/_assets/torg_s3-0364.jpg	118943
img/10-studio/kol-image-gallery/05-portraits-outdoor/_assets/torg_s3-0365.jpg	116148
img/10-studio/kol-image-gallery/05-portraits-outdoor/_assets/torg_s3-0366.jpg	118960
img/10-studio/kol-image-gallery/05-portraits-outdoor/_assets/torg_s3-0367.jpg	120390
img/10-studio/kol-image-gallery/05-portraits-outdoor/_assets/torg_s3-0368.jpg	118690
img/10-studio/kol-image-gallery/05-portraits-outdoor/_assets/torg_s3-0369.jpg	119954
img/10-studio/kol-image-gallery/05-portraits-outdoor/_assets/torg_s3-0370.jpg	123904
img/10-studio/kol-image-gallery/05-portraits-outdoor/_assets/torg_s3-0371.jpg	119663
img/10-studio/kol-image-gallery/05-portraits-outdoor/_assets/torg_s3-0372.jpg	119310
img/10-studio/kol-image-gallery/05-portraits-outdoor/_assets/torg_s3-0373.jpg	122042
img/10-studio/kol-image-gallery/05-portraits-outdoor/_assets/torg_s3-0374.jpg	121177
img/10-studio/kol-image-gallery/05-portraits-outdoor/_assets/torg_s3-0375.jpg	120178
img/10-studio/kol-image-gallery/05-portraits-outdoor/_assets/torg_s3-0376.jpg	117251
img/10-studio/kol-image-gallery/05-portraits-outdoor/_assets/torg_s3-0377.jpg	116518
img/10-studio/kol-image-gallery/05-portraits-outdoor/_assets/torg_s3-0378.jpg	111216
img/10-studio/kol-image-gallery/05-portraits-outdoor/_assets/torg_s3-0379.jpg	114441
img/10-studio/kol-image-gallery/05-portraits-outdoor/_assets/torg_s3-0380.jpg	116299
img/10-studio/kol-image-gallery/05-portraits-outdoor/_assets/torg_s3-0381.jpg	115367
img/10-studio/kol-image-gallery/05-portraits-outdoor/_assets/torg_s3-0382.jpg	114848
img/10-studio/kol-image-gallery/05-portraits-outdoor/_assets/torg_s3-0383.jpg	117198
img/10-studio/kol-image-gallery/05-portraits-outdoor/_assets/torg_s3-0384.jpg	112844
img/10-studio/kol-image-gallery/05-portraits-outdoor/_assets/torg_s3-0385.jpg	112885
img/10-studio/kol-image-gallery/05-portraits-outdoor/_assets/torg_s3-0386.jpg	112998
img/10-studio/kol-image-gallery/05-portraits-outdoor/_assets/torg_s3-0387.jpg	110625
img/10-studio/kol-image-gallery/05-portraits-outdoor/_assets/torg_s3-0388.jpg	108214
img/10-studio/kol-image-gallery/05-portraits-outdoor/_assets/torg_s3-0389.jpg	120269
img/10-studio/kol-image-gallery/05-portraits-outdoor/_assets/torg_s3-0390.jpg	118151
img/10-studio/kol-image-gallery/05-portraits-outdoor/_assets/torg_s3-0391.jpg	132868
img/10-studio/kol-image-gallery/05-portraits-outdoor/_assets/torg_s3-0392.jpg	142680
img/10-studio/kol-image-gallery/05-portraits-outdoor/_assets/torg_s3-0393.jpg	140410
img/10-studio/kol-image-gallery/05-portraits-outdoor/_assets/torg_s3-0394.jpg	160748
img/10-studio/kol-image-gallery/05-portraits-outdoor/_assets/torg_s3-0395.jpg	140945
img/10-studio/kol-image-gallery/05-portraits-outdoor/_assets/torg_s3-0396.jpg	141383
img/10-studio/kol-image-gallery/05-portraits-outdoor/_assets/torg_s3-0397.jpg	113328
img/10-studio/kol-image-gallery/05-portraits-outdoor/_assets/torg_s3-0398.jpg	115504
img/10-studio/kol-image-gallery/05-portraits-outdoor/_assets/torg_s3-0399.jpg	113267
img/10-studio/kol-image-gallery/05-portraits-outdoor/_assets/torg_s3-0400.jpg	151568
img/10-studio/kol-image-gallery/05-portraits-outdoor/_assets/torg_s3-0401.jpg	130484
img/10-studio/kol-image-gallery/05-portraits-outdoor/_assets/torg_s3-0402.jpg	120164
img/10-studio/kol-image-gallery/05-portraits-outdoor/_assets/torg_s3-0403.jpg	120164
img/10-studio/kol-image-gallery/05-portraits-outdoor/_assets/torg_s3-0404.jpg	137092
img/10-studio/kol-image-gallery/05-portraits-outdoor/_assets/torg_s3-0405.jpg	153617
img/10-studio/kol-image-gallery/05-portraits-outdoor/_assets/torg_s3-0406.jpg	155023
img/10-studio/kol-image-gallery/05-portraits-outdoor/_assets/torg_s3-0407.jpg	167877
img/10-studio/kol-image-gallery/05-portraits-outdoor/_assets/torg_s3-0408.jpg	192964
img/10-studio/kol-image-gallery/05-portraits-outdoor/_assets/torg_s3-0409.jpg	171176
img/10-studio/kol-image-gallery/05-portraits-outdoor/_assets/torg_s3-0410.jpg	174113
img/10-studio/kol-image-gallery/05-portraits-outdoor/_assets/torg_s3-0411.jpg	169084
img/10-studio/kol-image-gallery/05-portraits-outdoor/_assets/torg_s3-0412.jpg	166755
img/10-studio/kol-image-gallery/05-portraits-outdoor/_assets/torg_s3-0413.jpg	171031
img/10-studio/kol-image-gallery/05-portraits-outdoor/_assets/torg_s3-0414.jpg	165919
img/10-studio/kol-image-gallery/05-portraits-outdoor/_assets/torg_s3-0415.jpg	186387
img/10-studio/kol-image-gallery/05-portraits-outdoor/_assets/torg_s3-0416.jpg	163799
img/10-studio/kol-image-gallery/05-portraits-outdoor/_assets/torg_s3-0417.jpg	157773
img/10-studio/kol-image-gallery/05-portraits-outdoor/_assets/torg_s3-0418.jpg	125728
img/10-studio/kol-image-gallery/05-portraits-outdoor/_assets/torg_s3-0419.jpg	131344
img/10-studio/kol-image-gallery/05-portraits-outdoor/_assets/torg_s3-0420.jpg	248374
img/10-studio/kol-image-gallery/05-portraits-outdoor/_assets/torg_s3-0421.jpg	169438
img/10-studio/kol-image-gallery/05-portraits-outdoor/_assets/torg_s3-0422.jpg	161503
img/10-studio/kol-image-gallery/05-portraits-outdoor/_assets/torg_s3-0423.jpg	253738
img/10-studio/kol-image-gallery/05-portraits-outdoor/_assets/torg_s3-0424.jpg	224063
img/10-studio/kol-image-gallery/05-portraits-outdoor/_assets/torg_s3-0425.jpg	231466
img/10-studio/kol-image-gallery/05-portraits-outdoor/_assets/torg_s3-0426.jpg	240239
img/10-studio/kol-image-gallery/05-portraits-outdoor/_assets/torg_s3-0427.jpg	154274
img/10-studio/kol-image-gallery/05-portraits-outdoor/_assets/torg_s3-0428.jpg	225658
img/10-studio/kol-image-gallery/05-portraits-outdoor/_assets/torg_s3-0429.jpg	200609
img/10-studio/kol-image-gallery/05-portraits-outdoor/_assets/torg_s3-0430.jpg	233482
img/10-studio/kol-image-gallery/05-portraits-outdoor/_assets/torg_s3-0431.jpg	226394
img/10-studio/kol-image-gallery/05-portraits-outdoor/_assets/torg_s3-0432.jpg	237568
img/10-studio/kol-image-gallery/05-portraits-outdoor/_assets/torg_s3-0433.jpg	222796
img/10-studio/kol-image-gallery/05-portraits-outdoor/_assets/torg_s3-0434.jpg	218570
img/10-studio/kol-image-gallery/05-portraits-outdoor/_assets/torg_s3-0435.jpg	273615
img/10-studio/kol-image-gallery/05-portraits-outdoor/_assets/torg_s3-0436.jpg	151774
img/10-studio/kol-image-gallery/05-portraits-outdoor/_assets/torg_s3-0437.jpg	148679
img/10-studio/kol-image-gallery/05-portraits-outdoor/_assets/torg_s3-0439.jpg	77283
img/10-studio/kol-image-gallery/05-portraits-outdoor/_assets/torg_s3-0440.jpg	253060
img/10-studio/kol-image-gallery/05-portraits-outdoor/_assets/torg_s3-0441.jpg	124638
img/10-studio/kol-image-gallery/05-portraits-outdoor/_assets/torg_s3-0442.jpg	140727
img/10-studio/kol-image-gallery/05-portraits-outdoor/_assets/torg_s3-0443.jpg	80953
img/10-studio/kol-image-gallery/05-portraits-outdoor/_assets/torg_s3-0444.jpg	91050
img/10-studio/kol-image-gallery/05-portraits-outdoor/_assets/torg_s3-0445.jpg	129461
img/10-studio/kol-image-gallery/05-portraits-outdoor/_assets/torg_s3-0446.jpg	114341
img/10-studio/kol-image-gallery/05-portraits-outdoor/_assets/torg_s3-0447.jpg	108027
img/10-studio/kol-image-gallery/05-portraits-outdoor/_assets/torg_s3-0448.jpg	124707
img/10-studio/kol-image-gallery/05-portraits-outdoor/_assets/torg_s3-0449.jpg	110414
img/10-studio/kol-image-gallery/05-portraits-outdoor/_assets/torg_s3-0450.jpg	55548
img/10-studio/kol-image-gallery/05-portraits-outdoor/_assets/torg_s3-0451.jpg	49416
img/10-studio/kol-image-gallery/05-portraits-outdoor/_assets/torg_s3-0453.jpg	143091
img/10-studio/kol-image-gallery/05-portraits-outdoor/_assets/torg_s3-0454.jpg	175064
img/10-studio/kol-image-gallery/05-portraits-outdoor/_assets/torg_s3-0455.jpg	129187
img/10-studio/kol-image-gallery/06-portraits-white/INDEX.md	3452
img/10-studio/kol-image-gallery/06-portraits-white/_assets/photos-tór-01.jpg	240131
img/10-studio/kol-image-gallery/06-portraits-white/_assets/photos-tór-02.jpg	202460
img/10-studio/kol-image-gallery/06-portraits-white/_assets/photos-tór-03.jpg	248991
img/10-studio/kol-image-gallery/06-portraits-white/_assets/photos-tór-04.jpg	177335
img/10-studio/kol-image-gallery/06-portraits-white/_assets/photos-tór-05.jpg	136404
img/10-studio/kol-image-gallery/06-portraits-white/_assets/photos-tór-06.jpg	150954
img/10-studio/kol-image-gallery/06-portraits-white/_assets/photos-tór-07.jpg	79690
img/10-studio/kol-image-gallery/06-portraits-white/_assets/photos-tór-08.jpg	101303
img/10-studio/kol-image-gallery/06-portraits-white/_assets/photos-tór-09.jpg	181828
img/10-studio/kol-image-gallery/06-portraits-white/_assets/photos-tór-10.jpg	189573
img/10-studio/kol-image-gallery/06-portraits-white/_assets/photos-tór-11.jpg	131235
img/10-studio/kol-image-gallery/06-portraits-white/_assets/photos-tór-12.jpg	256037
img/10-studio/kol-image-gallery/06-portraits-white/_assets/photos-tór-13.jpg	283293
img/10-studio/kol-image-gallery/06-portraits-white/_assets/photos-tór-14.jpg	185880
img/10-studio/kol-image-gallery/06-portraits-white/_assets/photos-tór-15.jpg	181576
img/10-studio/kol-image-gallery/06-portraits-white/_assets/photos-tór-16.jpg	176495
img/10-studio/kol-image-gallery/06-portraits-white/_assets/photos-tór-17.jpg	178987
img/10-studio/kol-image-gallery/06-portraits-white/_assets/photos-tór-18.jpg	325405
img/10-studio/kol-image-gallery/06-portraits-white/_assets/photos-tór-19.jpg	141395
img/10-studio/kol-image-gallery/06-portraits-white/_assets/photos-tór-20.jpg	140476
img/10-studio/kol-image-gallery/06-portraits-white/_assets/photos-tór-21.jpg	149581
img/10-studio/kol-image-gallery/06-portraits-white/_assets/photos-tór-22.jpg	130643
img/10-studio/kol-image-gallery/06-portraits-white/_assets/photos-tór-23.jpg	171358
img/10-studio/kol-image-gallery/06-portraits-white/_assets/photos-tór-24.jpg	158761
img/10-studio/kol-image-gallery/06-portraits-white/_assets/photos-tór-25.jpg	224915
img/10-studio/kol-image-gallery/07-garment-detail-knlt/INDEX.md	2495
img/10-studio/kol-image-gallery/07-garment-detail-knlt/_assets/THG-P2.jpg	119868
img/10-studio/kol-image-gallery/07-garment-detail-knlt/_assets/THG-P5.jpg	46274
img/10-studio/kol-image-gallery/07-garment-detail-knlt/_assets/THG-Y-NEO-Aferð.jpg	150678
img/10-studio/kol-image-gallery/07-garment-detail-knlt/_assets/THG-Y-Sc.jpg	154916
img/10-studio/kol-image-gallery/07-garment-detail-knlt/_assets/THG-Y-hauslaus.jpg	130450
img/10-studio/kol-image-gallery/07-garment-detail-knlt/_assets/THG-Y1.jpg	127982
img/10-studio/kol-image-gallery/07-garment-detail-knlt/_assets/THG-Y10.jpg	207583
img/10-studio/kol-image-gallery/07-garment-detail-knlt/_assets/THG-Y11.jpg	135290
img/10-studio/kol-image-gallery/07-garment-detail-knlt/_assets/THG-Y2.jpg	114844
img/10-studio/kol-image-gallery/07-garment-detail-knlt/_assets/THG-Y3.jpg	93648
img/10-studio/kol-image-gallery/07-garment-detail-knlt/_assets/THG-Y4.jpg	97125
img/10-studio/kol-image-gallery/07-garment-detail-knlt/_assets/THG-Y5.jpg	66770
img/10-studio/kol-image-gallery/07-garment-detail-knlt/_assets/THG-Y6.jpg	133224
img/10-studio/kol-image-gallery/07-garment-detail-knlt/_assets/THG-Y7.jpg	109431
img/10-studio/kol-image-gallery/07-garment-detail-knlt/_assets/THG-Y8.jpg	51664
img/10-studio/kol-image-gallery/07-garment-detail-knlt/_assets/THG-Y9.jpg	115886
img/10-studio/kol-image-gallery/07-garment-detail-knlt/_assets/thg-detail.jpg	54166
img/10-studio/kol-image-gallery/08-wet/INDEX.md	41329
img/10-studio/kol-image-gallery/08-wet/_assets/01-Profile.jpg	51390
img/10-studio/kol-image-gallery/08-wet/_assets/JPG/_92A0770.jpg	37666
img/10-studio/kol-image-gallery/08-wet/_assets/JPG/_92A0771.jpg	32358
img/10-studio/kol-image-gallery/08-wet/_assets/JPG/_92A0772.jpg	68280
img/10-studio/kol-image-gallery/08-wet/_assets/JPG/_92A0773.jpg	69604
img/10-studio/kol-image-gallery/08-wet/_assets/JPG/_92A0774.jpg	63221
img/10-studio/kol-image-gallery/08-wet/_assets/JPG/_92A0775.jpg	55966
img/10-studio/kol-image-gallery/08-wet/_assets/JPG/_92A0776.jpg	58649
img/10-studio/kol-image-gallery/08-wet/_assets/JPG/_92A0777.jpg	68602
img/10-studio/kol-image-gallery/08-wet/_assets/JPG/_92A0778.jpg	62757
img/10-studio/kol-image-gallery/08-wet/_assets/JPG/_92A0779.jpg	55852
img/10-studio/kol-image-gallery/08-wet/_assets/JPG/_92A0780.jpg	57347
img/10-studio/kol-image-gallery/08-wet/_assets/JPG/_92A0781.jpg	54775
img/10-studio/kol-image-gallery/08-wet/_assets/JPG/_92A0782.jpg	31901
img/10-studio/kol-image-gallery/08-wet/_assets/JPG/_92A0783.jpg	56150
img/10-studio/kol-image-gallery/08-wet/_assets/JPG/_92A0784.jpg	63800
img/10-studio/kol-image-gallery/08-wet/_assets/JPG/_92A0785.jpg	61386
img/10-studio/kol-image-gallery/08-wet/_assets/JPG/_92A0786.jpg	60315
img/10-studio/kol-image-gallery/08-wet/_assets/JPG/_92A0787.jpg	65080
img/10-studio/kol-image-gallery/08-wet/_assets/JPG/_92A0788.jpg	69771
img/10-studio/kol-image-gallery/08-wet/_assets/JPG/_92A0789.jpg	66575
img/10-studio/kol-image-gallery/08-wet/_assets/JPG/_92A0790.jpg	15876
img/10-studio/kol-image-gallery/08-wet/_assets/JPG/_92A0791.jpg	69870
img/10-studio/kol-image-gallery/08-wet/_assets/JPG/_92A0792.jpg	66853
img/10-studio/kol-image-gallery/08-wet/_assets/JPG/_92A0793.jpg	23365
img/10-studio/kol-image-gallery/08-wet/_assets/JPG/_92A0794.jpg	55702
img/10-studio/kol-image-gallery/08-wet/_assets/JPG/_92A0795.jpg	41204
img/10-studio/kol-image-gallery/08-wet/_assets/JPG/_92A0796.jpg	63098
img/10-studio/kol-image-gallery/08-wet/_assets/JPG/_92A0797.jpg	49902
img/10-studio/kol-image-gallery/08-wet/_assets/JPG/_92A0798.jpg	50835
img/10-studio/kol-image-gallery/08-wet/_assets/JPG/_92A0799.jpg	65327
img/10-studio/kol-image-gallery/08-wet/_assets/JPG/_92A0800.jpg	67426
img/10-studio/kol-image-gallery/08-wet/_assets/JPG/_92A0801.jpg	56797
img/10-studio/kol-image-gallery/08-wet/_assets/JPG/_92A0802.jpg	71302
img/10-studio/kol-image-gallery/08-wet/_assets/JPG/_92A0803.jpg	65670
img/10-studio/kol-image-gallery/08-wet/_assets/JPG/_92A0804.jpg	55600
img/10-studio/kol-image-gallery/08-wet/_assets/JPG/_92A0805.jpg	52564
img/10-studio/kol-image-gallery/08-wet/_assets/JPG/_92A0806.jpg	68940
img/10-studio/kol-image-gallery/08-wet/_assets/JPG/_92A0807.jpg	29486
img/10-studio/kol-image-gallery/08-wet/_assets/JPG/_92A0808.jpg	45843
img/10-studio/kol-image-gallery/08-wet/_assets/JPG/_92A0809.jpg	60314
img/10-studio/kol-image-gallery/08-wet/_assets/JPG/_92A0810.jpg	63021
img/10-studio/kol-image-gallery/08-wet/_assets/JPG/_92A0811.jpg	61941
img/10-studio/kol-image-gallery/08-wet/_assets/JPG/_92A0812.jpg	62666
img/10-studio/kol-image-gallery/08-wet/_assets/JPG/_92A0813.jpg	57983
img/10-studio/kol-image-gallery/08-wet/_assets/JPG/_92A0814.jpg	62876
img/10-studio/kol-image-gallery/08-wet/_assets/JPG/_92A0815.jpg	56801
img/10-studio/kol-image-gallery/08-wet/_assets/JPG/_92A0816.jpg	60724
img/10-studio/kol-image-gallery/08-wet/_assets/JPG/_92A0817.jpg	53605
img/10-studio/kol-image-gallery/08-wet/_assets/JPG/_92A0818.jpg	52175
img/10-studio/kol-image-gallery/08-wet/_assets/JPG/_92A0824.jpg	58183
img/10-studio/kol-image-gallery/08-wet/_assets/JPG/_92A0825.jpg	52451
img/10-studio/kol-image-gallery/08-wet/_assets/JPG/_92A0826.jpg	57218
img/10-studio/kol-image-gallery/08-wet/_assets/JPG/_92A0827.jpg	34660
img/10-studio/kol-image-gallery/08-wet/_assets/JPG/_92A0828.jpg	31912
img/10-studio/kol-image-gallery/08-wet/_assets/JPG/_92A0829.jpg	30906
img/10-studio/kol-image-gallery/08-wet/_assets/JPG/_92A0830.jpg	31790
img/10-studio/kol-image-gallery/08-wet/_assets/JPG/_92A0831.jpg	39791
img/10-studio/kol-image-gallery/08-wet/_assets/JPG/_92A0832.jpg	37490
img/10-studio/kol-image-gallery/08-wet/_assets/JPG/_92A0833.jpg	32038
img/10-studio/kol-image-gallery/08-wet/_assets/JPG/_92A0834.jpg	28233
img/10-studio/kol-image-gallery/08-wet/_assets/JPG/_92A0835.jpg	44377
img/10-studio/kol-image-gallery/08-wet/_assets/JPG/_92A0836.jpg	45779
img/10-studio/kol-image-gallery/08-wet/_assets/JPG/_92A0837.jpg	44677
img/10-studio/kol-image-gallery/08-wet/_assets/JPG/_92A0838.jpg	43265
img/10-studio/kol-image-gallery/08-wet/_assets/JPG/_92A0839.jpg	44042
img/10-studio/kol-image-gallery/08-wet/_assets/JPG/_92A0840.jpg	44619
img/10-studio/kol-image-gallery/08-wet/_assets/JPG/_92A0841.jpg	45175
img/10-studio/kol-image-gallery/08-wet/_assets/JPG/_92A0842.jpg	41679
img/10-studio/kol-image-gallery/08-wet/_assets/JPG/_92A0843.jpg	42955
img/10-studio/kol-image-gallery/08-wet/_assets/JPG/_92A0844.jpg	40185
img/10-studio/kol-image-gallery/08-wet/_assets/JPG/_92A0845.jpg	35234
img/10-studio/kol-image-gallery/08-wet/_assets/JPG/_92A0846.jpg	35178
img/10-studio/kol-image-gallery/08-wet/_assets/JPG/_92A0847.jpg	32650
img/10-studio/kol-image-gallery/08-wet/_assets/JPG/_92A0848.jpg	34811
img/10-studio/kol-image-gallery/08-wet/_assets/JPG/_92A0849.jpg	30384
img/10-studio/kol-image-gallery/08-wet/_assets/JPG/_92A0850.jpg	15887
img/10-studio/kol-image-gallery/08-wet/_assets/JPG/_92A0851.jpg	32083
img/10-studio/kol-image-gallery/08-wet/_assets/JPG/_92A0852.jpg	15883
img/10-studio/kol-image-gallery/08-wet/_assets/JPG/_92A0853.jpg	15886
img/10-studio/kol-image-gallery/08-wet/_assets/JPG/_92A0854.jpg	15885
img/10-studio/kol-image-gallery/08-wet/_assets/JPG/_92A0855.jpg	33325
img/10-studio/kol-image-gallery/08-wet/_assets/JPG/_92A0856.jpg	15884
img/10-studio/kol-image-gallery/08-wet/_assets/JPG/_92A0857.jpg	35701
img/10-studio/kol-image-gallery/08-wet/_assets/JPG/_92A0858.jpg	33770
img/10-studio/kol-image-gallery/08-wet/_assets/JPG/_92A0859.jpg	32375
img/10-studio/kol-image-gallery/08-wet/_assets/JPG/thg mix.jpg	28200
img/10-studio/kol-image-gallery/08-wet/_assets/JPG/thg mix_feather.jpg	46504
img/10-studio/kol-image-gallery/08-wet/_assets/JPG/untitled shoot-0073.jpg	76459
img/10-studio/kol-image-gallery/08-wet/_assets/JPG/untitled shoot-0770.jpg	79495
img/10-studio/kol-image-gallery/08-wet/_assets/JPG/untitled shoot-0771.jpg	49500
img/10-studio/kol-image-gallery/08-wet/_assets/JPG/untitled shoot-0776.jpg	70263
img/10-studio/kol-image-gallery/08-wet/_assets/JPG/untitled shoot-0778.jpg	57311
img/10-studio/kol-image-gallery/08-wet/_assets/JPG/untitled shoot-0782.jpg	55105
img/10-studio/kol-image-gallery/08-wet/_assets/JPG/untitled shoot-0784.jpg	59127
img/10-studio/kol-image-gallery/08-wet/_assets/JPG/untitled shoot-0793.jpg	49536
img/10-studio/kol-image-gallery/08-wet/_assets/JPG/untitled shoot-0795.jpg	56378
img/10-studio/kol-image-gallery/08-wet/_assets/JPG/untitled shoot-0798.jpg	47235
img/10-studio/kol-image-gallery/08-wet/_assets/JPG/untitled shoot-0799.jpg	67735
img/10-studio/kol-image-gallery/08-wet/_assets/JPG/untitled shoot-0800.jpg	62543
img/10-studio/kol-image-gallery/08-wet/_assets/JPG/untitled shoot-0801.jpg	62308
img/10-studio/kol-image-gallery/08-wet/_assets/JPG/untitled shoot-0802.jpg	67977
img/10-studio/kol-image-gallery/08-wet/_assets/JPG/untitled shoot-0807.jpg	47043
img/10-studio/kol-image-gallery/08-wet/_assets/JPG/untitled shoot-0808.jpg	56897
img/10-studio/kol-image-gallery/08-wet/_assets/JPG/untitled shoot-0815.jpg	53828
img/10-studio/kol-image-gallery/08-wet/_assets/JPG/untitled shoot-0816.jpg	57676
img/10-studio/kol-image-gallery/08-wet/_assets/JPG/untitled shoot-0824.jpg	67436
img/10-studio/kol-image-gallery/08-wet/_assets/JPG/untitled shoot-0828.jpg	29644
img/10-studio/kol-image-gallery/08-wet/_assets/JPG/untitled shoot-0829.jpg	28839
img/10-studio/kol-image-gallery/08-wet/_assets/JPG/untitled shoot-0831.jpg	37266
img/10-studio/kol-image-gallery/08-wet/_assets/JPG/untitled shoot-0833.jpg	35616
img/10-studio/kol-image-gallery/08-wet/_assets/JPG/untitled shoot-0834.jpg	33628
img/10-studio/kol-image-gallery/08-wet/_assets/JPG/untitled shoot-0835.jpg	41776
img/10-studio/kol-image-gallery/08-wet/_assets/JPG/untitled shoot-0837.jpg	42111
img/10-studio/kol-image-gallery/08-wet/_assets/JPG/untitled shoot-0839.jpg	41601
img/10-studio/kol-image-gallery/08-wet/_assets/JPG/untitled shoot-0840.jpg	42286
img/10-studio/kol-image-gallery/08-wet/_assets/JPG/untitled shoot-0842.jpg	39203
img/10-studio/kol-image-gallery/08-wet/_assets/JPG/untitled shoot-0847.jpg	31175
img/10-studio/kol-image-gallery/08-wet/_assets/JPG/untitled shoot-0849.jpg	28620
img/10-studio/kol-image-gallery/08-wet/_assets/JPG/untitled shoot-0851.jpg	29923
img/10-studio/kol-image-gallery/08-wet/_assets/JPG/untitled shoot-0855.jpg	31614
img/10-studio/kol-image-gallery/08-wet/_assets/JPG/untitled shoot-0859.jpg	30047
img/10-studio/kol-image-gallery/08-wet/_assets/JPG/untitled shoot-2617.jpg	40660
img/10-studio/kol-image-gallery/08-wet/_assets/JPG/untitled shoot-2620.jpg	37563
img/10-studio/kol-image-gallery/08-wet/_assets/JPG/untitled shoot-2621.jpg	35487
img/10-studio/kol-image-gallery/08-wet/_assets/JPG/untitled shoot-2627.jpg	38822
img/10-studio/kol-image-gallery/08-wet/_assets/JPG/untitled shoot-2628.jpg	35269
img/10-studio/kol-image-gallery/08-wet/_assets/JPG/untitled shoot-2629.jpg	33718
img/10-studio/kol-image-gallery/08-wet/_assets/JPG/untitled shoot-2632-2.jpg	38636
img/10-studio/kol-image-gallery/08-wet/_assets/JPG/untitled shoot-2634.jpg	30811
img/10-studio/kol-image-gallery/08-wet/_assets/JPG/untitled shoot-2635 copy.jpg	28004
img/10-studio/kol-image-gallery/08-wet/_assets/JPG/untitled shoot-2635-2.jpg	47971
img/10-studio/kol-image-gallery/08-wet/_assets/JPG/untitled shoot-2635-3.jpg	31046
img/10-studio/kol-image-gallery/08-wet/_assets/JPG/untitled shoot-2635.jpg	68947
img/10-studio/kol-image-gallery/08-wet/_assets/JPG/untitled shoot-2636.jpg	30986
img/10-studio/kol-image-gallery/08-wet/_assets/JPG/untitled shoot-2637.jpg	37916
img/10-studio/kol-image-gallery/08-wet/_assets/JPG/untitled shoot-2641.jpg	31796
img/10-studio/kol-image-gallery/08-wet/_assets/JPG/untitled shoot-2643.jpg	26903
img/10-studio/kol-image-gallery/08-wet/_assets/JPG/untitled shoot-2644.jpg	37003
img/10-studio/kol-image-gallery/08-wet/_assets/JPG/untitled shoot-2645.jpg	37173
img/10-studio/kol-image-gallery/08-wet/_assets/JPG/untitled shoot-2647.jpg	29691
img/10-studio/kol-image-gallery/08-wet/_assets/JPG/untitled shoot-2648.jpg	34370
img/10-studio/kol-image-gallery/08-wet/_assets/JPG/untitled shoot-2650-2.jpg	26621
img/10-studio/kol-image-gallery/08-wet/_assets/JPG/untitled shoot-2653.jpg	41073
img/10-studio/kol-image-gallery/08-wet/_assets/JPG/untitled shoot-2661.jpg	24122
img/10-studio/kol-image-gallery/08-wet/_assets/JPG/untitled shoot-2671.jpg	44561
img/10-studio/kol-image-gallery/08-wet/_assets/JPG/untitled shoot-2678.jpg	32081
img/10-studio/kol-image-gallery/08-wet/_assets/JPG/untitled shoot-2682.jpg	52278
img/10-studio/kol-image-gallery/08-wet/_assets/JPG/untitled shoot-2683.jpg	31433
img/10-studio/kol-image-gallery/08-wet/_assets/JPG/untitled shoot-2684.jpg	37280
img/10-studio/kol-image-gallery/08-wet/_assets/JPG/untitled shoot-2689.jpg	28170
img/10-studio/kol-image-gallery/08-wet/_assets/JPG/untitled shoot-2690.jpg	44838
img/10-studio/kol-image-gallery/08-wet/_assets/JPG/untitled shoot-2693.jpg	46091
img/10-studio/kol-image-gallery/08-wet/_assets/JPG/untitled shoot-2774-2.jpg	81560
img/10-studio/kol-image-gallery/08-wet/_assets/JPG/untitled shoot-2774.jpg	47237
img/10-studio/kol-image-gallery/08-wet/_assets/JPG/untitled shoot-2813.jpg	46833
img/10-studio/kol-image-gallery/08-wet/_assets/JPG/untitled shoot-2815.jpg	48399
img/10-studio/kol-image-gallery/08-wet/_assets/JPG/untitled shoot-2816.jpg	34974
img/10-studio/kol-image-gallery/08-wet/_assets/JPG/untitled shoot-2819.jpg	47833
img/10-studio/kol-image-gallery/08-wet/_assets/JPG/untitled shoot-2826.jpg	44283
img/10-studio/kol-image-gallery/08-wet/_assets/JPG/untitled shoot-2827.jpg	43413
img/10-studio/kol-image-gallery/08-wet/_assets/JPG/untitled shoot-2832.jpg	40141
img/10-studio/kol-image-gallery/08-wet/_assets/JPG/untitled shoot-2836.jpg	39243
img/10-studio/kol-image-gallery/08-wet/_assets/JPG/untitled shoot-2841.jpg	40165
img/10-studio/kol-image-gallery/08-wet/_assets/JPG/untitled shoot-2842.jpg	32990
img/10-studio/kol-image-gallery/08-wet/_assets/JPG/untitled shoot-2844.jpg	49439
img/10-studio/kol-image-gallery/08-wet/_assets/JPG/untitled shoot-2846.jpg	37482
img/10-studio/kol-image-gallery/08-wet/_assets/JPG/untitled shoot-2847.jpg	36288
img/10-studio/kol-image-gallery/08-wet/_assets/JPG/untitled shoot-2849.jpg	46784
img/10-studio/kol-image-gallery/08-wet/_assets/JPG/untitled shoot-2850.jpg	46505
img/10-studio/kol-image-gallery/08-wet/_assets/JPG/untitled shoot-2851.jpg	42042
img/10-studio/kol-image-gallery/08-wet/_assets/JPG/untitled shoot-2853.jpg	44103
img/10-studio/kol-image-gallery/08-wet/_assets/JPG/untitled shoot-2855.jpg	43406
img/10-studio/kol-image-gallery/08-wet/_assets/JPG/untitled shoot-2856.jpg	38420
img/10-studio/kol-image-gallery/08-wet/_assets/JPG/untitled shoot-2861.jpg	37233
img/10-studio/kol-image-gallery/08-wet/_assets/JPG/untitled shoot-2862.jpg	28216
img/10-studio/kol-image-gallery/08-wet/_assets/JPG/untitled shoot-2863.jpg	30625
img/10-studio/kol-image-gallery/08-wet/_assets/JPG/untitled shoot-2868.jpg	33571
img/10-studio/kol-image-gallery/08-wet/_assets/JPG/untitled shoot-2869.jpg	34140
img/10-studio/kol-image-gallery/08-wet/_assets/JPG/untitled shoot-2872.jpg	32918
img/10-studio/kol-image-gallery/08-wet/_assets/JPG/untitled shoot-2874.jpg	32100
img/10-studio/kol-image-gallery/08-wet/_assets/JPG/untitled shoot-2875.jpg	30958
img/10-studio/kol-image-gallery/08-wet/_assets/JPG/untitled shoot-2879.jpg	38013
img/10-studio/kol-image-gallery/08-wet/_assets/JPG/untitled shoot-2880.jpg	36444
img/10-studio/kol-image-gallery/08-wet/_assets/JPG/untitled shoot-2881.jpg	46494
img/10-studio/kol-image-gallery/08-wet/_assets/JPG/untitled shoot-2883.jpg	26390
img/10-studio/kol-image-gallery/08-wet/_assets/JPG/untitled shoot-2885.jpg	30152
img/10-studio/kol-image-gallery/08-wet/_assets/JPG/untitled shoot-2887.jpg	30695
img/10-studio/kol-image-gallery/08-wet/_assets/JPG/untitled shoot-2897.jpg	31443
img/10-studio/kol-image-gallery/08-wet/_assets/JPG/untitled shoot-2902.jpg	38748
img/10-studio/kol-image-gallery/08-wet/_assets/JPG/untitled shoot-2903.jpg	31528
img/10-studio/kol-image-gallery/08-wet/_assets/JPG/untitled shoot-2904.jpg	42197
img/10-studio/kol-image-gallery/08-wet/_assets/JPG/untitled shoot-2905.jpg	39663
img/10-studio/kol-image-gallery/08-wet/_assets/JPG/untitled shoot-2911.jpg	30968
img/10-studio/kol-image-gallery/08-wet/_assets/Kolkrabbi.jpg	73814
img/10-studio/kol-image-gallery/08-wet/_assets/nef/untitled shoot-2618.jpg	36742
img/10-studio/kol-image-gallery/08-wet/_assets/nef/untitled shoot-2619.jpg	39958
img/10-studio/kol-image-gallery/08-wet/_assets/nef/untitled shoot-2622.jpg	40817
img/10-studio/kol-image-gallery/08-wet/_assets/nef/untitled shoot-2623.jpg	16227
img/10-studio/kol-image-gallery/08-wet/_assets/nef/untitled shoot-2626.jpg	18593
img/10-studio/kol-image-gallery/08-wet/_assets/nef/untitled shoot-2630.jpg	35737
img/10-studio/kol-image-gallery/08-wet/_assets/nef/untitled shoot-2631.jpg	38609
img/10-studio/kol-image-gallery/08-wet/_assets/nef/untitled shoot-2632.jpg	37211
img/10-studio/kol-image-gallery/08-wet/_assets/nef/untitled shoot-2633.jpg	41221
img/10-studio/kol-image-gallery/08-wet/_assets/nef/untitled shoot-2638.jpg	33440
img/10-studio/kol-image-gallery/08-wet/_assets/nef/untitled shoot-2639.jpg	32635
img/10-studio/kol-image-gallery/08-wet/_assets/nef/untitled shoot-2640.jpg	31879
img/10-studio/kol-image-gallery/08-wet/_assets/nef/untitled shoot-2642.jpg	34022
img/10-studio/kol-image-gallery/08-wet/_assets/nef/untitled shoot-2646.jpg	31795
img/10-studio/kol-image-gallery/08-wet/_assets/nef/untitled shoot-2649.jpg	34790
img/10-studio/kol-image-gallery/08-wet/_assets/nef/untitled shoot-2650.jpg	36607
img/10-studio/kol-image-gallery/08-wet/_assets/nef/untitled shoot-2651.jpg	28113
img/10-studio/kol-image-gallery/08-wet/_assets/nef/untitled shoot-2652.jpg	34675
img/10-studio/kol-image-gallery/08-wet/_assets/nef/untitled shoot-2654.jpg	35693
img/10-studio/kol-image-gallery/08-wet/_assets/nef/untitled shoot-2655.jpg	34152
img/10-studio/kol-image-gallery/08-wet/_assets/nef/untitled shoot-2656.jpg	36896
img/10-studio/kol-image-gallery/08-wet/_assets/nef/untitled shoot-2657.jpg	38233
img/10-studio/kol-image-gallery/08-wet/_assets/nef/untitled shoot-2658.jpg	34685
img/10-studio/kol-image-gallery/08-wet/_assets/nef/untitled shoot-2659.jpg	35290
img/10-studio/kol-image-gallery/08-wet/_assets/nef/untitled shoot-2662.jpg	31241
img/10-studio/kol-image-gallery/08-wet/_assets/nef/untitled shoot-2663.jpg	30394
img/10-studio/kol-image-gallery/08-wet/_assets/nef/untitled shoot-2664.jpg	32637
img/10-studio/kol-image-gallery/08-wet/_assets/nef/untitled shoot-2665.jpg	32373
img/10-studio/kol-image-gallery/08-wet/_assets/nef/untitled shoot-2666.jpg	35770
img/10-studio/kol-image-gallery/08-wet/_assets/nef/untitled shoot-2667.jpg	16126
img/10-studio/kol-image-gallery/08-wet/_assets/nef/untitled shoot-2668.jpg	15985
img/10-studio/kol-image-gallery/08-wet/_assets/nef/untitled shoot-2669.jpg	16269
img/10-studio/kol-image-gallery/08-wet/_assets/nef/untitled shoot-2672.jpg	15793
img/10-studio/kol-image-gallery/08-wet/_assets/nef/untitled shoot-2673.jpg	34365
img/10-studio/kol-image-gallery/08-wet/_assets/nef/untitled shoot-2674.jpg	33997
img/10-studio/kol-image-gallery/08-wet/_assets/nef/untitled shoot-2675.jpg	36809
img/10-studio/kol-image-gallery/08-wet/_assets/nef/untitled shoot-2676.jpg	36227
img/10-studio/kol-image-gallery/08-wet/_assets/nef/untitled shoot-2677.jpg	15872
img/10-studio/kol-image-gallery/08-wet/_assets/nef/untitled shoot-2679.jpg	41818
img/10-studio/kol-image-gallery/08-wet/_assets/nef/untitled shoot-2680.jpg	15891
img/10-studio/kol-image-gallery/08-wet/_assets/nef/untitled shoot-2681.jpg	45528
img/10-studio/kol-image-gallery/08-wet/_assets/nef/untitled shoot-2685.jpg	39421
img/10-studio/kol-image-gallery/08-wet/_assets/nef/untitled shoot-2686.jpg	15823
img/10-studio/kol-image-gallery/08-wet/_assets/nef/untitled shoot-2687.jpg	40434
img/10-studio/kol-image-gallery/08-wet/_assets/nef/untitled shoot-2688.jpg	40119
img/10-studio/kol-image-gallery/08-wet/_assets/nef/untitled shoot-2691.jpg	39036
img/10-studio/kol-image-gallery/08-wet/_assets/nef/untitled shoot-2692.jpg	41733
img/10-studio/kol-image-gallery/08-wet/_assets/nef/untitled shoot-2694.jpg	41124
img/10-studio/kol-image-gallery/08-wet/_assets/nef/untitled shoot-2695.jpg	38038
img/10-studio/kol-image-gallery/08-wet/_assets/nef/untitled shoot-2778.jpg	33397
img/10-studio/kol-image-gallery/08-wet/_assets/nef/untitled shoot-2779.jpg	34268
img/10-studio/kol-image-gallery/08-wet/_assets/nef/untitled shoot-2780.jpg	31621
img/10-studio/kol-image-gallery/08-wet/_assets/nef/untitled shoot-2781.jpg	31866
img/10-studio/kol-image-gallery/08-wet/_assets/nef/untitled shoot-2782.jpg	36833
img/10-studio/kol-image-gallery/08-wet/_assets/nef/untitled shoot-2783.jpg	34803
img/10-studio/kol-image-gallery/08-wet/_assets/nef/untitled shoot-2784.jpg	35921
img/10-studio/kol-image-gallery/08-wet/_assets/nef/untitled shoot-2785.jpg	38520
img/10-studio/kol-image-gallery/08-wet/_assets/nef/untitled shoot-2786.jpg	39701
img/10-studio/kol-image-gallery/08-wet/_assets/nef/untitled shoot-2787.jpg	16002
img/10-studio/kol-image-gallery/08-wet/_assets/nef/untitled shoot-2788.jpg	37662
img/10-studio/kol-image-gallery/08-wet/_assets/nef/untitled shoot-2789.jpg	40216
img/10-studio/kol-image-gallery/08-wet/_assets/nef/untitled shoot-2791.jpg	45319
img/10-studio/kol-image-gallery/08-wet/_assets/nef/untitled shoot-2792.jpg	41710
img/10-studio/kol-image-gallery/08-wet/_assets/nef/untitled shoot-2793.jpg	42394
img/10-studio/kol-image-gallery/08-wet/_assets/nef/untitled shoot-2794.jpg	40335
img/10-studio/kol-image-gallery/08-wet/_assets/nef/untitled shoot-2795.jpg	37332
img/10-studio/kol-image-gallery/08-wet/_assets/nef/untitled shoot-2796.jpg	34034
img/10-studio/kol-image-gallery/08-wet/_assets/nef/untitled shoot-2797.jpg	41828
img/10-studio/kol-image-gallery/08-wet/_assets/nef/untitled shoot-2798.jpg	35707
img/10-studio/kol-image-gallery/08-wet/_assets/nef/untitled shoot-2799.jpg	40470
img/10-studio/kol-image-gallery/08-wet/_assets/nef/untitled shoot-2801.jpg	35423
img/10-studio/kol-image-gallery/08-wet/_assets/nef/untitled shoot-2802.jpg	39109
img/10-studio/kol-image-gallery/08-wet/_assets/nef/untitled shoot-2803.jpg	16399
img/10-studio/kol-image-gallery/08-wet/_assets/nef/untitled shoot-2804.jpg	40239
img/10-studio/kol-image-gallery/08-wet/_assets/nef/untitled shoot-2805.jpg	35019
img/10-studio/kol-image-gallery/08-wet/_assets/nef/untitled shoot-2806.jpg	36274
img/10-studio/kol-image-gallery/08-wet/_assets/nef/untitled shoot-2807.jpg	35917
img/10-studio/kol-image-gallery/08-wet/_assets/nef/untitled shoot-2809.jpg	35103
img/10-studio/kol-image-gallery/08-wet/_assets/nef/untitled shoot-2810.jpg	39406
img/10-studio/kol-image-gallery/08-wet/_assets/nef/untitled shoot-2811.jpg	34218
img/10-studio/kol-image-gallery/08-wet/_assets/nef/untitled shoot-2812.jpg	38419
img/10-studio/kol-image-gallery/08-wet/_assets/nef/untitled shoot-2814.jpg	45429
img/10-studio/kol-image-gallery/08-wet/_assets/nef/untitled shoot-2817.jpg	42266
img/10-studio/kol-image-gallery/08-wet/_assets/nef/untitled shoot-2818.jpg	43159
img/10-studio/kol-image-gallery/08-wet/_assets/nef/untitled shoot-2820.jpg	44739
img/10-studio/kol-image-gallery/08-wet/_assets/nef/untitled shoot-2821.jpg	43886
img/10-studio/kol-image-gallery/08-wet/_assets/nef/untitled shoot-2822.jpg	42689
img/10-studio/kol-image-gallery/08-wet/_assets/nef/untitled shoot-2823.jpg	35846
img/10-studio/kol-image-gallery/08-wet/_assets/nef/untitled shoot-2824.jpg	40753
img/10-studio/kol-image-gallery/08-wet/_assets/nef/untitled shoot-2825.jpg	41047
img/10-studio/kol-image-gallery/08-wet/_assets/nef/untitled shoot-2828.jpg	37251
img/10-studio/kol-image-gallery/08-wet/_assets/nef/untitled shoot-2829.jpg	39164
img/10-studio/kol-image-gallery/08-wet/_assets/nef/untitled shoot-2830-2.jpg	34597
img/10-studio/kol-image-gallery/08-wet/_assets/nef/untitled shoot-2831.jpg	35902
img/10-studio/kol-image-gallery/08-wet/_assets/nef/untitled shoot-2833.jpg	36345
img/10-studio/kol-image-gallery/08-wet/_assets/nef/untitled shoot-2834.jpg	38271
img/10-studio/kol-image-gallery/08-wet/_assets/nef/untitled shoot-2835.jpg	36258
img/10-studio/kol-image-gallery/08-wet/_assets/nef/untitled shoot-2837.jpg	34512
img/10-studio/kol-image-gallery/08-wet/_assets/nef/untitled shoot-2838.jpg	36555
img/10-studio/kol-image-gallery/08-wet/_assets/nef/untitled shoot-2839.jpg	37411
img/10-studio/kol-image-gallery/08-wet/_assets/nef/untitled shoot-2840.jpg	33935
img/10-studio/kol-image-gallery/08-wet/_assets/nef/untitled shoot-2843.jpg	34137
img/10-studio/kol-image-gallery/08-wet/_assets/nef/untitled shoot-2845.jpg	39157
img/10-studio/kol-image-gallery/08-wet/_assets/nef/untitled shoot-2848.jpg	41938
img/10-studio/kol-image-gallery/08-wet/_assets/nef/untitled shoot-2852.jpg	39539
img/10-studio/kol-image-gallery/08-wet/_assets/nef/untitled shoot-2854.jpg	37520
img/10-studio/kol-image-gallery/08-wet/_assets/nef/untitled shoot-2857.jpg	36816
img/10-studio/kol-image-gallery/08-wet/_assets/nef/untitled shoot-2858.jpg	38585
img/10-studio/kol-image-gallery/08-wet/_assets/nef/untitled shoot-2859.jpg	36827
img/10-studio/kol-image-gallery/08-wet/_assets/nef/untitled shoot-2860.jpg	40256
img/10-studio/kol-image-gallery/08-wet/_assets/nef/untitled shoot-2865.jpg	33527
img/10-studio/kol-image-gallery/08-wet/_assets/nef/untitled shoot-2866.jpg	33715
img/10-studio/kol-image-gallery/08-wet/_assets/nef/untitled shoot-2867.jpg	32705
img/10-studio/kol-image-gallery/08-wet/_assets/nef/untitled shoot-2870.jpg	39182
img/10-studio/kol-image-gallery/08-wet/_assets/nef/untitled shoot-2871.jpg	39961
img/10-studio/kol-image-gallery/08-wet/_assets/nef/untitled shoot-2873.jpg	36931
img/10-studio/kol-image-gallery/08-wet/_assets/nef/untitled shoot-2876.jpg	35496
img/10-studio/kol-image-gallery/08-wet/_assets/nef/untitled shoot-2877.jpg	42651
img/10-studio/kol-image-gallery/08-wet/_assets/nef/untitled shoot-2878.jpg	39247
img/10-studio/kol-image-gallery/08-wet/_assets/nef/untitled shoot-2882.jpg	42711
img/10-studio/kol-image-gallery/08-wet/_assets/nef/untitled shoot-2884.jpg	40275
img/10-studio/kol-image-gallery/08-wet/_assets/nef/untitled shoot-2886.jpg	37775
img/10-studio/kol-image-gallery/08-wet/_assets/nef/untitled shoot-2888.jpg	33866
img/10-studio/kol-image-gallery/08-wet/_assets/nef/untitled shoot-2889.jpg	27579
img/10-studio/kol-image-gallery/08-wet/_assets/nef/untitled shoot-2890.jpg	32758
img/10-studio/kol-image-gallery/08-wet/_assets/nef/untitled shoot-2891.jpg	33735
img/10-studio/kol-image-gallery/08-wet/_assets/nef/untitled shoot-2892.jpg	38934
img/10-studio/kol-image-gallery/08-wet/_assets/nef/untitled shoot-2893.jpg	40103
img/10-studio/kol-image-gallery/08-wet/_assets/nef/untitled shoot-2894.jpg	37684
img/10-studio/kol-image-gallery/08-wet/_assets/nef/untitled shoot-2895.jpg	35707
img/10-studio/kol-image-gallery/08-wet/_assets/nef/untitled shoot-2896.jpg	36702
img/10-studio/kol-image-gallery/08-wet/_assets/nef/untitled shoot-2898.jpg	31973
img/10-studio/kol-image-gallery/08-wet/_assets/nef/untitled shoot-2899.jpg	34345
img/10-studio/kol-image-gallery/08-wet/_assets/nef/untitled shoot-2900.jpg	34832
img/10-studio/kol-image-gallery/08-wet/_assets/nef/untitled shoot-2901.jpg	36194
img/10-studio/kol-image-gallery/08-wet/_assets/nef/untitled shoot-2906.jpg	32463
img/10-studio/kol-image-gallery/08-wet/_assets/nef/untitled shoot-2908.jpg	31109
img/10-studio/kol-image-gallery/08-wet/_assets/nef/untitled shoot-2909.jpg	37117
img/10-studio/kol-image-gallery/08-wet/_assets/nef/untitled shoot-2912.jpg	38668
img/10-studio/kol-image-gallery/08-wet/_assets/nef/untitled shoot-2913.jpg	37584
img/10-studio/kol-image-gallery/08-wet/_assets/tiff/wet-01.jpg	27637
img/10-studio/kol-image-gallery/08-wet/_assets/tiff/wet-02.jpg	28031
img/10-studio/kol-image-gallery/08-wet/_assets/tór-wet-01.jpg	69681
img/10-studio/kol-image-gallery/08-wet/_assets/tór-wet-02.jpg	57983
img/10-studio/kol-image-gallery/08-wet/_assets/tór-wet-03.jpg	60884
img/10-studio/kol-image-gallery/08-wet/_assets/tór-wet-04.jpg	54078
img/10-studio/kol-image-gallery/08-wet/_assets/tór-wet-05.jpg	45936
img/10-studio/kol-image-gallery/08-wet/_assets/tór-wet-06.jpg	88739
img/10-studio/kol-image-gallery/08-wet/_assets/tór-wet-07.jpg	29130
img/10-studio/kol-image-gallery/08-wet/_assets/tór-wet-08.jpg	45223
img/10-studio/kol-image-gallery/08-wet/_assets/tór-wet-09.jpg	41928
img/10-studio/kol-image-gallery/08-wet/_assets/tór-wet-10.jpg	34400
img/10-studio/kol-image-gallery/08-wet/_assets/tór-wet-11.jpg	40925
img/10-studio/kol-image-gallery/08-wet/_assets/tór-wet-12.jpg	33890
img/10-studio/kol-image-gallery/08-wet/_assets/wet-torg/THG-WET-GTR1.jpg	35018
img/10-studio/kol-image-gallery/08-wet/_assets/wet-torg/THG-WET-GTR2.jpg	35893
img/10-studio/kol-image-gallery/08-wet/_assets/wet-torg/THG-WET-GTR3.jpg	36576
img/10-studio/kol-image-gallery/08-wet/_assets/wet-torg/THG-WET-GTR4.jpg	35381
img/10-studio/kol-image-gallery/08-wet/_assets/wet-torg/THG-WET-GTR5.jpg	29418
img/10-studio/kol-image-gallery/08-wet/_assets/wet-torg/THG-WET-GTR6.jpg	33004
img/10-studio/kol-image-gallery/08-wet/_assets/wet-torg/THG-WET1.jpg	26424
img/10-studio/kol-image-gallery/08-wet/_assets/wet-torg/THG-WET10.jpg	31213
img/10-studio/kol-image-gallery/08-wet/_assets/wet-torg/THG-WET11.jpg	34531
img/10-studio/kol-image-gallery/08-wet/_assets/wet-torg/THG-WET12.jpg	34012
img/10-studio/kol-image-gallery/08-wet/_assets/wet-torg/THG-WET13.jpg	26468
img/10-studio/kol-image-gallery/08-wet/_assets/wet-torg/THG-WET14.jpg	35416
img/10-studio/kol-image-gallery/08-wet/_assets/wet-torg/THG-WET2.jpg	66668
img/10-studio/kol-image-gallery/08-wet/_assets/wet-torg/THG-WET3.jpg	45818
img/10-studio/kol-image-gallery/08-wet/_assets/wet-torg/THG-WET4.jpg	27926
img/10-studio/kol-image-gallery/08-wet/_assets/wet-torg/THG-WET5.jpg	22779
img/10-studio/kol-image-gallery/08-wet/_assets/wet-torg/THG-WET6.jpg	37075
img/10-studio/kol-image-gallery/08-wet/_assets/wet-torg/THG-WET7.jpg	38026
img/10-studio/kol-image-gallery/08-wet/_assets/wet-torg/THG-WET8.jpg	41870
img/10-studio/kol-image-gallery/08-wet/_assets/wet-torg/THG-WET9.jpg	36534
img/10-studio/kol-image-gallery/08-wet/_assets/wet-torg/Thordur Grimsson.jpg	31409
img/10-studio/kol-image-gallery/08-wet/_assets/wet-torg/about-thg.jpg	49068
img/10-studio/kol-image-gallery/08-wet/_assets/wet-torg/konsulat_.jpg	46378
img/10-studio/kol-image-gallery/08-wet/_assets/wet-torg/thg-biskup-resize.jpg	15192
img/10-studio/kol-image-gallery/08-wet/_assets/wet-torg/thg-biskup.jpg	14996
img/10-studio/kol-image-gallery/08-wet/_assets/wet-torg/thg-biskup_grey-text-resize.jpg	17608
img/10-studio/kol-image-gallery/08-wet/_assets/wet-torg/thg-biskup_grey-text.jpg	14007
img/10-studio/kol-image-gallery/08-wet/_assets/wet-torg/thg-biskup_grey.jpg	12455
img/10-studio/kol-image-gallery/08-wet/_assets/wet-torg/tór-wet-01.jpg	69371
img/10-studio/kol-image-gallery/08-wet/_assets/wet-torg/tór-wet-02.jpg	57755
img/10-studio/kol-image-gallery/08-wet/_assets/wet-torg/tór-wet-03.jpg	60461
img/10-studio/kol-image-gallery/08-wet/_assets/wet-torg/tór-wet-04.jpg	54298
img/10-studio/kol-image-gallery/08-wet/_assets/wet-torg/tór-wet-05.jpg	46376
img/10-studio/kol-image-gallery/08-wet/_assets/wet-torg/tór-wet-06.jpg	87913
img/10-studio/kol-image-gallery/08-wet/_assets/wet-torg/tór-wet-07.jpg	29085
img/10-studio/kol-image-gallery/08-wet/_assets/wet-torg/tór-wet-08.jpg	45025
img/10-studio/kol-image-gallery/08-wet/_assets/wet-torg/tór-wet-09.jpg	41794
img/10-studio/kol-image-gallery/08-wet/_assets/wet-torg/tór-wet-10.jpg	34246
img/10-studio/kol-image-gallery/08-wet/_assets/wet-torg/tór-wet-11.jpg	40663
img/10-studio/kol-image-gallery/08-wet/_assets/wet-torg/tór-wet-12.jpg	33739
img/10-studio/kol-image-gallery/08-wet/_assets/wet-torg/wet-1440.jpg	53589
img/10-studio/kol-image-gallery/08-wet/_assets/wet-torg/wet-portait-closeup-256-1.jpg	60694
img/10-studio/kol-image-gallery/08-wet/_assets/wet-torg/wet-portait-closeup-256-2.jpg	70473
img/10-studio/kol-image-gallery/08-wet/_assets/wet-torg/wet-portait-closeup-256-3.jpg	58325
img/10-studio/kol-image-gallery/08-wet/_assets/wet-torg/wet-portait-closeup-256-4.jpg	88767
img/10-studio/kol-image-gallery/08-wet/_assets/wet-torg/wet-portait-closeup-256-5.jpg	55332
img/10-studio/kol-image-gallery/08-wet/_assets/wet-torg/wet-portait-closeup-256.jpg	46989
img/10-studio/kol-image-gallery/08-wet/_assets/wet-torg/wet-portait-med-closeup-1.jpg	33562
img/10-studio/kol-image-gallery/08-wet/_assets/wet-torg/wet-portait-med-closeup-2.jpg	42370
img/10-studio/kol-image-gallery/08-wet/_assets/wet-torg/wet-portait-med-closeup-3.jpg	39136
img/10-studio/kol-image-gallery/08-wet/_assets/wet-torg/wet-portait-med-closeup-4.jpg	46190
img/10-studio/kol-image-gallery/08-wet/_assets/wet-torg/wet-portait-med-closeup-5.jpg	33894
img/10-studio/kol-image-gallery/08-wet/_assets/wet-torg/wet-portait-med-closeup.jpg	29104
img/10-studio/kol-image-gallery/INDEX.md	2899
img/10-studio/kol-image-gallery/_pab-asa/IMG_0595.jpeg	1950618
img/10-studio/kol-image-gallery/_pab-asa/IMG_0608.jpeg	2980942
img/10-studio/kol-image-gallery/_pab-asa/IMG_0616.jpeg	1912565
img/10-studio/kol-image-gallery/_pab-asa/IMG_0617.jpeg	1853180
img/10-studio/kol-image-gallery/kol-torg-01/thg-01.jpg	846316
img/10-studio/kol-image-gallery/kol-torg-01/thg-02.jpg	1762011
img/10-studio/kol-image-gallery/kol-torg-01/thg-03.jpg	960890
img/10-studio/kol-image-gallery/kol-torg-01/thg-04.jpg	863488
img/10-studio/kol-image-gallery/kol-torg-01/thg-05.jpg	846680
img/10-studio/kol-image-gallery/kol-torg-01/thg-06.jpg	765432
img/10-studio/kol-image-gallery/kol-torg-01/thg-07.jpg	1005504
img/10-studio/kol-image-gallery/kol-torg-01/thg-08.jpg	1481337
img/10-studio/kol-mood-gallery/.DS_Store	8196
img/10-studio/kol-mood-gallery/design-system-and-build/INDEX.md	1030
img/10-studio/kol-mood-gallery/design-system-and-build/_assets/Image_Block-2.png	44613
img/10-studio/kol-mood-gallery/design-system-and-build/_assets/Image_Block.png	120974
img/10-studio/kol-mood-gallery/foundations-color-system/INDEX.md	1443
img/10-studio/kol-mood-gallery/foundations-color-system/_assets/mix-01.png	1971467
img/10-studio/kol-mood-gallery/foundations-color-system/_assets/mix-05.png	1792825
img/10-studio/kol-mood-gallery/foundations-color-system/_assets/neutral.png	25847
img/10-studio/kol-mood-gallery/foundations-color-system/_assets/palette-02.png	11370
img/10-studio/kol-mood-gallery/foundations-color-system/_assets/palette-03.png	16530
img/10-studio/kol-mood-gallery/foundations-color-system/_assets/palette-3.png	38018
img/10-studio/kol-mood-gallery/foundations-color-system/_assets/palette.png	91011
img/10-studio/kol-mood-gallery/foundations-color-system/_assets/wheel.png	39234
img/10-studio/kol-mood-gallery/gallery plugin/tt-01/01.jpg	4715586
img/10-studio/kol-mood-gallery/gallery plugin/tt-01/02.jpg	6248544
img/10-studio/kol-mood-gallery/gallery plugin/tt-01/03.jpg	4522698
img/10-studio/kol-mood-gallery/gallery plugin/tt-01/04.jpg	6192006
img/10-studio/kol-mood-gallery/gallery plugin/tt-01/05.jpg	5748088
img/10-studio/kol-mood-gallery/gallery plugin/tt-01/06.jpg	6134427
img/10-studio/kol-mood-gallery/gallery plugin/tt-01/07.jpg	4515794
img/10-studio/kol-mood-gallery/gallery plugin/tt-02/01.jpg	4300166
img/10-studio/kol-mood-gallery/gallery plugin/tt-02/02.jpg	6278357
img/10-studio/kol-mood-gallery/gallery plugin/tt-02/03.jpg	4512804
img/10-studio/kol-mood-gallery/gallery plugin/tt-02/04.jpg	6367877
img/10-studio/kol-mood-gallery/gallery plugin/tt-02/05.jpg	5361384
img/10-studio/kol-mood-gallery/gallery plugin/tt-02/06.jpg	6399408
img/10-studio/kol-mood-gallery/gallery plugin/tt-02/07.jpg	4399606
img/10-studio/kol-mood-gallery/gallery plugin/tt-03/01.jpg	4585442
img/10-studio/kol-mood-gallery/gallery plugin/tt-03/02.jpg	5686716
img/10-studio/kol-mood-gallery/gallery plugin/tt-03/03.jpg	6498104
img/10-studio/kol-mood-gallery/gallery plugin/tt-03/04.jpg	5113794
img/10-studio/kol-mood-gallery/gallery plugin/tt-03/05.jpg	6280784
img/10-studio/kol-mood-gallery/kol-eggmen/INDEX.md	1336
img/10-studio/kol-mood-gallery/kol-eggmen/_assets/alien-head-01.jpg	1596298
img/10-studio/kol-mood-gallery/kol-eggmen/_assets/alien-head-02.jpg	1970848
img/10-studio/kol-mood-gallery/kol-eggmen/_assets/alien-head-03.jpg	2064573
img/10-studio/kol-mood-gallery/kol-eggmen/_assets/alien-head-04.jpg	2161419
img/10-studio/kol-mood-gallery/kol-eggmen/_assets/alien-head-05.jpg	2262052
img/10-studio/kol-mood-gallery/kol-eggmen/_assets/alien-head-06.jpg	1899178
img/10-studio/kol-mood-gallery/kol-eggmen/_assets/alien-head-07.jpg	1671600
img/10-studio/kol-mood-gallery/kol-eggmen/_assets/alien-head-08.jpg	1944120
img/10-studio/kol-mood-gallery/kol-eggmen/_assets/alien-head-09.jpg	1979122
img/10-studio/kol-mood-gallery/kol-eggmen/_assets/alien-head-10.jpg	2107029
img/10-studio/kol-mood-gallery/kol-eggmen/_assets/alien-head-11.jpg	2004771
img/10-studio/kol-mood-gallery/kol-eggmen/_assets/alien-head-12.jpg	1570334
img/10-studio/kol-mood-gallery/kol-eggmen/_assets/alien-head-13.jpg	2094347
img/10-studio/kol-mood-gallery/kol-eggmen/_assets/alien-head-14.jpg	1703187
img/10-studio/kol-mood-gallery/kol-eggmen/_assets/alien-head-15.jpg	1054459
img/10-studio/kol-mood-gallery/kol-eggmen/_assets/alien-head-16.jpg	1021876
img/10-studio/kol-mood-gallery/kol-mood-01/mood-01-1200.jpg	28779
img/10-studio/kol-mood-gallery/kol-mood-01/mood-01-1600.jpg	56459
img/10-studio/kol-mood-gallery/kol-mood-01/mood-01-2560.jpg	194230
img/10-studio/kol-mood-gallery/kol-mood-01/mood-01-400.jpg	4791
img/10-studio/kol-mood-gallery/kol-mood-01/mood-01-800.jpg	13848
img/10-studio/kol-mood-gallery/kol-mood-01/mood-02-1200.jpg	52152
img/10-studio/kol-mood-gallery/kol-mood-01/mood-02-1600.jpg	90723
img/10-studio/kol-mood-gallery/kol-mood-01/mood-02-2560.jpg	225454
img/10-studio/kol-mood-gallery/kol-mood-01/mood-02-400.jpg	8760
img/10-studio/kol-mood-gallery/kol-mood-01/mood-02-800.jpg	26980
img/10-studio/kol-mood-gallery/kol-mood-01/mood-03-1200.jpg	32173
img/10-studio/kol-mood-gallery/kol-mood-01/mood-03-1600.jpg	51368
img/10-studio/kol-mood-gallery/kol-mood-01/mood-03-2560.jpg	118728
img/10-studio/kol-mood-gallery/kol-mood-01/mood-03-400.jpg	5637
img/10-studio/kol-mood-gallery/kol-mood-01/mood-03-800.jpg	16146
img/10-studio/kol-mood-gallery/kol-mood-01/mood-04-1200.jpg	98131
img/10-studio/kol-mood-gallery/kol-mood-01/mood-04-1600.jpg	148852
img/10-studio/kol-mood-gallery/kol-mood-01/mood-04-2560.jpg	307624
img/10-studio/kol-mood-gallery/kol-mood-01/mood-04-400.jpg	17036
img/10-studio/kol-mood-gallery/kol-mood-01/mood-04-800.jpg	52138
img/10-studio/kol-mood-gallery/kol-mood-01/moods.md	385
img/10-studio/kol-mood-gallery/kol-screensaver/desktop-02.png	20020931
img/10-studio/kol-mood-gallery/kol-screensaver/desktop.png	4566268
img/10-studio/kol-mood-gallery/kol-stack/stack-hero-1200.jpg	83663
img/10-studio/kol-mood-gallery/kol-stack/stack-hero-1600.jpg	142849
img/10-studio/kol-mood-gallery/kol-stack/stack-hero-2560.jpg	337348
img/10-studio/kol-mood-gallery/kol-stack/stack-hero-400.jpg	15311
img/10-studio/kol-mood-gallery/kol-stack/stack-hero-800.jpg	42346
img/10-studio/kol-mood-gallery/stack-blog-01/INDEX.md	1041
img/10-studio/kol-mood-gallery/stack-blog-01/_poem.png	82026
img/10-studio/kol-mood-gallery/stack-blog-01/architecture-diagram.png	1022362
img/10-studio/kol-mood-gallery/stack-blog-01/cli2.png	4662313
img/10-studio/kol-mood-gallery/stack-blog-01/open-graph-03.png	18624
img/10-studio/kol-mood-gallery/stack-blog-02/INDEX copy.md	1093
img/10-studio/kol-mood-gallery/stack-blog-02/blog-02.png	79743
img/10-studio/kol-mood-gallery/stack-blog-02/blog-03.png	1681646
img/10-studio/kol-mood-gallery/stack-blog-02/blog-04.png	43761
img/10-studio/kol-mood-gallery/stack-blog-02/blog-05.png	110358
img/10-studio/kol-mood-gallery/stack-blog-02/blog-08.png	706494
img/10-studio/kol-mood-gallery/stack-blog-02/blog-09.png	41246
img/10-studio/kol-mood-gallery/stack-blog-02/blog-10.png	97311
img/10-studio/kol-mood-gallery/stack-blog-02/blog-11.png	112112
img/10-studio/kol-mood-gallery/stack-blog-02/blog-12.png	1030330
img/10-studio/kol-mood-gallery/stack-blog-02/blog-13.png	2850819
img/10-studio/kol-mood-gallery/stack-blog-02/blog-14.png	2840290
img/INDEX.md	2236
img/__knlt-ss/.DS_Store	8196
img/__knlt-ss/knlt-daelustod-ss/daelustod__select-01.png	2603782
img/__knlt-ss/knlt-daelustod-ss/daelustod__select-02.png	2853286
img/__knlt-ss/knlt-daelustod-ss/daelustod__select-03.png	2611240
img/__knlt-ss/knlt-daelustod-ss/daelustod__select-04.png	2393682
img/__knlt-ss/knlt-daelustod-ss/daelustod__select-05.png	2326241
img/__knlt-ss/knlt-daelustod-ss/daelustod__select-06.png	2392104
img/__knlt-ss/knlt-daelustod-ss/daelustod__select-07.png	2059978
img/__knlt-ss/knlt-daelustod-ss/daelustod__select-08.png	2292436
img/__knlt-ss/knlt-daelustod-ss/daelustod__select-09.png	2350590
img/__knlt-ss/knlt-daelustod-ss/daelustod__select-10.png	2573056
img/__knlt-ss/knlt-daelustod-ss/daelustod__select-11.png	2025246
img/__knlt-ss/knlt-daelustod-ss/daelustod__select-12.png	2632465
img/__knlt-ss/knlt-daelustod-ss/daelustod__select-13.png	1599374
img/__knlt-ss/knlt-daelustod-ss/daelustod__select-14.png	352156
img/__knlt-ss/knlt-dagga-dagga-ss/IMG_2060.jpg	778429
img/__knlt-ss/knlt-dagga-dagga-ss/IMG_2061.jpg	808268
img/__knlt-ss/knlt-dagga-dagga-ss/IMG_2062.jpg	773539
img/__knlt-ss/knlt-dagga-dagga-ss/IMG_2063.jpg	806239
img/__knlt-ss/knlt-dagga-dagga-ss/IMG_2064.jpg	793252
img/__knlt-ss/knlt-dagga-dagga-ss/IMG_2065.jpg	820904
img/__knlt-ss/knlt-dagga-dagga-ss/IMG_2066.jpg	816299
img/__knlt-ss/knlt-dagga-dagga-ss/IMG_2067.jpg	697850
img/__knlt-ss/knlt-dagga-dagga-ss/IMG_2068.jpg	726416
img/__knlt-ss/knlt-dagga-dagga-ss/IMG_2069.jpg	688044
img/__knlt-ss/knlt-dagga-dagga-ss/IMG_2070.jpg	674355
img/__knlt-ss/knlt-dagga-dagga-ss/IMG_2071.jpg	683116
img/__knlt-ss/knlt-dagga-dagga-ss/IMG_2072.jpg	644556
img/__knlt-ss/knlt-dagga-dagga-ss/IMG_2073.jpg	822257
img/__knlt-ss/knlt-dagga-dagga-ss/IMG_2074.jpg	801812
img/__knlt-ss/knlt-dagga-dagga-ss/IMG_2075.jpg	800169
img/__knlt-ss/knlt-dagga-dagga-ss/IMG_2076.jpg	839602
img/__knlt-ss/knlt-dagga-dagga-ss/IMG_2077.jpg	765103
img/__knlt-ss/knlt-dagga-dagga-ss/IMG_2078.jpg	780447
img/__knlt-ss/knlt-dagga-dagga-ss/IMG_2079.jpg	818849
img/__knlt-ss/knlt-dagga-dagga-ss/IMG_2080.jpg	702151
img/__knlt-ss/knlt-dagga-dagga-ss/IMG_2081.jpg	662577
img/__knlt-ss/knlt-invaders-ss/.DS_Store	6148
img/__knlt-ss/knlt-invaders-ss/KNLT-mv-stills/KNLT-mv-resize/Konsulat 1.jpg	113910
img/__knlt-ss/knlt-invaders-ss/KNLT-mv-stills/KNLT-mv-resize/Konsulat 10.jpg	50879
img/__knlt-ss/knlt-invaders-ss/KNLT-mv-stills/KNLT-mv-resize/Konsulat 11.jpg	62942
img/__knlt-ss/knlt-invaders-ss/KNLT-mv-stills/KNLT-mv-resize/Konsulat 12.jpg	67210
img/__knlt-ss/knlt-invaders-ss/KNLT-mv-stills/KNLT-mv-resize/Konsulat 2.jpg	85902
img/__knlt-ss/knlt-invaders-ss/KNLT-mv-stills/KNLT-mv-resize/Konsulat 3.jpg	39160
img/__knlt-ss/knlt-invaders-ss/KNLT-mv-stills/KNLT-mv-resize/Konsulat 4.jpg	97889
img/__knlt-ss/knlt-invaders-ss/KNLT-mv-stills/KNLT-mv-resize/Konsulat 5.jpg	57951
img/__knlt-ss/knlt-invaders-ss/KNLT-mv-stills/KNLT-mv-resize/Konsulat 6.jpg	35176
img/__knlt-ss/knlt-invaders-ss/KNLT-mv-stills/KNLT-mv-resize/Konsulat 7.jpg	38001
img/__knlt-ss/knlt-invaders-ss/KNLT-mv-stills/KNLT-mv-resize/Konsulat 8.jpg	49764
img/__knlt-ss/knlt-invaders-ss/KNLT-mv-stills/KNLT-mv-resize/Konsulat 9.jpg	80807
img/__knlt-ss/knlt-invaders-ss/KNLT-mv-stills/Konsulat 1.jpg	1012303
img/__knlt-ss/knlt-invaders-ss/KNLT-mv-stills/Konsulat 10.png	1672748
img/__knlt-ss/knlt-invaders-ss/KNLT-mv-stills/Konsulat 11.png	1545104
img/__knlt-ss/knlt-invaders-ss/KNLT-mv-stills/Konsulat 12.png	1959299
img/__knlt-ss/knlt-invaders-ss/KNLT-mv-stills/Konsulat 2.png	2519074
img/__knlt-ss/knlt-invaders-ss/KNLT-mv-stills/Konsulat 3.png	1050896
img/__knlt-ss/knlt-invaders-ss/KNLT-mv-stills/Konsulat 4.png	3064373
img/__knlt-ss/knlt-invaders-ss/KNLT-mv-stills/Konsulat 5.png	2035261
img/__knlt-ss/knlt-invaders-ss/KNLT-mv-stills/Konsulat 6.png	1092806
img/__knlt-ss/knlt-invaders-ss/KNLT-mv-stills/Konsulat 7.png	1385432
img/__knlt-ss/knlt-invaders-ss/KNLT-mv-stills/Konsulat 8.png	1831553
img/__knlt-ss/knlt-invaders-ss/KNLT-mv-stills/Konsulat 9.png	3089280
img/__knlt-ss/knlt-invaders-ss/PS/Konsulat – Invaders.psd	11652649
img/__knlt-ss/knlt-invaders-ss/all/Screen Shot 2016-10-04 at 21.13.55.png	1064087
img/__knlt-ss/knlt-invaders-ss/all/Screen Shot 2016-10-06 at 10.42.22.png	1625428
img/__knlt-ss/knlt-invaders-ss/all/Screen Shot 2016-10-06 at 10.42.59.png	2794582
img/__knlt-ss/knlt-invaders-ss/all/Screen Shot 2016-10-06 at 10.43.09.png	2669035
img/__knlt-ss/knlt-invaders-ss/all/Screen Shot 2016-10-06 at 10.43.57.png	2402656
img/__knlt-ss/knlt-invaders-ss/all/Screen Shot 2016-10-06 at 10.44.02.png	2286391
img/__knlt-ss/knlt-invaders-ss/all/Screen Shot 2016-10-06 at 10.44.27.png	859171
img/__knlt-ss/knlt-invaders-ss/all/Screen Shot 2016-10-06 at 10.44.52.png	2967456
img/__knlt-ss/knlt-invaders-ss/all/Screen Shot 2016-10-06 at 10.45.27.png	1198375
img/__knlt-ss/knlt-invaders-ss/all/Screen Shot 2016-10-06 at 10.46.11.png	1573562
img/__knlt-ss/knlt-invaders-ss/all/Screen Shot 2016-10-06 at 10.46.13.png	1663914
img/__knlt-ss/knlt-invaders-ss/all/Screen Shot 2016-10-06 at 10.47.09.png	2093734
img/__knlt-ss/knlt-invaders-ss/all/Screen Shot 2016-10-06 at 10.47.13.png	2596041
img/__knlt-ss/knlt-invaders-ss/all/Screen Shot 2016-10-06 at 10.47.25.png	2631319
img/__knlt-ss/knlt-invaders-ss/all/Screen Shot 2016-10-06 at 10.48.45.png	1871298
img/__knlt-ss/knlt-invaders-ss/all/Screen Shot 2016-10-06 at 10.48.55.png	2950395
img/__knlt-ss/knlt-invaders-ss/all/Screen Shot 2016-10-06 at 10.49.26.png	2136635
img/__knlt-ss/knlt-invaders-ss/all/Screen Shot 2016-10-06 at 10.49.41.png	3957999
img/__knlt-ss/knlt-invaders-ss/all/Screen Shot 2016-10-06 at 10.49.47.png	3504948
img/__knlt-ss/knlt-invaders-ss/all/Screen Shot 2016-10-06 at 10.49.50.png	3814550
img/__knlt-ss/knlt-invaders-ss/all/Screen Shot 2016-10-06 at 10.50.05.png	2086720
img/__knlt-ss/knlt-invaders-ss/all/Screen Shot 2016-10-06 at 10.51.07.png	1243103
img/__knlt-ss/knlt-invaders-ss/all/Screen Shot 2016-10-06 at 10.51.21.png	2176288
img/__knlt-ss/knlt-invaders-ss/all/Screen Shot 2016-10-06 at 10.51.28.png	2778641
img/__knlt-ss/knlt-invaders-ss/all/Screen Shot 2016-10-06 at 10.51.40.png	1122104
img/__knlt-ss/knlt-invaders-ss/all/Screen Shot 2016-10-06 at 10.51.53.png	2253704
img/__knlt-ss/knlt-invaders-ss/all/Screen Shot 2016-10-06 at 10.52.04.png	1965581
img/__knlt-ss/knlt-invaders-ss/all/Screen Shot 2016-10-06 at 10.52.23.png	1973183
img/__knlt-ss/knlt-invaders-ss/all/Screen Shot 2016-10-06 at 10.52.33.png	4068502
img/__knlt-ss/knlt-invaders-ss/all/Screen Shot 2016-10-06 at 10.52.50.png	2689611
img/__knlt-ss/knlt-invaders-ss/all/Screen Shot 2016-10-06 at 10.53.11.png	2959545
img/__knlt-ss/knlt-invaders-ss/all/ss.png	1505059
img/__knlt-ss/knlt-invaders-ss/all/ss10.png	1522485
img/__knlt-ss/knlt-invaders-ss/all/ss11.png	1617632
img/__knlt-ss/knlt-invaders-ss/all/ss13.png	1831159
img/__knlt-ss/knlt-invaders-ss/all/ss14.png	2174676
img/__knlt-ss/knlt-invaders-ss/all/ss16.png	1289067
img/__knlt-ss/knlt-invaders-ss/all/ss2.png	3054510
img/__knlt-ss/knlt-invaders-ss/all/ss7.png	2541803
img/__knlt-ss/knlt-invaders-ss/all/ss9.png	2584994
img/__knlt-ss/knlt-invaders-ss/invaders-mv/invaders-01.jpg	1012303
img/__knlt-ss/knlt-invaders-ss/invaders-mv/invaders-02.png	2519074
img/__knlt-ss/knlt-invaders-ss/invaders-mv/invaders-03.png	1050896
img/__knlt-ss/knlt-invaders-ss/invaders-mv/invaders-04.png	3064373
img/__knlt-ss/knlt-invaders-ss/invaders-mv/invaders-05.png	2035261
img/__knlt-ss/knlt-invaders-ss/invaders-mv/invaders-06.png	1092806
img/__knlt-ss/knlt-invaders-ss/invaders-mv/invaders-07.png	1385432
img/__knlt-ss/knlt-invaders-ss/invaders-mv/invaders-08.png	1831553
img/__knlt-ss/knlt-invaders-ss/invaders-mv/invaders-09.png	3089280
img/__knlt-ss/knlt-invaders-ss/invaders-mv/invaders-10.png	1672748
img/__knlt-ss/knlt-invaders-ss/invaders-mv/invaders-11.png	1545104
img/__knlt-ss/knlt-invaders-ss/invaders-mv/invaders-12.png	1959299
img/__knlt-ss/knlt-invaders-ss/invaders-mv/invaders-thumb.jpg	315657
img/__knlt-ss/knlt-invaders-ss/knlt-invaders-ss/invaders__edit.psd	11652649
img/__knlt-ss/knlt-invaders-ss/knlt-invaders-ss/invaders__select-01.png	1505059
img/__knlt-ss/knlt-invaders-ss/knlt-invaders-ss/invaders__select-02.png	3054510
img/__knlt-ss/knlt-invaders-ss/knlt-invaders-ss/invaders__select-03.png	2541803
img/__knlt-ss/knlt-invaders-ss/knlt-invaders-ss/invaders__select-04.png	2584994
img/__knlt-ss/knlt-invaders-ss/knlt-invaders-ss/invaders__select-05.png	1522485
img/__knlt-ss/knlt-invaders-ss/knlt-invaders-ss/invaders__select-06.png	1617632
img/__knlt-ss/knlt-invaders-ss/knlt-invaders-ss/invaders__select-07.png	1831159
img/__knlt-ss/knlt-invaders-ss/knlt-invaders-ss/invaders__select-08.png	2174676
img/__knlt-ss/knlt-invaders-ss/knlt-invaders-ss/invaders__select-09.png	1289067
img/__knlt-ss/knlt-invaders-ss/knlt-invaders-ss/invaders__select-10.jpg	1012303
img/__knlt-ss/knlt-invaders-ss/knlt-invaders-ss/invaders__select-11.png	2519074
img/__knlt-ss/knlt-invaders-ss/knlt-invaders-ss/invaders__select-12.png	1050896
img/__knlt-ss/knlt-invaders-ss/knlt-invaders-ss/invaders__select-13.png	3064373
img/__knlt-ss/knlt-invaders-ss/knlt-invaders-ss/invaders__select-14.png	2035261
img/__knlt-ss/knlt-invaders-ss/knlt-invaders-ss/invaders__select-15.png	1092806
img/__knlt-ss/knlt-invaders-ss/knlt-invaders-ss/invaders__select-16.png	1385432
img/__knlt-ss/knlt-invaders-ss/knlt-invaders-ss/invaders__select-17.png	1831553
img/__knlt-ss/knlt-invaders-ss/knlt-invaders-ss/invaders__select-18.png	3089280
img/__knlt-ss/knlt-invaders-ss/knlt-invaders-ss/invaders__select-19.png	1672748
img/__knlt-ss/knlt-invaders-ss/knlt-invaders-ss/invaders__select-20.png	1545104
img/__knlt-ss/knlt-invaders-ss/knlt-invaders-ss/invaders__select-21.png	1959299
img/__knlt-ss/knlt-invaders-ss/knlt-invaders-ss/invaders__ss-01.png	1064087
img/__knlt-ss/knlt-invaders-ss/knlt-invaders-ss/invaders__ss-02.png	1625428
img/__knlt-ss/knlt-invaders-ss/knlt-invaders-ss/invaders__ss-03.png	2794582
img/__knlt-ss/knlt-invaders-ss/knlt-invaders-ss/invaders__ss-04.png	2669035
img/__knlt-ss/knlt-invaders-ss/knlt-invaders-ss/invaders__ss-05.png	2402656
img/__knlt-ss/knlt-invaders-ss/knlt-invaders-ss/invaders__ss-06.png	2286391
img/__knlt-ss/knlt-invaders-ss/knlt-invaders-ss/invaders__ss-07.png	859171
img/__knlt-ss/knlt-invaders-ss/knlt-invaders-ss/invaders__ss-08.png	2967456
img/__knlt-ss/knlt-invaders-ss/knlt-invaders-ss/invaders__ss-09.png	1198375
img/__knlt-ss/knlt-invaders-ss/knlt-invaders-ss/invaders__ss-10.png	1573562
img/__knlt-ss/knlt-invaders-ss/knlt-invaders-ss/invaders__ss-11.png	1663914
img/__knlt-ss/knlt-invaders-ss/knlt-invaders-ss/invaders__ss-12.png	2093734
img/__knlt-ss/knlt-invaders-ss/knlt-invaders-ss/invaders__ss-13.png	2596041
img/__knlt-ss/knlt-invaders-ss/knlt-invaders-ss/invaders__ss-14.png	2631319
img/__knlt-ss/knlt-invaders-ss/knlt-invaders-ss/invaders__ss-15.png	1871298
img/__knlt-ss/knlt-invaders-ss/knlt-invaders-ss/invaders__ss-16.png	2950395
img/__knlt-ss/knlt-invaders-ss/knlt-invaders-ss/invaders__ss-17.png	2136635
img/__knlt-ss/knlt-invaders-ss/knlt-invaders-ss/invaders__ss-18.png	3957999
img/__knlt-ss/knlt-invaders-ss/knlt-invaders-ss/invaders__ss-19.png	3504948
img/__knlt-ss/knlt-invaders-ss/knlt-invaders-ss/invaders__ss-20.png	3814550
img/__knlt-ss/knlt-invaders-ss/knlt-invaders-ss/invaders__ss-21.png	2086720
img/__knlt-ss/knlt-invaders-ss/knlt-invaders-ss/invaders__ss-22.png	1243103
img/__knlt-ss/knlt-invaders-ss/knlt-invaders-ss/invaders__ss-23.png	2176288
img/__knlt-ss/knlt-invaders-ss/knlt-invaders-ss/invaders__ss-24.png	2778641
img/__knlt-ss/knlt-invaders-ss/knlt-invaders-ss/invaders__ss-25.png	1122104
img/__knlt-ss/knlt-invaders-ss/knlt-invaders-ss/invaders__ss-26.png	2253704
img/__knlt-ss/knlt-invaders-ss/knlt-invaders-ss/invaders__ss-27.png	1965581
img/__knlt-ss/knlt-invaders-ss/knlt-invaders-ss/invaders__ss-28.png	1973183
img/__knlt-ss/knlt-invaders-ss/knlt-invaders-ss/invaders__ss-29.png	4068502
img/__knlt-ss/knlt-invaders-ss/knlt-invaders-ss/invaders__ss-30.png	2689611
img/__knlt-ss/knlt-invaders-ss/knlt-invaders-ss/invaders__ss-31.png	2959545
img/__knlt-ss/knlt-invaders-ss/select/Konsulat 1.jpg	1012303
img/__knlt-ss/knlt-invaders-ss/select/Konsulat 10.png	1672748
img/__knlt-ss/knlt-invaders-ss/select/Konsulat 11.png	1545104
img/__knlt-ss/knlt-invaders-ss/select/Konsulat 12.png	1959299
img/__knlt-ss/knlt-invaders-ss/select/Konsulat 2.png	2519074
img/__knlt-ss/knlt-invaders-ss/select/Konsulat 3.png	1050896
img/__knlt-ss/knlt-invaders-ss/select/Konsulat 4.png	3064373
img/__knlt-ss/knlt-invaders-ss/select/Konsulat 5.png	2035261
img/__knlt-ss/knlt-invaders-ss/select/Konsulat 6.png	1092806
img/__knlt-ss/knlt-invaders-ss/select/Konsulat 7.png	1385432
img/__knlt-ss/knlt-invaders-ss/select/Konsulat 8.png	1831553
img/__knlt-ss/knlt-invaders-ss/select/Konsulat 9.png	3089280
img/__knlt-ss/knlt-maera-globb/.DS_Store	6148
img/__knlt-ss/knlt-maera-globb/knlt-maera-globb-01.png	7122846
img/__knlt-ss/knlt-maera-globb/knlt-maera-globb-02.png	756125
img/__knlt-ss/knlt-motorsport-ss/motorsport__0001.png	4989307
img/__knlt-ss/knlt-motorsport-ss/motorsport__0002.jpg	258909
img/__knlt-ss/knlt-motorsport-ss/motorsport__0003.jpg	196748
img/__knlt-ss/knlt-motorsport-ss/motorsport__0004.png	1089815
img/__knlt-ss/knlt-tuplease/.DS_Store	6148
img/__knlt-ss/knlt-tuplease/knlt-tuplease-song/Turtle and bear_290320.aif	102345598
img/__knlt-ss/knlt-tuplease/knlt-tuplease-ss/.DS_Store	6148
img/__knlt-ss/knlt-tuplease/knlt-tuplease-ss/short-north-klara.jpg	157369
img/__knlt-ss/knlt-tuplease/knlt-tuplease-ss/tuplese-01.png	807805
img/__knlt-ss/knlt-tuplease/knlt-tuplease-ss/tuplese-010.png	3937324
img/__knlt-ss/knlt-tuplease/knlt-tuplease-ss/tuplese-011.png	4379410
img/__knlt-ss/knlt-tuplease/knlt-tuplease-ss/tuplese-02.png	1612691
img/__knlt-ss/knlt-tuplease/knlt-tuplease-ss/tuplese-03.tiff	1294738
img/__knlt-ss/knlt-tuplease/knlt-tuplease-ss/tuplese-04.png	2637282
img/__knlt-ss/knlt-tuplease/knlt-tuplease-ss/tuplese-05.tiff	2248738
img/__knlt-ss/knlt-tuplease/knlt-tuplease-ss/tuplese-06.png	959545
img/__knlt-ss/knlt-tuplease/knlt-tuplease-ss/tuplese-07.tiff	920912
img/__knlt-ss/knlt-tuplease/knlt-tuplease-ss/tuplese-08.png	4018941
img/__knlt-ss/knlt-tuplease/knlt-tuplease-ss/tuplese-09.png	3978523
lobby/20260701-172912-photo.jpg	76752
sound/ae-sounds/01-ae-lp/01-sunday-driver.mp3	13845533
sound/ae-sounds/01-ae-lp/02-if-youre-lonely.mp3	11501837
sound/ae-sounds/01-ae-lp/03-give-me-up.mp3	14084818
sound/ae-sounds/01-ae-lp/04-lets-spin-together.mp3	13048288
sound/ae-sounds/01-ae-lp/05-slide-your-waist.mp3	8715094
sound/ae-sounds/01-ae-lp/06-take-it-home.mp3	8739122
sound/ae-sounds/01-ae-lp/07-soft-focus.mp3	19710549
sound/ae-sounds/01-ae-lp/08-fuck-me-up-and-knock-me-down.mp3	14878957
sound/ae-sounds/01-ae-lp/09-sorry.mp3	11067148
sound/ae-sounds/02-ae-lp-single/01-strawberry-letter-23-berlin-demo.mp3	15593536
sound/ae-sounds/02-ae-lp-single/02-strawberry-letter-23-orri-drums.mp3	15623633
sound/ae-sounds/03-ae-live-hhus/01-part-i.mp3	53853105
sound/ae-sounds/03-ae-live-hhus/02-part-ii.mp3	54761129
sound/ae-sounds/03-ae-live-hhus/03-part-iii.mp3	84432054
sound/ae-sounds/03-ae-live-hhus/04-full-set-v02.mp3	193310405
sound/ae-sounds/03-ae-live-hhus/04-full-set.mp3	192808862
sound/ae-sounds/04-ae-parametric-audio/01-swerve.mp3	9197275
sound/ae-sounds/04-ae-parametric-audio/02-no-time-sometimes.mp3	15795810
sound/ae-sounds/04-ae-parametric-audio/03-fast-lane.mp3	8553613
sound/ae-sounds/04-ae-parametric-audio/04-blunt-force-trauma.mp3	10908838
sound/ae-sounds/04-ae-parametric-audio/05-airlines.mp3	10734314
sound/ae-sounds/05-ae-russian-sounds/01-strawberry-queen.mp3	13494291
sound/ae-sounds/05-ae-russian-sounds/02-dance.mp3	12155758
sound/ae-sounds/05-ae-russian-sounds/03-i-hate-your-voice.mp3	12083672
sound/ae-sounds/05-ae-russian-sounds/04-half-half.mp3	12983323
sound/ae-sounds/05-ae-russian-sounds/05-hey-joe.mp3	20796021
sound/ae-sounds/06-ae-phasers/01-phasers-remake-with-2cp-v2-0-sophusion.mp3	28948166
sound/ae-sounds/06-ae-phasers/02-beem-pretend.mp3	11082479
sound/ae-sounds/06-ae-phasers/03-iron-man.mp3	20848092
sound/ae-sounds/06-ae-phasers/04-dalai-lamadur-sophusion.mp3	16930786
sound/ae-sounds/06-ae-phasers/05-shields-3.mp3	17190942
sound/ae-sounds/06-ae-phasers/06-uncarnate-lifeform.mp3	17783414
sound/ae-sounds/06-ae-phasers/07-in-n-out-cafe.mp3	19429125
sound/ae-sounds/06-ae-phasers/08-stable-center-stodumidstodin.mp3	21137543
sound/ae-sounds/06-ae-phasers/09-stable-center.mp3	20467746
sound/ae-sounds/06-ae-phasers/10-snidmati-til-sideldis-v2-0.mp3	13534864
sound/konsulat/01-knlt-invaders/01-invaders.mp3	14080556
sound/konsulat/01-knlt-invaders/02-andvaka.mp3	10466260
sound/konsulat/01-knlt-invaders/03-ils.mp3	12841309
sound/konsulat/01-knlt-invaders/04-casino.mp3	9741100
sound/konsulat/01-knlt-invaders/05-dobani.mp3	13959353
sound/konsulat/01-knlt-invaders/06-vp-taf.mp3	11662669
sound/konsulat/01-knlt-invaders/07-intellij.mp3	11402489
sound/konsulat/01-knlt-invaders/08-attention-workers.mp3	10281323
sound/konsulat/02-knlt-teque-etiquette/01-bonjo.mp3	16710094
sound/konsulat/02-knlt-teque-etiquette/02-deadline.mp3	9286102
sound/konsulat/02-knlt-teque-etiquette/03-jakuu.mp3	10831503
sound/konsulat/02-knlt-teque-etiquette/04-slow-down.mp3	15728939
sound/konsulat/02-knlt-teque-etiquette/05-teque.mp3	11685187
sound/konsulat/03-knlt-ormhole/01-happy-calm-focus.mp3	18674930
sound/konsulat/03-knlt-ormhole/02-endelich.mp3	18062612
sound/konsulat/03-knlt-ormhole/03-andfelagsmidlar.mp3	10319943
sound/konsulat/03-knlt-ormhole/04-ljosvakar.mp3	13327147
sound/konsulat/03-knlt-ormhole/05-whitney-houston-rocket.mp3	15915361
sound/konsulat/03-knlt-ormhole/06-wormhole-hail-satus-sophusion.mp3	12904072
sound/konsulat/04-knlt-vitaminkur/01-vor-zuruck.mp3	10815705
sound/konsulat/04-knlt-vitaminkur/02-hringbraut.mp3	16652495
sound/konsulat/04-knlt-vitaminkur/03-husvanur.mp3	9975599
sound/konsulat/04-knlt-vitaminkur/04-kit-kat-klub.mp3	15493698
sound/konsulat/04-knlt-vitaminkur/05-marathon.mp3	16971180
sound/konsulat/04-knlt-vitaminkur/06-ja-ja-ja-ja-ja.mp3	18067301
sound/konsulat/05-knlt-kolaport/01-dagga-dagga.mp3	17396527
sound/konsulat/05-knlt-kolaport/02-fine-motorskills.mp3	15752994
sound/konsulat/05-knlt-kolaport/03-kolaport.mp3	18921031
sound/konsulat/05-knlt-kolaport/04-balkan.mp3	8161808
sound/konsulat/05-knlt-kolaport/05-lifsblomid.mp3	13952650
sound/konsulat/05-knlt-kolaport/06-lifsblomid-ristilmix.mp3	12746057
sound/konsulat/05-knlt-kolaport/07-lifsblomid-daudablomid-remix.mp3	6287244
sound/konsulat/05-knlt-kolaport/08-lifsblomid-re-edit.mp3	13105479
sound/konsulat/06-knlt-rosir/01-hollustufjarki.mp3	13437682
sound/konsulat/06-knlt-rosir/02-globb.mp3	18817778
sound/konsulat/06-knlt-rosir/03-mobarley.mp3	11618434
sound/konsulat/06-knlt-rosir/04-langintes.mp3	19257684
sound/konsulat/06-knlt-rosir/05-ld5a.mp3	9678056
sound/konsulat/06-knlt-rosir/06-rip-alan-vega.mp3	7498406
sound/konsulat/06-knlt-rosir/07-tropi.mp3	2398259
sound/konsulat/07-knlt-no7/01-traznan.mp3	9946076
sound/konsulat/07-knlt-no7/02-arabba.mp3	12914630
sound/konsulat/07-knlt-no7/03-maera-globb.mp3	19192382
sound/konsulat/07-knlt-no7/04-tuplese.mp3	15605243
sound/konsulat/07-knlt-no7/05-motorsport.mp3	17392021
sound/konsulat/07-knlt-no7/06-letter-soup.mp3	15967826
sound/rafidn/01-rafidn-techneu/01-staff-meeting.mp3	21609402
sound/rafidn/01-rafidn-techneu/02-gueid.mp3	19816354
sound/rafidn/01-rafidn-techneu/03-capex.mp3	14181214
sound/rafidn/01-rafidn-techneu/04-mountain-hike.mp3	15185374
sound/rafidn/01-rafidn-techneu/05-peep-test.mp3	12101871
sound/rafidn/01-rafidn-techneu/06-computer-rythm.mp3	41318273
sound/rafidn/02-rafidn-samt-hress/01-godur-samt-hress.mp3	24412503
sound/two-step-horror/01-tsh-living-room/01-ambeth.mp3	14805710
sound/two-step-horror/01-tsh-living-room/02-wray.mp3	13232091
sound/two-step-horror/01-tsh-living-room/03-dusty-strands.mp3	14897668
sound/two-step-horror/01-tsh-living-room/04-king-bee.mp3	20213059
sound/two-step-horror/01-tsh-living-room/05-motel-613.mp3	8823672
sound/two-step-horror/01-tsh-living-room/06-hrepressed.mp3	16863118
sound/two-step-horror/01-tsh-living-room/07-song-for-you.mp3	13929046
sound/two-step-horror/01-tsh-living-room/08-mental-arithmetic.mp3	15844349
sound/two-step-horror/02-tsh-bad-sides-rejects/01-mute.mp3	13728522
sound/two-step-horror/02-tsh-bad-sides-rejects/02-psychedelic-slut.mp3	11300294
sound/two-step-horror/02-tsh-bad-sides-rejects/03-mental-arithmetic-reprise.mp3	10955487
sound/two-step-horror/02-tsh-bad-sides-rejects/04-strip.mp3	12898977
sound/two-step-horror/02-tsh-bad-sides-rejects/05-anyway.mp3	11019207
sound/two-step-horror/02-tsh-bad-sides-rejects/06-di.mp3	9463357
sound/two-step-horror/02-tsh-bad-sides-rejects/07-lenience.mp3	10499894
sound/two-step-horror/02-tsh-bad-sides-rejects/08-soft-focus.mp3	17427570
sound/two-step-horror/02-tsh-bad-sides-rejects/09-touch.mp3	12007679
sound/two-step-horror/03-tsh-nyctophilia/01-somebody-sleeping.mp3	4982099
sound/two-step-horror/03-tsh-nyctophilia/02-the-circle.mp3	7583990
sound/two-step-horror/03-tsh-nyctophilia/03-sinner-blues.mp3	6225306
sound/two-step-horror/03-tsh-nyctophilia/04-lonesome-town.mp3	3440452
sound/two-step-horror/03-tsh-nyctophilia/05-night-terror.mp3	5769690
sound/two-step-horror/03-tsh-nyctophilia/06-resonated.mp3	5686770
sound/two-step-horror/03-tsh-nyctophilia/07-try-again.mp3	7000207
sound/two-step-horror/03-tsh-nyctophilia/08-lullaby.mp3	6269194
sound/two-step-horror/03-tsh-nyctophilia/09-wonder.mp3	6128966
video/ae-sounds/ae-album-parametric-audio.mp4	510827115
video/ae-sounds/ae-album-russian-sounds.mp4	1031081390
video/ae-sounds/ae-dance-dance.mp4	686674561
video/ae-sounds/ae-fuck-me-up.mp4	396767524
video/ae-sounds/ae-if-youre-lonely.mp4	348003506
video/ae-sounds/ae-iron-man.mp4	141046978
video/ae-sounds/ae-live-hhus.mp4	867722421
video/ae-sounds/ae-live-shields-dillon.mp4	858647857
video/ae-sounds/ae-live-stqueen-dillon.mp4	648276592
video/ae-sounds/ae-phasers.mp4	920550809
video/ae-sounds/ae-shields.mp4	526802802
video/ae-sounds/ae-sunday-drive.mp4	349564731
video/ae-sounds/ae-whr.mp4	447629142
video/konsulat/knlt-arabba.mp4	400460479
video/konsulat/knlt-bonjo.mp4	11584706
video/konsulat/knlt-dagga-dagga.mp4	60537823
video/konsulat/knlt-dobani.mp4	61014020
video/konsulat/knlt-flottur-bangsi-gigi.mp4	316097634
video/konsulat/knlt-frabaer.mp4	438665347
video/konsulat/knlt-hcf.mp4	890892735
video/konsulat/knlt-hollustufjarki.mp4	87061230
video/konsulat/knlt-invaders-notation.mp4	39659452
video/konsulat/knlt-invaders.mp4	525175785
video/konsulat/knlt-jajajajaja-pepp.mp4	98864593
video/konsulat/knlt-jajajajaja.mp4	80985297
video/konsulat/knlt-lifsblomid.mp4	67054325
video/konsulat/knlt-live-sap-dillon.mp4	455565157
video/konsulat/knlt-maera-globb.mp4	606078014
video/konsulat/knlt-motorsport.mp4	559473252
video/konsulat/knlt-sap-20160207.mp4	367599360
video/konsulat/knlt-sap-20191023.mp4	1022510871
video/konsulat/knlt-tuplese.mp4	492153386
video/konsulat/knlt-whr.mp4	56965295
video/rafidn/rafidn-capex-short.mp4	16850661
video/rafidn/rafidn-capex.mp4	469507524
video/two-step-horror/tsh-birthday-delight.mp4	350787256
video/two-step-horror/tsh-circle.mp4	453054764
video/two-step-horror/tsh-dream-01.mp4	333571998
video/two-step-horror/tsh-dream-02.mp4	685020194
video/two-step-horror/tsh-dshym.mp4	721189891
video/two-step-horror/tsh-king-bee.mp4	724767360
video/two-step-horror/tsh-mental-arithmetic.mp4	694132206
video/two-step-horror/tsh-motel-613.mp4	289999106
video/two-step-horror/tsh-strip.mp4	459653339
video/two-step-horror/tsh-try-again.mp4	440765709
video/two-step-horror/tsh-when-i-feel-wide.mp4	435868433
